mode,policy,episode,steps,collision,arrived,near_miss,min_distance,reward
perfect_v2v,random,0,700,0,0,0,26.668926236016617,-760.8203426191819
perfect_v2v,random,1,700,0,0,0,41.30948051101807,-759.9425805627641
perfect_v2v,random,2,700,0,0,0,26.27850222647329,-814.4405336928075
perfect_v2v,random,3,700,0,0,0,37.45781673111127,-786.3663012635526
perfect_v2v,random,4,700,0,0,0,25.62339274778151,-738.2542796356702
perfect_v2v,random,5,700,0,0,0,31.824725271313707,-741.4678208563902
perfect_v2v,random,6,700,0,0,0,34.04666118097558,-751.8920358448146
perfect_v2v,random,7,700,0,0,0,29.392406680143935,-740.5327801037458
perfect_v2v,random,8,700,0,0,0,55.28245132344802,-760.1038301087979
perfect_v2v,random,9,700,0,0,0,16.026512919544093,-804.8037338545826
perfect_v2v,random,10,700,0,0,0,11.294118446848422,-805.1610346335596
perfect_v2v,random,11,700,0,0,0,39.31410421974446,-777.9440238927025
perfect_v2v,random,12,700,0,0,0,29.365296828308608,-820.682154394665
perfect_v2v,random,13,700,0,0,0,22.4625597613711,-809.647046657478
perfect_v2v,random,14,700,0,0,0,23.424610062260356,-748.7140550516493
perfect_v2v,random,15,700,0,0,0,37.242508680239155,-748.1036607390772
perfect_v2v,random,16,700,0,0,0,28.774172458466815,-762.8069310148386
perfect_v2v,random,17,700,0,0,0,35.01532525024976,-738.5331788671975
perfect_v2v,random,18,700,0,0,0,23.744240728665506,-815.369039753862
perfect_v2v,random,19,700,0,0,0,45.60785095362114,-754.5899956322953
perfect_v2v,random,20,700,0,0,0,53.69870862310063,-757.9482835379401
perfect_v2v,random,21,700,0,0,0,30.40029796791034,-786.9308693186745
perfect_v2v,random,22,700,0,0,0,39.91804964463171,-764.5658210120545
perfect_v2v,random,23,700,0,0,0,35.240851150410535,-750.8019541213345
perfect_v2v,random,24,700,0,0,0,33.28095637228238,-775.4214110842556
perfect_v2v,random,25,700,0,0,0,29.248820747543803,-794.6407031690406
perfect_v2v,random,26,700,0,0,0,17.273013792465964,-835.5031232500498
perfect_v2v,random,27,700,0,0,0,15.099931002097065,-814.0546393736086
perfect_v2v,random,28,639,0,1,0,27.62033825433099,-630.2622740544859
perfect_v2v,random,29,297,0,1,0,8.929587824348314,-343.7704141663517
perfect_v2v,random,30,700,0,0,0,30.269785914051305,-780.8495540971754
perfect_v2v,random,31,700,0,0,0,30.936300796421033,-735.2488094418367
perfect_v2v,random,32,700,0,0,0,33.23339395057277,-730.098645291835
perfect_v2v,random,33,700,0,0,0,22.202929617539315,-797.0353455215668
perfect_v2v,random,34,700,0,0,0,44.995562048932435,-758.7323864431246
perfect_v2v,random,35,700,0,0,0,36.50568138445353,-755.9273358968915
perfect_v2v,random,36,66,1,0,1,3.538955940719197,-294.38232495107616
perfect_v2v,random,37,700,0,0,0,46.2220022152386,-753.3197261521378
perfect_v2v,random,38,65,1,0,1,3.8475445236074504,-96.01434841405161
perfect_v2v,random,39,485,0,1,0,11.63435627475964,-521.730181303532
perfect_v2v,random,40,645,0,1,0,9.420349092085736,-707.3812601634475
perfect_v2v,random,41,700,0,0,0,32.25618500744586,-758.4747813658556
perfect_v2v,random,42,537,0,1,1,7.867865390055759,-506.4729633339474
perfect_v2v,random,43,62,1,0,1,4.411488216105638,-259.38017355176225
perfect_v2v,random,44,700,0,0,0,38.1976697661785,-769.0665303685003
perfect_v2v,random,45,700,0,0,0,46.89817504979526,-759.9437772846668
perfect_v2v,random,46,700,0,0,0,17.378335819082544,-768.2429104278359
perfect_v2v,random,47,700,0,0,0,43.87071781681164,-764.2691285468294
perfect_v2v,random,48,597,0,1,0,22.34980679761938,-627.523658752491
perfect_v2v,random,49,700,0,0,0,34.32541533942504,-776.5940515690239
perfect_v2v,random,50,700,0,0,0,31.65075433261629,-750.8424801530547
perfect_v2v,random,51,700,0,0,0,23.340851338082953,-745.6976118386755
perfect_v2v,random,52,700,0,0,0,37.823589078013306,-763.1569292136699
perfect_v2v,random,53,700,0,0,0,36.76557069639606,-759.8354939257248
perfect_v2v,random,54,700,0,0,0,20.04456095642075,-831.8545206587924
perfect_v2v,random,55,107,0,1,0,14.561905386508453,-78.13566017811627
perfect_v2v,random,56,700,0,0,0,45.49057407777052,-777.1506205851422
perfect_v2v,random,57,700,0,0,0,9.697613538095906,-749.0529759656733
perfect_v2v,random,58,140,0,1,0,25.57930346127157,-132.3352546533244
perfect_v2v,random,59,466,0,1,0,14.130167636370267,-508.10139052777015
perfect_v2v,random,60,700,0,0,0,22.823393021183,-809.401003169187
perfect_v2v,random,61,700,0,0,0,14.362691070365418,-824.4709466264799
perfect_v2v,random,62,700,0,0,0,30.40028787974868,-772.3222768494388
perfect_v2v,random,63,700,0,0,0,36.706163913301175,-746.9635984636927
perfect_v2v,random,64,528,0,1,0,20.22495566138131,-561.9427349481022
perfect_v2v,random,65,700,0,0,0,31.32241689232175,-790.7320999670081
perfect_v2v,random,66,700,0,0,0,33.904917967553736,-752.6960092863101
perfect_v2v,random,67,700,0,0,0,41.28867560072004,-773.3078795616628
perfect_v2v,random,68,700,0,0,0,34.49795541496841,-765.2864969114099
perfect_v2v,random,69,700,0,0,0,25.297449543903028,-792.770709763857
perfect_v2v,random,70,700,0,0,0,20.939114828767114,-825.8165891669971
perfect_v2v,random,71,700,0,0,0,30.831583564461923,-743.9083219009871
perfect_v2v,random,72,700,0,0,0,12.561889950938495,-739.9239361308121
perfect_v2v,random,73,700,0,0,0,31.77263867594858,-785.4040274843757
perfect_v2v,random,74,460,0,1,0,14.246103069747095,-487.180523230694
perfect_v2v,random,75,700,0,0,0,19.268387416459543,-809.4294191845961
perfect_v2v,random,76,700,0,0,0,30.65764493054288,-755.725557056282
perfect_v2v,random,77,700,0,0,0,14.587926706178418,-813.9052305320188
perfect_v2v,random,78,700,0,0,0,40.86802825857232,-775.4500725213283
perfect_v2v,random,79,700,0,0,0,27.255613138711187,-734.1654726348191
perfect_v2v,random,80,63,1,0,1,4.456694014744646,-211.94564035958433
perfect_v2v,random,81,72,1,0,1,3.640229452596255,-143.0481883807824
perfect_v2v,random,82,700,0,0,0,12.621226771617811,-777.079022785918
perfect_v2v,random,83,75,1,0,1,4.4229219793871035,-255.47793926717782
perfect_v2v,random,84,700,0,0,0,41.005390093789806,-744.0858818403482
perfect_v2v,random,85,700,0,0,0,25.583779454857655,-807.5895624248603
perfect_v2v,random,86,381,0,1,0,15.435418984560076,-387.40067579923556
perfect_v2v,random,87,443,0,1,0,17.783574967156138,-507.64022409578934
perfect_v2v,random,88,466,0,1,0,17.228193665601225,-497.60264630364225
perfect_v2v,random,89,297,0,1,0,20.775745679939742,-338.2706069411979
perfect_v2v,random,90,700,0,0,0,37.54690577483057,-779.5139299506931
perfect_v2v,random,91,700,0,0,0,28.081923461216366,-801.2218577958342
perfect_v2v,random,92,340,0,1,0,8.516830617331495,-354.0336715749007
perfect_v2v,random,93,53,1,0,1,3.5366964173984314,-83.65226726296633
perfect_v2v,random,94,700,0,0,0,31.847511776187858,-743.3925152518337
perfect_v2v,random,95,700,0,0,0,40.74605116950497,-746.7697755250282
perfect_v2v,random,96,700,0,0,0,16.31457287816342,-811.5068381682993
perfect_v2v,random,97,700,0,0,0,13.011087449432774,-809.350802160085
perfect_v2v,random,98,677,0,1,0,32.57477794537221,-678.9201378345562
perfect_v2v,random,99,700,0,0,0,29.684270930362747,-767.4572095021541
perfect_v2v,random,100,700,0,0,0,48.320076039598945,-760.3176422281374
perfect_v2v,random,101,700,0,0,0,14.056719763262796,-712.5427616513149
perfect_v2v,random,102,459,0,1,0,39.96647688892274,-435.0126949706521
perfect_v2v,random,103,700,0,0,0,37.52878146245775,-769.3473621447145
perfect_v2v,random,104,628,0,1,0,16.432440903917072,-670.691735113742
perfect_v2v,random,105,263,0,1,0,29.937717641676343,-200.04045207001903
perfect_v2v,random,106,62,1,0,1,3.5755696965883477,-205.40918195984068
perfect_v2v,random,107,129,0,1,0,8.662158100317788,-133.77619906224103
perfect_v2v,random,108,700,0,0,0,18.06997205413048,-803.0359400411473
perfect_v2v,random,109,700,0,0,0,37.19843914351921,-754.025966399295
perfect_v2v,random,110,59,1,0,1,3.224923024435453,-156.31374160255106
perfect_v2v,random,111,700,0,0,0,25.90722122916321,-799.1262099492698
perfect_v2v,random,112,700,0,0,0,35.69582367767005,-778.7414374845367
perfect_v2v,random,113,700,0,0,0,55.072263716317586,-761.6890874093468
perfect_v2v,random,114,63,1,0,1,4.356515382794933,-121.41716089901183
perfect_v2v,random,115,700,0,0,0,24.179313211669072,-756.8290297272313
perfect_v2v,random,116,700,0,0,0,31.94598385940309,-784.918642777491
perfect_v2v,random,117,700,0,0,0,38.46482637784136,-746.4460723230253
perfect_v2v,random,118,700,0,0,0,25.503361589555237,-788.927700976454
perfect_v2v,random,119,58,1,0,1,4.07586264201649,-226.9433052534622
perfect_v2v,random,120,700,0,0,0,23.952800188541385,-746.4636897237151
perfect_v2v,random,121,700,0,0,0,12.559235122493835,-787.7323059976535
perfect_v2v,random,122,700,0,0,0,21.548717713530756,-762.4406587582168
perfect_v2v,random,123,700,0,0,0,44.86119415809781,-760.274311105642
perfect_v2v,random,124,700,0,0,0,12.009607521384824,-815.389671141471
perfect_v2v,random,125,700,0,0,0,13.76324057754372,-793.217650880873
perfect_v2v,random,126,699,0,1,0,37.902999939394526,-695.5115535473146
perfect_v2v,random,127,700,0,0,0,29.77384091634757,-739.6667085645292
perfect_v2v,random,128,582,0,1,0,11.870229323244128,-630.1202404750144
perfect_v2v,random,129,700,0,0,0,32.43812990579926,-748.4070886652521
perfect_v2v,random,130,700,0,0,0,45.016517342981636,-765.831588836045
perfect_v2v,random,131,700,0,0,0,24.198416197248598,-780.5205052604169
perfect_v2v,random,132,700,0,0,0,34.488678855666556,-794.2525427285342
perfect_v2v,random,133,275,0,1,0,11.60399474107255,-260.33920461731674
perfect_v2v,random,134,700,0,0,0,30.94856648878245,-725.1369490418369
perfect_v2v,random,135,700,0,0,0,27.767749779492153,-764.1123126673303
perfect_v2v,random,136,688,0,1,0,21.42529792130611,-737.3956392446956
perfect_v2v,random,137,700,0,0,0,17.318787430205372,-784.8767983012423
perfect_v2v,random,138,700,0,0,0,25.406500208236878,-800.5954226692156
perfect_v2v,random,139,700,0,0,0,33.402149517219165,-743.1392587978517
perfect_v2v,random,140,700,0,0,0,41.5815625007752,-764.7752518690063
perfect_v2v,random,141,700,0,0,0,37.664949059499634,-754.1026060317345
perfect_v2v,random,142,700,0,0,0,55.39491425610919,-755.5051349068144
perfect_v2v,random,143,700,0,0,0,49.58170645289103,-753.2636063233186
perfect_v2v,random,144,700,0,0,0,27.533502048451364,-792.6539904478734
perfect_v2v,random,145,700,0,0,0,19.385389714147937,-784.8385704523045
perfect_v2v,random,146,618,0,1,0,16.296926382352844,-669.4401712739254
perfect_v2v,random,147,700,0,0,0,26.697471090288737,-764.1413481466453
perfect_v2v,random,148,700,0,0,0,19.42335060604684,-816.981528235129
perfect_v2v,random,149,595,0,1,0,13.817787888387405,-667.7352806520546
perfect_v2v,random,150,700,0,0,0,43.86223384331516,-786.4720018366584
perfect_v2v,random,151,700,0,0,0,44.593615849993796,-743.9598418631957
perfect_v2v,random,152,700,0,0,0,24.683503904954637,-757.5558861555745
perfect_v2v,random,153,700,0,0,0,25.384418486072597,-801.824728307856
perfect_v2v,random,154,700,0,0,0,21.301311509449025,-801.2485237257705
perfect_v2v,random,155,700,0,0,0,52.71953984579165,-759.7096700953139
perfect_v2v,random,156,700,0,0,0,31.38135317021607,-770.4166961079494
perfect_v2v,random,157,700,0,0,0,32.166258532991584,-809.3669517155474
perfect_v2v,random,158,447,0,1,0,20.445261355770064,-461.12020279669514
perfect_v2v,random,159,599,0,1,0,11.803916377583706,-626.9113056934176
perfect_v2v,random,160,700,0,0,0,38.56950638612915,-755.888050005953
perfect_v2v,random,161,700,0,0,0,34.123485140554465,-755.1860013002903
perfect_v2v,random,162,700,0,0,0,42.97157101940406,-765.0659826151482
perfect_v2v,random,163,173,0,1,0,11.021886964213381,-50.49227189082977
perfect_v2v,random,164,700,0,0,0,45.499718498665956,-761.1456791319649
perfect_v2v,random,165,700,0,0,0,25.945276592972764,-757.4655890521228
perfect_v2v,random,166,700,0,0,0,54.42154220135431,-751.8498613646808
perfect_v2v,random,167,700,0,0,0,28.476478053231073,-828.3159221327862
perfect_v2v,random,168,78,1,0,1,4.2146657995901045,-114.92984999137408
perfect_v2v,random,169,700,0,0,0,42.75970766353788,-752.3638190786661
perfect_v2v,random,170,700,0,0,0,23.497756545866807,-797.5348876265415
perfect_v2v,random,171,700,0,0,0,31.201723892352394,-757.5000141466687
perfect_v2v,random,172,700,0,0,0,25.760565031809776,-816.4087317081448
perfect_v2v,random,173,700,0,0,0,42.05205327948563,-771.5397964185205
perfect_v2v,random,174,58,1,0,1,3.352260868637039,-247.52960495704318
perfect_v2v,random,175,700,0,0,0,33.214367483830706,-768.9169359286346
perfect_v2v,random,176,700,0,0,0,48.6866977955893,-751.438399857587
perfect_v2v,random,177,700,0,0,0,27.560383365294012,-746.2179568340875
perfect_v2v,random,178,700,0,0,0,21.080104987165747,-777.9983494782442
perfect_v2v,random,179,700,0,0,0,29.02926668744155,-784.2063095369517
perfect_v2v,random,180,700,0,0,0,20.90527631487863,-783.8420867482206
perfect_v2v,random,181,242,0,1,0,10.170425354452604,-265.1210814793501
perfect_v2v,random,182,700,0,0,0,44.36169609607565,-755.078402539273
perfect_v2v,random,183,700,0,0,0,17.35405707719471,-808.64011412182
perfect_v2v,random,184,700,0,0,0,35.23481925428446,-783.6125459423957
perfect_v2v,random,185,700,0,0,0,50.41244919676334,-767.4595027640785
perfect_v2v,random,186,700,0,0,0,18.17331532520751,-821.037486603944
perfect_v2v,random,187,700,0,0,0,49.82481180623383,-776.8349426456045
perfect_v2v,random,188,700,0,0,0,41.17290475146755,-766.2633494363828
perfect_v2v,random,189,700,0,0,0,29.522962058780493,-787.0348117708173
perfect_v2v,random,190,700,0,0,0,10.805101083820293,-757.658171928774
perfect_v2v,random,191,700,0,0,0,43.63787951774191,-747.5407498905101
perfect_v2v,random,192,700,0,0,0,31.62846404874826,-747.000943522092
perfect_v2v,random,193,700,0,0,0,52.288054863656114,-757.9057867754221
perfect_v2v,random,194,373,0,1,0,25.277681276424296,-372.24031183016103
perfect_v2v,random,195,700,0,0,0,49.906706604572776,-763.1017439399482
perfect_v2v,random,196,700,0,0,0,20.543417562492543,-730.7368903305256
perfect_v2v,random,197,700,0,0,0,20.704394483723807,-784.967279440275
perfect_v2v,random,198,700,0,0,0,36.79953110588374,-747.2712838253518
perfect_v2v,random,199,700,0,0,0,22.90875194449934,-814.539480055311
perfect_v2v,hold,0,100,0,1,1,7.216323861413761,-56.99863161236989
perfect_v2v,hold,1,104,0,1,0,20.350521052200765,-35.081910777496105
perfect_v2v,hold,2,69,1,0,1,3.7804303466934157,-235.55721959876195
perfect_v2v,hold,3,121,0,1,1,4.896775744537401,-89.42133215945
perfect_v2v,hold,4,91,0,1,1,6.879013972613114,22.174800475214568
perfect_v2v,hold,5,95,0,1,0,8.084426946095652,-50.89756536161252
perfect_v2v,hold,6,103,0,1,1,5.312930822346507,-67.06502946703834
perfect_v2v,hold,7,100,0,1,0,8.949189757776587,-57.0099092685393
perfect_v2v,hold,8,111,0,1,0,21.712587868603425,-39.214717275904334
perfect_v2v,hold,9,93,0,1,1,4.83670990446788,21.636604096946346
perfect_v2v,hold,10,91,0,1,0,11.443173335569103,22.685985477119434
perfect_v2v,hold,11,119,0,1,0,12.671293025750227,-67.38235567430306
perfect_v2v,hold,12,114,0,1,0,24.026158274541974,-37.27590562784346
perfect_v2v,hold,13,57,1,0,1,3.853317138464181,-209.31108481722003
perfect_v2v,hold,14,61,1,0,1,4.434351050204733,-129.28135360831985
perfect_v2v,hold,15,98,0,1,0,12.418808436531815,-44.96691737575114
perfect_v2v,hold,16,102,0,1,0,10.801466935820075,-53.04631743302235
perfect_v2v,hold,17,94,0,1,1,6.509952305358764,21.626482775010068
perfect_v2v,hold,18,108,0,1,0,16.33934393908495,-47.161833113859615
perfect_v2v,hold,19,108,0,1,0,19.706874035411605,-39.14018690102661
perfect_v2v,hold,20,113,0,1,0,15.758880269467285,-51.25086232498025
perfect_v2v,hold,21,58,1,0,1,4.054616651745194,-213.34457245539915
perfect_v2v,hold,22,110,0,1,0,9.326854992484172,-63.18065458769172
perfect_v2v,hold,23,98,0,1,0,12.343250067808967,-44.965809515291795
perfect_v2v,hold,24,111,0,1,1,7.230612154308038,-71.21123610847728
perfect_v2v,hold,25,118,0,1,1,6.374315413669682,-79.35147791083426
perfect_v2v,hold,26,105,0,1,0,8.341950951327009,-61.093187640663075
perfect_v2v,hold,27,98,0,1,1,6.00695496617326,-58.962268035216624
perfect_v2v,hold,28,94,0,1,1,5.135208306918052,-56.86748266195532
perfect_v2v,hold,29,123,0,1,0,15.478298308278937,-63.45338498832166
perfect_v2v,hold,30,115,0,1,0,16.33249015028442,-53.28594178801298
perfect_v2v,hold,31,92,0,1,0,11.398353248225382,22.153010894015157
perfect_v2v,hold,32,118,0,1,0,16.573204950450982,-57.35201525292345
perfect_v2v,hold,33,65,1,0,1,3.984296742447084,-225.47142620961023
perfect_v2v,hold,34,125,0,1,0,26.57110804150521,50.50079522105412
perfect_v2v,hold,35,67,1,0,1,3.9656304300276535,-231.52187515949146
perfect_v2v,hold,36,117,0,1,1,5.3867604900667825,-83.33484698961257
perfect_v2v,hold,37,98,0,1,0,13.43861623121763,-42.95629269696116
perfect_v2v,hold,38,65,1,0,1,4.312590062009257,-227.4455484140517
perfect_v2v,hold,39,105,0,1,0,13.342583441004951,-49.08309078197982
perfect_v2v,hold,40,59,1,0,1,4.434729375753078,-215.36159251783644
perfect_v2v,hold,41,91,0,1,0,10.864527985848095,-40.81561344704069
perfect_v2v,hold,42,62,1,0,1,4.296520764494491,-129.80277133796565
perfect_v2v,hold,43,60,1,0,1,4.350316324701112,-217.39453769760615
perfect_v2v,hold,44,120,0,1,0,10.344446034716725,-73.38398116174858
perfect_v2v,hold,45,62,1,0,1,3.7961096457257177,-221.42037468729166
perfect_v2v,hold,46,92,0,1,1,4.622245412025673,22.155135896116608
perfect_v2v,hold,47,97,0,1,0,8.780321261613187,-50.93235528173729
perfect_v2v,hold,48,109,0,1,0,11.017043968251864,-59.16603277241455
perfect_v2v,hold,49,110,0,1,0,13.095625886180828,-55.18430937320261
perfect_v2v,hold,50,96,0,1,0,8.37724602068488,-50.90187050499962
perfect_v2v,hold,51,56,1,0,1,3.490398442176297,-209.28239104836922
perfect_v2v,hold,52,101,0,1,1,6.602565251780321,-61.008867563389856
perfect_v2v,hold,53,125,0,1,0,22.732773650595103,-49.49075442567029
perfect_v2v,hold,54,115,0,1,0,18.47983795190747,-47.30054902951075
perfect_v2v,hold,55,94,0,1,0,13.050168522868205,-38.88496525061106
perfect_v2v,hold,56,97,0,1,0,15.01764701670992,20.553197767646406
perfect_v2v,hold,57,62,1,0,1,3.1338020712408037,-221.35535197863226
perfect_v2v,hold,58,112,0,1,0,21.229987694978764,-41.22671702531679
perfect_v2v,hold,59,102,0,1,0,17.452569502547043,-39.0261203549574
perfect_v2v,hold,60,111,0,1,1,6.618926593591141,-71.21755629378774
perfect_v2v,hold,61,109,0,1,0,12.466842908361633,-57.179848743512835
perfect_v2v,hold,62,101,0,1,1,6.3433241098063675,-63.0150526398167
perfect_v2v,hold,63,103,0,1,0,19.573215580029604,-35.04357027903957
perfect_v2v,hold,64,91,0,1,1,7.462216898258298,-46.82482165683216
perfect_v2v,hold,65,123,0,1,0,17.710919318936828,-59.456495092224884
perfect_v2v,hold,66,92,0,1,0,10.738017955112289,-40.82902608423508
perfect_v2v,hold,67,66,1,0,1,3.7180966811222214,-229.48145714406087
perfect_v2v,hold,68,105,0,1,0,11.886229313117731,-55.10040826191333
perfect_v2v,hold,69,62,1,0,1,4.031001786990233,-221.41613393707377
perfect_v2v,hold,70,109,0,1,0,16.20431287694482,-49.173254112481274
perfect_v2v,hold,71,114,0,1,0,8.623956412625484,-71.27309684271634
perfect_v2v,hold,72,94,0,1,1,4.581343722559835,21.620020636538253
perfect_v2v,hold,73,105,0,1,1,6.732280424537028,-65.09215202861441
perfect_v2v,hold,74,58,1,0,1,3.0093497151105937,-213.2825962115103
perfect_v2v,hold,75,70,1,0,1,4.054179157866692,-237.58271559015702
perfect_v2v,hold,76,95,0,1,0,8.868653653165522,-50.89636644613668
perfect_v2v,hold,77,96,0,1,1,7.5316195330903914,-52.90322973460948
perfect_v2v,hold,78,108,0,1,0,16.304388560892228,-47.141743836181135
perfect_v2v,hold,79,92,0,1,0,15.650340821817824,22.167364645612373
perfect_v2v,hold,80,59,1,0,1,4.2060675118700805,-215.35792162670788
perfect_v2v,hold,81,70,1,0,1,4.17390583297412,-133.4364433559716
perfect_v2v,hold,82,90,0,1,0,10.393602608928688,-40.79161744996169
perfect_v2v,hold,83,70,1,0,1,3.375298711911292,-237.51440715453077
perfect_v2v,hold,84,97,0,1,1,7.5994901434975635,-54.94129826300383
perfect_v2v,hold,85,123,0,1,0,15.649660084738581,-63.460088912693564
perfect_v2v,hold,86,65,1,0,1,3.8164719349058913,-131.36585995164523
perfect_v2v,hold,87,102,0,1,0,16.205107054029064,-41.04259456506959
perfect_v2v,hold,88,116,0,1,0,14.049791571579142,-61.3123051779922
perfect_v2v,hold,89,102,0,1,0,8.055821427772798,-59.03772648330121
perfect_v2v,hold,90,109,0,1,0,12.893056966171608,-57.18196537385815
perfect_v2v,hold,91,113,0,1,0,14.723470738353402,-57.247629096395315
perfect_v2v,hold,92,63,1,0,1,3.662432710165935,-223.39436557091048
perfect_v2v,hold,93,55,1,0,1,3.5444890643590656,-207.27312178889912
perfect_v2v,hold,94,115,0,1,0,14.582340364336794,-59.28170413907711
perfect_v2v,hold,95,103,0,1,0,18.154336140204727,-39.06180578796297
perfect_v2v,hold,96,97,0,1,1,7.407881116875455,-54.943997829092936
perfect_v2v,hold,97,60,1,0,1,3.8278963347904793,-217.3820915429991
perfect_v2v,hold,98,91,0,1,0,13.25555264684587,-34.824681612565584
perfect_v2v,hold,99,104,0,1,0,8.351499745782021,-61.08763686900629
perfect_v2v,hold,100,94,0,1,1,7.044414012429536,-52.88252840028798
perfect_v2v,hold,101,91,0,1,1,7.165399360691749,22.17521208484744
perfect_v2v,hold,102,118,0,1,0,10.819707897355775,-71.35229794593153
perfect_v2v,hold,103,112,0,1,0,9.38583074973205,-65.22280474721052
perfect_v2v,hold,104,94,0,1,0,9.815446920612716,-44.87932933551623
perfect_v2v,hold,105,100,0,1,0,19.686303657247773,-32.99745915494532
perfect_v2v,hold,106,58,1,0,1,4.2752639512221196,-127.73442642149045
perfect_v2v,hold,107,61,1,0,1,4.339795184767751,-215.3864433104253
perfect_v2v,hold,108,94,0,1,0,9.93684518012093,-44.86376871988864
perfect_v2v,hold,109,103,0,1,0,9.665231020284326,-57.059567589860094
perfect_v2v,hold,110,58,1,0,1,3.698920771303622,-213.26283433354155
perfect_v2v,hold,111,118,0,1,1,6.248869831471508,-81.35940756499417
perfect_v2v,hold,112,120,0,1,0,17.00377754366657,-59.39095722354057
perfect_v2v,hold,113,122,0,1,0,12.686916079153137,-67.43401647174426
perfect_v2v,hold,114,62,1,0,1,3.9017867453813886,-129.82974862644716
perfect_v2v,hold,115,98,0,1,1,5.421423224729802,-60.957982831875725
perfect_v2v,hold,116,117,0,1,0,14.496953430886814,-63.34404902872548
perfect_v2v,hold,117,93,0,1,1,7.7703297401071305,21.640810386497293
perfect_v2v,hold,118,92,0,1,0,11.904592780308873,-38.82294952645573
perfect_v2v,hold,119,56,1,0,1,3.614428120544197,-209.27510506913012
perfect_v2v,hold,120,61,1,0,1,3.9989985071734844,-128.76824486185728
perfect_v2v,hold,121,66,1,0,1,4.219677648360441,-130.8451229352966
perfect_v2v,hold,122,60,1,0,1,3.814652743393003,-128.79652030039
perfect_v2v,hold,123,61,1,0,1,3.8347281913610702,-219.36696532676893
perfect_v2v,hold,124,58,1,0,1,4.135139162769351,-213.34230949599805
perfect_v2v,hold,125,57,1,0,1,3.7630064913924146,-209.31809947761627
perfect_v2v,hold,126,125,0,1,0,29.775253707663683,50.50335200083309
perfect_v2v,hold,127,122,0,1,0,11.930083855427487,-71.44343883492061
perfect_v2v,hold,128,99,0,1,1,5.10339698264603,-62.98784411368153
perfect_v2v,hold,129,69,1,0,1,3.621215440187077,-133.4771182724348
perfect_v2v,hold,130,65,1,0,1,3.232256698225866,-227.4655045245563
perfect_v2v,hold,131,100,0,1,1,6.4132885637991475,-60.98960106085343
perfect_v2v,hold,132,119,0,1,0,16.452350830490282,-59.36646121966956
perfect_v2v,hold,133,55,1,0,1,3.546896530448555,-207.27848158257106
perfect_v2v,hold,134,56,1,0,1,3.609208543117365,-209.26864652845705
perfect_v2v,hold,135,68,1,0,1,4.344463211962191,-131.87937691614636
perfect_v2v,hold,136,119,0,1,0,10.173437817144938,-71.38363367870146
perfect_v2v,hold,137,59,1,0,1,3.2242407018802264,-215.29016423368802
perfect_v2v,hold,138,102,0,1,0,10.762245495475876,-53.040302669212934
perfect_v2v,hold,139,108,0,1,0,15.402457495633929,-47.14390155790899
perfect_v2v,hold,140,60,1,0,1,4.30001554250623,-215.3858600037164
perfect_v2v,hold,141,97,0,1,0,19.610212187155305,-28.937429138790947
perfect_v2v,hold,142,124,0,1,1,5.292364906824348,-91.48167989047366
perfect_v2v,hold,143,108,0,1,0,17.626412484971734,-45.14743753190004
perfect_v2v,hold,144,61,1,0,1,4.468298229977095,-129.30336918016044
perfect_v2v,hold,145,101,0,1,1,5.065885930195634,18.976605334324546
perfect_v2v,hold,146,58,1,0,1,3.705303187767103,-213.33396418781388
perfect_v2v,hold,147,55,1,0,1,3.445843078284572,-207.27105010440837
perfect_v2v,hold,148,61,1,0,1,3.453485102587722,-219.3928292334101
perfect_v2v,hold,149,122,0,1,0,13.807940986899979,-65.42071894704831
perfect_v2v,hold,150,125,0,1,0,20.94154275877668,-55.49825983875523
perfect_v2v,hold,151,64,1,0,1,3.6204407390194793,-225.4505630840818
perfect_v2v,hold,152,115,0,1,0,13.766146190905884,-59.304837811316546
perfect_v2v,hold,153,91,0,1,1,7.252702327790309,-46.832005538568836
perfect_v2v,hold,154,102,0,1,0,13.311090008595285,-47.02990228349243
perfect_v2v,hold,155,112,0,1,0,18.790245876096265,-45.224087095409104
perfect_v2v,hold,156,119,0,1,0,8.705011443379908,-75.37085786592571
perfect_v2v,hold,157,114,0,1,0,19.76261634359582,-45.26259810598546
perfect_v2v,hold,158,55,1,0,1,4.129413630789599,-205.28160224725013
perfect_v2v,hold,159,95,0,1,1,5.9576077552515825,-54.893109168443104
perfect_v2v,hold,160,103,0,1,0,10.278711168379717,-55.04893575758429
perfect_v2v,hold,161,106,0,1,0,15.875061266871159,-45.10764151700464
perfect_v2v,hold,162,122,0,1,1,7.3470809786661775,-83.43269259459669
perfect_v2v,hold,163,95,0,1,0,9.229968487311691,21.10391294047686
perfect_v2v,hold,164,122,0,1,0,13.974689946216932,-65.43115641138205
perfect_v2v,hold,165,106,0,1,1,5.638414180850526,-69.11361684155868
perfect_v2v,hold,166,98,0,1,1,6.711950403885734,20.054963869156495
perfect_v2v,hold,167,120,0,1,0,16.284564995053252,-59.39187650304288
perfect_v2v,hold,168,73,1,0,1,4.458593385453566,-135.52522077115503
perfect_v2v,hold,169,105,0,1,0,13.361287034716254,-51.108262178616485
perfect_v2v,hold,170,96,0,1,1,6.25867844914757,-56.901874326082094
perfect_v2v,hold,171,121,0,1,0,18.99667826319218,-55.40192652743502
perfect_v2v,hold,172,118,0,1,0,20.03373524363738,-49.34079835609097
perfect_v2v,hold,173,122,0,1,0,18.33789554807445,-55.43665527393439
perfect_v2v,hold,174,56,1,0,1,3.962075099708243,-209.29384337960312
perfect_v2v,hold,175,103,0,1,0,13.00310054694255,-47.04043621436571
perfect_v2v,hold,176,92,0,1,0,13.824526308883485,22.157924684437823
perfect_v2v,hold,177,64,1,0,1,3.565794569239033,-225.45406844033062
perfect_v2v,hold,178,59,1,0,1,3.1315200608525027,-215.34437120947544
perfect_v2v,hold,179,56,1,0,1,3.437515086622103,-209.2952592888758
perfect_v2v,hold,180,102,0,1,0,8.591195256873712,-59.03745576138407
perfect_v2v,hold,181,96,0,1,1,5.198482065361002,-56.902958910454956
perfect_v2v,hold,182,118,0,1,0,9.861702915930604,-71.34557431876256
perfect_v2v,hold,183,91,0,1,1,5.094168960547339,-52.817950195921696
perfect_v2v,hold,184,125,0,1,0,12.940788896204191,-73.4828327127136
perfect_v2v,hold,185,115,0,1,0,15.00657228311993,-57.30369372917825
perfect_v2v,hold,186,63,1,0,1,3.9188576189536932,-221.4262741615224
perfect_v2v,hold,187,114,0,1,0,8.4507536250864,-71.27223736854963
perfect_v2v,hold,188,121,0,1,0,14.587414861083658,-65.40928015652736
perfect_v2v,hold,189,64,1,0,1,4.364874637978073,-225.45354507541686
perfect_v2v,hold,190,104,0,1,0,10.260424243463147,18.437689700282498
perfect_v2v,hold,191,90,0,1,0,11.400308014794406,-38.8130180379935
perfect_v2v,hold,192,99,0,1,0,13.969513307421574,-42.98797171448905
perfect_v2v,hold,193,65,1,0,1,3.700810760218431,-227.43310752048995
perfect_v2v,hold,194,93,0,1,0,11.860258236509175,-40.86827106978977
perfect_v2v,hold,195,75,1,0,1,3.9832507094509015,-247.6795974840011
perfect_v2v,hold,196,60,1,0,1,4.439743286094411,-128.76441136325565
perfect_v2v,hold,197,56,1,0,1,3.167999241190596,-209.28654907897902
perfect_v2v,hold,198,95,0,1,0,14.582629769953204,-36.90335605046346
perfect_v2v,hold,199,99,0,1,0,12.790981254558268,-44.97395854170125
perfect_v2v,full,0,51,1,0,1,3.73823738350962,-55.21172134241372
perfect_v2v,full,1,80,0,1,1,7.665610134229053,-206.68857861162616
perfect_v2v,full,2,80,0,1,0,14.904292171260828,137.2858177178655
perfect_v2v,full,3,81,0,1,0,15.566082720466843,131.2827112480641
perfect_v2v,full,4,79,0,1,0,14.452750332626028,151.32286669306745
perfect_v2v,full,5,49,1,0,1,4.170954073757171,-387.23667183159205
perfect_v2v,full,6,80,0,1,1,7.212461973554881,113.31369739996717
perfect_v2v,full,7,51,1,0,1,4.029828365351161,-63.21263266816475
perfect_v2v,full,8,80,0,1,1,6.098561814088082,-218.7069117275907
perfect_v2v,full,9,79,0,1,0,12.775312424475517,151.31908635414868
perfect_v2v,full,10,79,0,1,0,18.35654938294394,151.32348808206217
perfect_v2v,full,11,81,0,1,1,6.861882621105369,83.28820556130557
perfect_v2v,full,12,80,0,1,1,7.638376921754023,-212.71542502242613
perfect_v2v,full,13,79,0,1,1,5.073862125348359,119.31877234101215
perfect_v2v,full,14,79,0,1,0,12.851037688459517,151.316824639168
perfect_v2v,full,15,48,1,0,1,4.472243510606533,-381.26263730934005
perfect_v2v,full,16,50,1,0,1,2.6880704083706823,-393.23581838512064
perfect_v2v,full,17,79,0,1,0,14.607387919018963,151.31763630806515
perfect_v2v,full,18,49,1,0,1,3.8664832638644304,-387.2696733107704
perfect_v2v,full,19,80,0,1,1,5.489328662380125,-218.69724363561022
perfect_v2v,full,20,50,1,0,1,3.4236684387422103,-393.2640552491048
perfect_v2v,full,21,79,0,1,0,8.051810685243225,135.31377110196854
perfect_v2v,full,22,80,0,1,1,4.965564536074543,89.29724623426964
perfect_v2v,full,23,48,1,0,1,4.370149232589207,-381.2625459394053
perfect_v2v,full,24,80,0,1,0,8.871799258335152,105.29343638915228
perfect_v2v,full,25,81,0,1,0,10.880186561803654,115.29221800990734
perfect_v2v,full,26,52,1,0,1,4.290594858884828,-61.20560650390993
perfect_v2v,full,27,51,1,0,1,4.347683985043926,-47.2070538585746
perfect_v2v,full,28,51,1,0,1,4.200046879253521,-39.19717436528743
perfect_v2v,full,29,81,0,1,1,5.121669894074794,59.27792631281558
perfect_v2v,full,30,50,1,0,1,3.6729011761056043,-393.2691559776854
perfect_v2v,full,31,79,0,1,0,18.665692682214765,151.3209522469239
perfect_v2v,full,32,51,1,0,1,3.9117811331098458,-399.259841694769
perfect_v2v,full,33,80,0,1,0,11.300459044024963,129.3049896547484
perfect_v2v,full,34,81,0,1,1,6.340003796693127,-220.22825860407477
perfect_v2v,full,35,80,0,1,0,13.739122367899226,129.29424747341812
perfect_v2v,full,36,81,0,1,0,13.883850659165267,123.29470300978477
perfect_v2v,full,37,48,1,0,1,4.449607695406313,-381.2618009162753
perfect_v2v,full,38,80,0,1,0,14.886491894973368,153.30903306030444
perfect_v2v,full,39,49,1,0,1,3.807129041347791,-387.2598520869019
perfect_v2v,full,40,79,0,1,0,9.95667216354785,135.31032917888177
perfect_v2v,full,41,48,1,0,1,4.332676501229475,-375.2470007470576
perfect_v2v,full,42,79,0,1,0,13.77301983791272,151.31328984646296
perfect_v2v,full,43,79,0,1,1,7.533386582716606,127.30465658337542
perfect_v2v,full,44,81,0,1,0,8.501634215690247,91.28745617560728
perfect_v2v,full,45,80,0,1,0,10.047576266248072,127.31671848876026
perfect_v2v,full,46,79,0,1,0,11.544109387991005,151.32106900528112
perfect_v2v,full,47,49,1,0,1,4.430476998113521,-387.2408709059598
perfect_v2v,full,48,53,1,0,1,4.2210108971191085,-69.19729889348663
perfect_v2v,full,49,51,1,0,1,3.4111964328925772,-399.23672259729545
perfect_v2v,full,50,49,1,0,1,4.2669720662583295,-387.237805195105
perfect_v2v,full,51,79,0,1,1,6.640358187085341,135.32283717742098
perfect_v2v,full,52,79,0,1,1,5.253163424957413,103.30185059492882
perfect_v2v,full,53,50,1,0,1,4.161769604113053,-393.2977045319304
perfect_v2v,full,54,50,1,0,1,3.013165384839577,-393.2706935820536
perfect_v2v,full,55,79,0,1,1,4.585920480307177,-218.6831022742332
perfect_v2v,full,56,79,0,1,0,24.92049324639549,63.31007567055753
perfect_v2v,full,57,79,0,1,0,12.722323876188252,151.30710400280233
perfect_v2v,full,58,80,0,1,1,5.557123452847013,-224.70880835386043
perfect_v2v,full,59,80,0,1,1,5.854156775488638,-218.68201864549144
perfect_v2v,full,60,80,0,1,1,7.852800107833682,105.29280437062124
perfect_v2v,full,61,52,1,0,1,3.668478650907926,-77.21710607572811
perfect_v2v,full,62,80,0,1,1,6.106781732733,103.31975578881466
perfect_v2v,full,63,80,0,1,1,7.440633380846817,-206.68440914226846
perfect_v2v,full,64,48,1,0,1,4.130722192911268,-381.24751231426825
perfect_v2v,full,65,52,1,0,1,3.6455539163290935,-405.25603058435354
perfect_v2v,full,66,48,1,0,1,4.122200280639833,-375.2484607738588
perfect_v2v,full,67,80,0,1,0,13.858358354972303,145.3021758239906
perfect_v2v,full,68,51,1,0,1,3.1124494520504076,-399.22470079441456
perfect_v2v,full,69,80,0,1,0,11.72016283825072,135.31734417321863
perfect_v2v,full,70,49,1,0,1,4.123893967823248,-387.2716344003451
perfect_v2v,full,71,80,0,1,0,9.225304804885203,105.28487325564078
perfect_v2v,full,72,79,0,1,0,12.24818752938441,151.31721939590568
perfect_v2v,full,73,80,0,1,1,6.194728836876294,105.30969307417165
perfect_v2v,full,74,79,0,1,0,9.295318717220658,151.32047618826206
perfect_v2v,full,75,81,0,1,0,15.388737148684307,137.2986512017118
perfect_v2v,full,76,49,1,0,1,3.7170318149667922,-387.2365953050723
perfect_v2v,full,77,49,1,0,1,4.391333462568028,-387.23790534886575
perfect_v2v,full,78,49,1,0,1,3.878973775659969,-387.26778914356805
perfect_v2v,full,79,79,0,1,0,22.931605752918905,151.32174091459407
perfect_v2v,full,80,79,0,1,0,8.483181149024986,143.31077221746625
perfect_v2v,full,81,80,0,1,0,18.869456425741244,153.30407487594613
perfect_v2v,full,82,48,1,0,1,4.281203109324296,-375.2449133398853
perfect_v2v,full,83,80,0,1,0,17.426036482230217,153.29197335217626
perfect_v2v,full,84,51,1,0,1,3.4731762500080863,-399.20472299834387
perfect_v2v,full,85,81,0,1,1,4.856376774994838,59.27715701001877
perfect_v2v,full,86,79,0,1,0,14.948738498409549,151.30182750604433
perfect_v2v,full,87,49,1,0,1,4.298021679117186,-375.2538866444119
perfect_v2v,full,88,81,0,1,1,4.523183625133106,65.29783945968776
perfect_v2v,full,89,80,0,1,1,4.835300083824566,95.31694714505238
perfect_v2v,full,90,51,1,0,1,3.8885615582357067,-399.23572165844837
perfect_v2v,full,91,52,1,0,1,3.321120503465882,-405.2269088317565
perfect_v2v,full,92,80,0,1,0,12.491888527168905,151.319106377947
perfect_v2v,full,93,79,0,1,1,5.4360365319041115,135.32490353806492
perfect_v2v,full,94,52,1,0,1,4.19420050689054,-93.2319099093765
perfect_v2v,full,95,80,0,1,1,5.727190030435803,-218.68601815776168
perfect_v2v,full,96,51,1,0,1,3.271728125006463,-399.2049198417045
perfect_v2v,full,97,79,0,1,0,8.155395017370692,127.30634419755943
perfect_v2v,full,98,79,0,1,1,6.344492999273925,-206.67710453403163
perfect_v2v,full,99,80,0,1,1,5.0617695476332765,97.31092105028097
perfect_v2v,full,100,49,1,0,1,4.238422348913727,-387.2349450580829
perfect_v2v,full,101,79,0,1,0,14.39989268060739,151.3228895602693
perfect_v2v,full,102,81,0,1,0,8.814607221858592,91.29212689489654
perfect_v2v,full,103,80,0,1,1,5.968391790760155,89.29157934937552
perfect_v2v,full,104,48,1,0,1,4.117577044816982,-381.2531386668073
perfect_v2v,full,105,79,0,1,0,8.806626648496584,-200.69642659837862
perfect_v2v,full,106,79,0,1,0,9.816018736023123,151.32475557706223
perfect_v2v,full,107,79,0,1,1,6.921083423750561,119.30436755860994
perfect_v2v,full,108,48,1,0,1,3.9376129809819664,-381.2521347561216
perfect_v2v,full,109,52,1,0,1,3.8423636775469165,-61.20102066969349
perfect_v2v,full,110,79,0,1,0,10.077802510732171,151.32226365495248
perfect_v2v,full,111,81,0,1,0,12.173230354912521,115.29133693722285
perfect_v2v,full,112,52,1,0,1,4.434460358488899,-101.24690591517664
perfect_v2v,full,113,81,0,1,1,6.1985861792142805,75.2806856974841
perfect_v2v,full,114,79,0,1,0,12.720905046373366,151.31019409204703
perfect_v2v,full,115,79,0,1,1,5.283582424782443,111.30847711522547
perfect_v2v,full,116,81,0,1,1,5.269372795925075,67.29367174678075
perfect_v2v,full,117,79,0,1,0,15.519188834681788,151.31936067738025
perfect_v2v,full,118,79,0,1,1,4.731675311687293,-218.67772689705822
perfect_v2v,full,119,79,0,1,1,7.568312019871343,143.32349953916997
perfect_v2v,full,120,79,0,1,0,11.535251528306823,151.31813551381427
perfect_v2v,full,121,79,0,1,0,15.895728724576383,151.30316025411733
perfect_v2v,full,122,79,0,1,0,11.197065160376784,151.3165003084349
perfect_v2v,full,123,79,0,1,0,10.840793844512154,151.30696462309743
perfect_v2v,full,124,79,0,1,0,8.669674808104599,135.31404900926339
perfect_v2v,full,125,79,0,1,1,5.098038757381135,119.3180207702554
perfect_v2v,full,126,81,0,1,0,10.30662062297649,-191.727969935389
perfect_v2v,full,127,81,0,1,1,7.542463032027294,83.27959550670336
perfect_v2v,full,128,79,0,1,1,5.898730724983597,111.30518497031169
perfect_v2v,full,129,80,0,1,0,18.030245296685663,153.29914380887084
perfect_v2v,full,130,80,0,1,0,11.40197996234798,137.30591491803807
perfect_v2v,full,131,79,0,1,1,5.033662809722861,103.30420839912293
perfect_v2v,full,132,52,1,0,1,4.280079732884589,-101.24364335470932
perfect_v2v,full,133,52,1,0,1,4.397557698070122,-23.17239273912695
perfect_v2v,full,134,79,0,1,1,7.531149890239329,143.3240866792312
perfect_v2v,full,135,80,0,1,0,17.38695684666613,153.31456727992062
perfect_v2v,full,136,81,0,1,1,7.575052972210433,91.2880647642108
perfect_v2v,full,137,79,0,1,0,10.031815423363984,151.3183912861702
perfect_v2v,full,138,50,1,0,1,3.856959122885477,-393.2352824160683
perfect_v2v,full,139,49,1,0,1,3.8620974810187256,-387.26799079980435
perfect_v2v,full,140,79,0,1,1,7.511276358641728,119.30583321983505
perfect_v2v,full,141,79,0,1,0,10.183211068394725,-188.68924087470273
perfect_v2v,full,142,81,0,1,0,15.615813044863634,131.2741957848241
perfect_v2v,full,143,49,1,0,1,3.7833489931198696,-387.2683212646633
perfect_v2v,full,144,79,0,1,0,12.26540104680337,151.31455359564794
perfect_v2v,full,145,80,0,1,0,17.246486480054465,151.31908842674596
perfect_v2v,full,146,79,0,1,1,7.833849382225484,135.3150690328617
perfect_v2v,full,147,51,1,0,1,3.9891118263066514,-31.19010463929709
perfect_v2v,full,148,79,0,1,0,9.315681848373698,127.30351610221199
perfect_v2v,full,149,81,0,1,1,5.215448151240309,67.28222425406051
perfect_v2v,full,150,51,1,0,1,4.287863676762813,-399.2801519172786
perfect_v2v,full,151,80,0,1,0,12.414837319909909,137.30961220887588
perfect_v2v,full,152,51,1,0,1,4.350710331017912,-95.25274503277014
perfect_v2v,full,153,48,1,0,1,4.3651880432187,-381.24791141880917
perfect_v2v,full,154,49,1,0,1,3.1300899826077355,-387.25275564902387
perfect_v2v,full,155,49,1,0,1,4.19320665980066,-387.2789477301755
perfect_v2v,full,156,81,0,1,0,8.637986212782069,99.2894722690082
perfect_v2v,full,157,49,1,0,1,4.423030258864436,-387.2844118342638
perfect_v2v,full,158,50,1,0,1,4.401466635664795,-41.20948168956021
perfect_v2v,full,159,50,1,0,1,4.327843305903215,-49.217987393730425
perfect_v2v,full,160,50,1,0,1,4.171273187017158,-393.23688256684545
perfect_v2v,full,161,49,1,0,1,3.5376641505030055,-387.26301347780975
perfect_v2v,full,162,81,0,1,0,12.937440039831042,115.28083887335237
perfect_v2v,full,163,79,0,1,0,17.6133411362265,151.31542252811553
perfect_v2v,full,164,81,0,1,1,5.721142343891933,67.28101661355905
perfect_v2v,full,165,80,0,1,0,8.969297465872378,113.30681744366103
perfect_v2v,full,166,79,0,1,0,16.766078818912327,151.30941141323808
perfect_v2v,full,167,52,1,0,1,4.4977647903269355,-101.24700634066855
perfect_v2v,full,168,80,0,1,0,20.713936406890298,153.28680987147416
perfect_v2v,full,169,50,1,0,1,2.7957541066150653,-393.2438559787129
perfect_v2v,full,170,51,1,0,1,4.347285268400024,-47.20100547665869
perfect_v2v,full,171,51,1,0,1,3.2407568395310107,-399.26704870713854
perfect_v2v,full,172,50,1,0,1,3.4197657608073473,-393.2769953728988
perfect_v2v,full,173,51,1,0,1,3.798882014395326,-399.27161961847156
perfect_v2v,full,174,79,0,1,1,7.265534806875737,135.3217960563997
perfect_v2v,full,175,49,1,0,1,3.2670970993732222,-387.2545326071497
perfect_v2v,full,176,79,0,1,0,21.35996384643393,151.32122223540867
perfect_v2v,full,177,80,0,1,0,11.396334713061671,137.30905580312213
perfect_v2v,full,178,79,0,1,1,7.3480755891434315,135.3124076126495
perfect_v2v,full,179,79,0,1,1,5.891506507031017,127.32166733737493
perfect_v2v,full,180,52,1,0,1,3.9988665499407365,-63.19822873121241
perfect_v2v,full,181,52,1,0,1,4.117098493931374,-39.18268539340196
perfect_v2v,full,182,81,0,1,0,8.532835396016148,99.29287396458193
perfect_v2v,full,183,50,1,0,1,3.500376555469524,-393.2103305664399
perfect_v2v,full,184,81,0,1,0,9.293975366560217,83.27358985501616
perfect_v2v,full,185,51,1,0,1,4.247486820141297,-399.2526246030712
perfect_v2v,full,186,80,0,1,0,9.640408097004377,121.31448278300482
perfect_v2v,full,187,80,0,1,0,8.631800520577224,105.28496452723371
perfect_v2v,full,188,81,0,1,1,6.207345620005815,75.28411731507177
perfect_v2v,full,189,80,0,1,0,12.800956585055559,145.30913887691793
perfect_v2v,full,190,80,0,1,0,23.263945934308644,153.31313405148097
perfect_v2v,full,191,79,0,1,1,4.933832527554326,-218.67571562011221
perfect_v2v,full,192,49,1,0,1,3.645208901005108,-381.2468254460805
perfect_v2v,full,193,80,0,1,0,14.60063688794104,153.3109192549311
perfect_v2v,full,194,48,1,0,1,4.219411341517313,-375.2516315915078
perfect_v2v,full,195,81,0,1,0,18.498383291316326,139.275816692216
perfect_v2v,full,196,79,0,1,0,12.191407343389052,151.31976562407567
perfect_v2v,full,197,79,0,1,1,6.245664271301934,135.32245917463825
perfect_v2v,full,198,79,0,1,1,5.829624617306584,-212.68505502503473
perfect_v2v,full,199,48,1,0,1,4.4080160579066465,-381.264081513608
perfect_v2v,rule,0,128,0,1,0,27.64824737114179,8.057063689182243
perfect_v2v,rule,1,119,0,1,0,33.43948363478803,34.6279515364604
perfect_v2v,rule,2,141,0,1,0,26.062473928068037,-16.705033291569038
perfect_v2v,rule,3,141,0,1,0,25.338137120550638,-22.425047519358984
perfect_v2v,rule,4,79,0,1,0,14.452750332626028,151.2228666930675
perfect_v2v,rule,5,125,0,1,0,31.09951887526558,15.791875480426668
perfect_v2v,rule,6,132,0,1,0,27.78871524655596,-0.4305645115889689
perfect_v2v,rule,7,128,0,1,0,31.394137528651502,8.055556392884498
perfect_v2v,rule,8,121,0,1,0,33.71345258534028,11.588832062649637
perfect_v2v,rule,9,79,0,1,0,12.775312424475517,151.21908635414866
perfect_v2v,rule,10,79,0,1,0,18.35654938294394,151.2234880820622
perfect_v2v,rule,11,132,0,1,0,28.57375183764279,-7.439750112997615
perfect_v2v,rule,12,121,0,1,0,34.01808669246583,28.49758977574098
perfect_v2v,rule,13,129,0,1,0,30.950053070881,12.025543274925958
perfect_v2v,rule,14,79,0,1,0,12.851037688459517,151.216824639168
perfect_v2v,rule,15,123,0,1,0,32.008634893176755,16.54718103256078
perfect_v2v,rule,16,127,0,1,0,29.75636509764792,8.0769426083085
perfect_v2v,rule,17,79,0,1,0,14.607387919018963,151.21763630806515
perfect_v2v,rule,18,123,0,1,0,31.107577003296132,11.544786916907775
perfect_v2v,rule,19,121,0,1,0,33.32301403422853,13.580756372680227
perfect_v2v,rule,20,126,0,1,0,29.85789653879132,3.0832911551561324
perfect_v2v,rule,21,132,0,1,0,29.003319357138157,3.5768934796969134
perfect_v2v,rule,22,130,0,1,0,26.980732705245945,0.29224402007091044
perfect_v2v,rule,23,123,0,1,0,31.261006100869302,13.852894424065816
perfect_v2v,rule,24,134,0,1,0,27.62418256817977,-7.163592749340715
perfect_v2v,rule,25,137,0,1,0,24.048100538883663,-13.941042357892137
perfect_v2v,rule,26,129,0,1,0,27.633056321101556,2.3171967499527995
perfect_v2v,rule,27,128,0,1,0,27.87692400005852,9.049559995128497
perfect_v2v,rule,28,128,0,1,0,31.23544471811362,12.043995934749546
perfect_v2v,rule,29,131,0,1,0,28.956814678861214,-7.426821380998035
perfect_v2v,rule,30,126,0,1,0,29.75483917631496,-0.6228014342250319
perfect_v2v,rule,31,79,0,1,0,18.665692682214765,151.2209522469239
perfect_v2v,rule,32,128,0,1,0,29.887849233741196,-1.6505519412069063
perfect_v2v,rule,33,135,0,1,0,28.18181662238367,-6.196818626371133
perfect_v2v,rule,34,122,0,1,0,33.42960200434873,5.956839207641458
perfect_v2v,rule,35,137,0,1,0,26.769323417936835,-11.948693055921446
perfect_v2v,rule,36,139,0,1,0,26.976374180177885,-20.3875772807461
perfect_v2v,rule,37,122,0,1,0,31.54277255679111,18.559864161522267
perfect_v2v,rule,38,141,0,1,0,26.18160637176003,-13.702337155737872
perfect_v2v,rule,39,125,0,1,0,30.239137810788318,10.80427791379315
perfect_v2v,rule,40,133,0,1,0,28.96507272467372,2.547967373199498
perfect_v2v,rule,41,122,0,1,0,32.4231612541978,25.27522192120056
perfect_v2v,rule,42,79,0,1,0,13.77301983791272,151.21328984646294
perfect_v2v,rule,43,133,0,1,0,25.391269281134704,1.5446736256946494
perfect_v2v,rule,44,135,0,1,0,27.027060877369898,-13.892251728355703
perfect_v2v,rule,45,134,0,1,0,28.177258138321186,-0.4717467772093755
perfect_v2v,rule,46,79,0,1,0,11.544109387991005,151.22106900528112
perfect_v2v,rule,47,126,0,1,0,31.195001246565123,13.798802393571222
perfect_v2v,rule,48,128,0,1,0,29.330899429681214,4.034923684290554
perfect_v2v,rule,49,127,0,1,0,29.53954213217611,5.066268430977097
perfect_v2v,rule,50,125,0,1,0,31.322895104586458,14.802627972421966
perfect_v2v,rule,51,130,0,1,0,27.427068177265806,9.29431917746112
perfect_v2v,rule,52,130,0,1,0,29.36843438128364,5.316480843227254
perfect_v2v,rule,53,125,0,1,0,31.753666990117395,0.09676557432933208
perfect_v2v,rule,54,124,0,1,0,30.021011600206705,6.826670783948437
perfect_v2v,rule,55,120,0,1,0,32.33837784960188,23.30116489437902
perfect_v2v,rule,56,81,0,1,0,24.154927671055635,63.19510480637197
perfect_v2v,rule,57,137,0,1,0,27.74811404943462,-5.933471952360101
perfect_v2v,rule,58,121,0,1,0,32.926754604589384,11.572461594252104
perfect_v2v,rule,59,120,0,1,0,32.936888473688725,19.301682354060382
perfect_v2v,rule,60,134,0,1,0,25.09911407317781,-7.1669144279429275
perfect_v2v,rule,61,128,0,1,0,30.637952161121227,1.341717125684248
perfect_v2v,rule,62,131,0,1,0,30.669850393497498,1.579951568238478
perfect_v2v,rule,63,120,0,1,0,34.072555510454535,31.01615467445359
perfect_v2v,rule,64,123,0,1,0,29.72508623598265,20.549019531849616
perfect_v2v,rule,65,128,0,1,0,29.153858351910237,-4.648940300922938
perfect_v2v,rule,66,121,0,1,0,31.713582520822552,24.274061427382243
perfect_v2v,rule,67,140,0,1,0,25.001023969344754,-13.689196046530434
perfect_v2v,rule,68,127,0,1,0,31.246059977275507,6.073569990374466
perfect_v2v,rule,69,135,0,1,0,27.7614314506344,-4.203808976522559
perfect_v2v,rule,70,125,0,1,0,31.586347952969412,7.818186759743973
perfect_v2v,rule,71,134,0,1,0,28.178623855674743,-8.178201416648157
perfect_v2v,rule,72,79,0,1,0,12.24818752938441,151.2172193959057
perfect_v2v,rule,73,131,0,1,0,27.872564614444794,-1.4221500357683823
perfect_v2v,rule,74,133,0,1,0,28.51982261698584,4.546636141765653
perfect_v2v,rule,75,142,0,1,0,25.114077466401934,-20.434648379886013
perfect_v2v,rule,76,125,0,1,0,32.32125932431939,15.794897028501225
perfect_v2v,rule,77,125,0,1,0,29.691548432738585,14.7950938200891
perfect_v2v,rule,78,124,0,1,0,32.396575508192285,9.819553534110035
perfect_v2v,rule,79,79,0,1,0,22.931605752918905,151.22174091459408
perfect_v2v,rule,80,134,0,1,0,25.4128497886303,-1.1762878681407187
perfect_v2v,rule,81,80,0,1,0,18.869456425741244,153.20407487594613
perfect_v2v,rule,82,121,0,1,0,32.573164349221635,25.29919984274779
perfect_v2v,rule,83,144,0,1,0,23.748597435033716,-19.477786421708615
perfect_v2v,rule,84,127,0,1,0,31.509186324678755,10.058826029807072
perfect_v2v,rule,85,131,0,1,0,28.78580127829328,-11.102284906968826
perfect_v2v,rule,86,79,0,1,0,14.948738498409549,151.20182750604434
perfect_v2v,rule,87,122,0,1,0,32.71680988281546,15.562830669570388
perfect_v2v,rule,88,129,0,1,0,29.750256303747186,-1.6878457633301238
perfect_v2v,rule,89,129,0,1,0,30.36379321342985,7.030874951856163
perfect_v2v,rule,90,128,0,1,0,30.79721957600088,1.339228125184924
perfect_v2v,rule,91,128,0,1,0,31.29841001986607,0.3576148639084522
perfect_v2v,rule,92,139,0,1,0,25.163145216842313,-6.969414980414001
perfect_v2v,rule,93,129,0,1,0,28.99172811477321,13.031290574461487
perfect_v2v,rule,94,128,0,1,0,30.67884010665998,-1.6645932075679113
perfect_v2v,rule,95,121,0,1,0,33.75894805244275,14.589197896514158
perfect_v2v,rule,96,127,0,1,0,30.823072995172577,10.055282849315617
perfect_v2v,rule,97,132,0,1,0,27.84003464133622,1.563486235035775
perfect_v2v,rule,98,119,0,1,0,32.89712973217668,28.0342529968582
perfect_v2v,rule,99,130,0,1,0,29.19716383451005,3.3135483873608607
perfect_v2v,rule,100,126,0,1,0,30.49637339561193,14.784857956602409
perfect_v2v,rule,101,79,0,1,0,14.39989268060739,151.2228895602693
perfect_v2v,rule,102,135,0,1,0,29.235333133752054,-12.890667391066607
perfect_v2v,rule,103,131,0,1,0,26.670468248362333,-3.4177713255618585
perfect_v2v,rule,104,123,0,1,0,31.03732692228196,19.553807108247195
perfect_v2v,rule,105,118,0,1,0,34.451075337170764,36.04386099870127
perfect_v2v,rule,106,79,0,1,0,9.816018736023123,151.22475557706224
perfect_v2v,rule,107,130,0,1,0,28.235246756888415,4.2951468825851435
perfect_v2v,rule,108,123,0,1,0,30.988773371373128,20.543019958855187
perfect_v2v,rule,109,127,0,1,0,30.65828972245377,7.058510624291003
perfect_v2v,rule,110,133,0,1,0,27.76717639349347,5.546320490745714
perfect_v2v,rule,111,139,0,1,0,25.717979163698654,-17.674349435634227
perfect_v2v,rule,112,129,0,1,0,30.98522849418084,-2.669535164816331
perfect_v2v,rule,113,133,0,1,0,26.528656454502432,-11.148003423721327
perfect_v2v,rule,114,79,0,1,0,12.720905046373366,151.21019409204706
perfect_v2v,rule,115,130,0,1,0,29.70003356592282,6.306095409155205
perfect_v2v,rule,116,130,0,1,0,30.6968234789512,-2.6969372819448054
perfect_v2v,rule,117,79,0,1,0,15.519188834681788,151.21936067738025
perfect_v2v,rule,118,120,0,1,0,32.71495191980161,25.303219850019865
perfect_v2v,rule,119,131,0,1,0,29.637209683174696,10.285228018419396
perfect_v2v,rule,120,79,0,1,0,11.535251528306823,151.21813551381427
perfect_v2v,rule,121,79,0,1,0,15.895728724576383,151.20316025411734
perfect_v2v,rule,122,79,0,1,0,11.197065160376784,151.21650030843492
perfect_v2v,rule,123,136,0,1,0,24.764277445446083,-2.2060719852302952
perfect_v2v,rule,124,132,0,1,0,29.55262359863709,6.2792143162154375
perfect_v2v,rule,125,129,0,1,0,28.896210509531883,12.013829765448811
perfect_v2v,rule,126,119,0,1,0,34.315650866282645,40.3249162588573
perfect_v2v,rule,127,135,0,1,0,27.150969694303846,-14.889403007267958
perfect_v2v,rule,128,131,0,1,0,28.840143232976526,5.294655767565068
perfect_v2v,rule,129,80,0,1,0,18.030245296685663,153.19914380887084
perfect_v2v,rule,130,137,0,1,0,24.97326496939928,-8.94595711468245
perfect_v2v,rule,131,128,0,1,0,29.23135961784657,5.333128336076484
perfect_v2v,rule,132,128,0,1,0,30.569022275284844,-2.655260465237234
perfect_v2v,rule,133,129,0,1,0,29.50682905802349,13.030105878350362
perfect_v2v,rule,134,131,0,1,0,28.24374596789615,10.290413660010934
perfect_v2v,rule,135,80,0,1,0,17.38695684666613,153.21456727992063
perfect_v2v,rule,136,133,0,1,0,25.193384119612325,-10.165225471090189
perfect_v2v,rule,137,135,0,1,0,26.738394231832842,4.518525391134666
perfect_v2v,rule,138,127,0,1,0,31.1316737696843,8.077246175041573
perfect_v2v,rule,139,124,0,1,0,30.6346587442315,9.817073162404064
perfect_v2v,rule,140,131,0,1,0,28.845387216345575,5.2893498223195365
perfect_v2v,rule,141,117,0,1,0,34.85548845415684,42.06617979062737
perfect_v2v,rule,142,143,0,1,0,24.62609309282844,-27.151854182498795
perfect_v2v,rule,143,123,0,1,0,32.77657180969169,12.541520571104641
perfect_v2v,rule,144,79,0,1,0,12.26540104680337,151.21455359564794
perfect_v2v,rule,145,80,0,1,0,17.246486480054465,151.21908842674594
perfect_v2v,rule,146,132,0,1,0,27.689921308510048,7.259993884147214
perfect_v2v,rule,147,127,0,1,0,30.61091022237553,16.763923089713437
perfect_v2v,rule,148,133,0,1,0,28.38907258286473,0.5512956864978946
perfect_v2v,rule,149,131,0,1,0,26.938936288204534,-7.404191926580893
perfect_v2v,rule,150,127,0,1,0,31.6748057597551,-3.6463272555090853
perfect_v2v,rule,151,137,0,1,0,26.76794758084911,-8.923033959287935
perfect_v2v,rule,152,129,0,1,0,28.070837606451406,-1.6727470162146787
perfect_v2v,rule,153,123,0,1,0,29.692850495184963,20.539281381050838
perfect_v2v,rule,154,123,0,1,0,30.954532472523137,14.535321202117736
perfect_v2v,rule,155,123,0,1,0,31.766599558536075,11.544645174415002
perfect_v2v,rule,156,135,0,1,0,24.843162890579165,-13.895950457915575
perfect_v2v,rule,157,123,0,1,0,32.19086060900993,7.836933018316174
perfect_v2v,rule,158,127,0,1,0,30.780401369665103,14.060901423082704
perfect_v2v,rule,159,127,0,1,0,29.61887956128322,14.762264731661006
perfect_v2v,rule,160,127,0,1,0,29.900630790758242,8.062044064160446
perfect_v2v,rule,161,124,0,1,0,31.79992130892323,10.838454222937607
perfect_v2v,rule,162,140,0,1,0,26.338122779812842,-22.393259757429803
perfect_v2v,rule,163,79,0,1,0,17.6133411362265,151.21542252811554
perfect_v2v,rule,164,131,0,1,0,27.43427732861922,-7.4154057312374135
perfect_v2v,rule,165,134,0,1,0,28.958010676352657,-5.168767999308066
perfect_v2v,rule,166,79,0,1,0,16.766078818912327,151.2094114132381
perfect_v2v,rule,167,129,0,1,0,29.804402196144398,-2.6705239696598113
perfect_v2v,rule,168,80,0,1,0,20.713936406890298,153.18680987147417
perfect_v2v,rule,169,125,0,1,0,31.03479934656219,9.799225863957595
perfect_v2v,rule,170,127,0,1,0,31.19579009894539,13.767661420143561
perfect_v2v,rule,171,128,0,1,0,31.489711126553694,-2.6460789082017797
perfect_v2v,rule,172,125,0,1,0,32.042879873259764,2.1148010585019037
perfect_v2v,rule,173,128,0,1,0,29.654749865305135,-3.6431208247079425
perfect_v2v,rule,174,130,0,1,0,30.114610249833873,11.997698255112823
perfect_v2v,rule,175,124,0,1,0,30.22541085759245,11.823041035618154
perfect_v2v,rule,176,79,0,1,0,21.35996384643393,151.22122223540867
perfect_v2v,rule,177,137,0,1,0,27.03039359753674,-8.92052107753883
perfect_v2v,rule,178,132,0,1,0,25.428553488026132,3.5513767510119365
perfect_v2v,rule,179,130,0,1,0,31.14903568269545,9.31453730427338
perfect_v2v,rule,180,128,0,1,0,30.040994398637245,7.038007904002626
perfect_v2v,rule,181,128,0,1,0,29.961332780100822,10.032170719707366
perfect_v2v,rule,182,135,0,1,0,27.345732002327857,-12.882966826616766
perfect_v2v,rule,183,126,0,1,0,31.25589108651406,17.776775838997096
perfect_v2v,rule,184,135,0,1,0,28.69266417871698,-15.89888567341714
perfect_v2v,rule,185,128,0,1,0,29.363750122745735,2.0541096174948166
perfect_v2v,rule,186,134,0,1,0,29.1711927871748,-4.162545540039936
perfect_v2v,rule,187,134,0,1,0,27.302575781425148,-8.177189823159495
perfect_v2v,rule,188,131,0,1,0,29.621393258082623,-7.405333502904789
perfect_v2v,rule,189,138,0,1,0,25.407316903523984,-9.964957386224214
perfect_v2v,rule,190,80,0,1,0,23.263945934308644,153.21313405148098
perfect_v2v,rule,191,121,0,1,0,32.900849217702174,25.28762511731248
perfect_v2v,rule,192,123,0,1,0,31.627120313963612,16.555711947269074
perfect_v2v,rule,193,140,0,1,0,25.971383813480646,-12.70462039606393
perfect_v2v,rule,194,121,0,1,0,32.39165305586583,23.27472816983937
perfect_v2v,rule,195,146,0,1,0,24.022681747141245,-30.916024259191232
perfect_v2v,rule,196,79,0,1,0,12.191407343389052,151.2197656240757
perfect_v2v,rule,197,130,0,1,0,30.246457876790867,12.019126705667098
perfect_v2v,rule,198,120,0,1,0,33.266286053267024,22.30590457441285
perfect_v2v,rule,199,122,0,1,0,30.80887347935482,17.552127106675407
sensor_only,random,0,372,0,1,0,16.818358339259817,-285.32335315663653
sensor_only,random,1,700,0,0,0,31.369234667769813,-694.5728596371813
sensor_only,random,2,700,0,0,0,25.11400181470801,-736.8300300689879
sensor_only,random,3,700,0,0,0,44.20679812315714,-759.2267504556935
sensor_only,random,4,66,1,0,1,4.08378273758299,-156.09857299012285
sensor_only,random,5,546,0,1,0,11.33150619255171,-505.80095691252495
sensor_only,random,6,700,0,0,0,31.966726633858002,-744.5253738004272
sensor_only,random,7,700,0,0,0,45.30667172450786,-755.9591312640453
sensor_only,random,8,700,0,0,0,28.608002946109835,-720.5598287467496
sensor_only,random,9,700,0,0,0,19.91073702985838,-733.177199271177
sensor_only,random,10,700,0,0,0,10.425745360489586,-699.6790992900575
sensor_only,random,11,700,0,0,0,27.043760701349992,-737.4618409884886
sensor_only,random,12,700,0,0,0,29.232401030061872,-719.7396356726971
sensor_only,random,13,700,0,0,0,26.898682694646528,-737.7178646006421
sensor_only,random,14,700,0,0,0,45.97201032938515,-763.6008284880454
sensor_only,random,15,700,0,0,0,31.0022049779412,-739.25370703942
sensor_only,random,16,700,0,0,0,38.232011125575305,-741.8255582611292
sensor_only,random,17,66,1,0,1,3.974834941955158,-136.4819533292941
sensor_only,random,18,700,0,0,0,23.98800448941317,-704.8193530892472
sensor_only,random,19,700,0,0,0,34.71359832105916,-733.8098130823936
sensor_only,random,20,700,0,0,0,30.423255360882074,-726.8683416607004
sensor_only,random,21,700,0,0,0,16.809293294167322,-727.545119487852
sensor_only,random,22,700,0,0,0,30.95216394251065,-734.3801624993382
sensor_only,random,23,700,0,0,0,43.75490260588719,-754.450956303117
sensor_only,random,24,700,0,0,0,16.39950686165062,-738.8426962343341
sensor_only,random,25,700,0,0,0,26.699975404182528,-727.110759311456
sensor_only,random,26,562,0,1,0,16.90645918633405,-511.42290471294973
sensor_only,random,27,448,0,1,0,17.952002782749688,-383.64000850988265
sensor_only,random,28,584,0,1,0,12.337527196436259,-532.361194488393
sensor_only,random,29,700,0,0,0,53.293107781001254,-754.9808615124704
sensor_only,random,30,700,0,0,0,25.35497069128447,-714.609081192011
sensor_only,random,31,700,0,0,0,15.033802055988888,-721.4848100047548
sensor_only,random,32,700,0,0,0,32.25492249728974,-737.8444834933035
sensor_only,random,33,700,0,0,0,8.922762788294602,-721.5205265560928
sensor_only,random,34,700,0,0,0,36.50227319325514,-729.820311490322
sensor_only,random,35,700,0,0,0,30.924727814982493,-745.3562769509722
sensor_only,random,36,700,0,0,0,34.794110607489614,-752.6018633003175
sensor_only,random,37,700,0,0,0,24.782557303105815,-711.6954578019256
sensor_only,random,38,700,0,0,0,22.17190123602272,-729.7183692331399
sensor_only,random,39,700,0,0,0,34.18875072352248,-746.2284650428269
sensor_only,random,40,700,0,0,0,41.71908617640136,-757.9775050356742
sensor_only,random,41,700,0,0,0,13.672048189604093,-741.8433332976309
sensor_only,random,42,700,0,0,0,33.60631512392968,-751.6374818424459
sensor_only,random,43,700,0,0,0,29.008242838618823,-733.476912822544
sensor_only,random,44,700,0,0,0,58.10425784657485,-764.8447820397857
sensor_only,random,45,136,0,1,1,4.765876452638814,-61.70170266859603
sensor_only,random,46,700,0,0,0,19.314391937936637,-733.3984407112779
sensor_only,random,47,700,0,0,0,29.313303533612583,-738.754062563858
sensor_only,random,48,700,0,0,0,24.676488616402644,-718.1809966099638
sensor_only,random,49,700,0,0,0,26.64009335882989,-721.6111757722192
sensor_only,random,50,663,0,1,0,20.350621854362608,-655.5926187070003
sensor_only,random,51,700,0,0,0,18.010936861623158,-741.9658833709397
sensor_only,random,52,123,0,1,0,15.500222986986671,5.649661572664591
sensor_only,random,53,700,0,0,0,40.7932720851289,-743.617268563915
sensor_only,random,54,700,0,0,0,22.847780419577212,-716.3155467036561
sensor_only,random,55,700,0,0,0,28.750444095054956,-732.2323044925349
sensor_only,random,56,700,0,0,0,29.683319558837088,-750.2546141045069
sensor_only,random,57,700,0,0,0,29.415466229077285,-729.3751439765323
sensor_only,random,58,700,0,0,0,35.42733349156091,-723.0633653791774
sensor_only,random,59,700,0,0,0,31.997503184860378,-732.3760169640204
sensor_only,random,60,700,0,0,0,33.047302191444096,-757.831025661226
sensor_only,random,61,700,0,0,0,38.19042554070841,-747.7314845094446
sensor_only,random,62,700,0,0,0,31.449925266664128,-740.7291242174462
sensor_only,random,63,700,0,0,0,45.82367189542241,-752.444921901491
sensor_only,random,64,700,0,0,0,31.62636272270696,-747.7023777081273
sensor_only,random,65,700,0,0,0,47.74158329120307,-761.8668228382913
sensor_only,random,66,145,0,1,0,26.040661675265063,-7.381270287141362
sensor_only,random,67,700,0,0,0,15.469922295775673,-720.7627287937293
sensor_only,random,68,700,0,0,0,29.620338624269785,-739.4464770702936
sensor_only,random,69,700,0,0,1,5.668901420957119,-741.6021562205858
sensor_only,random,70,700,0,0,0,30.585158947016204,-734.1936738944268
sensor_only,random,71,700,0,0,0,31.249765647546244,-738.3110968427176
sensor_only,random,72,700,0,0,0,30.636799074508726,-741.6191228082936
sensor_only,random,73,700,0,0,0,30.870419308034844,-748.2793781769593
sensor_only,random,74,700,0,0,0,15.984405882367176,-754.3541156072193
sensor_only,random,75,700,0,0,0,53.70362712387366,-755.4041951931548
sensor_only,random,76,700,0,0,0,39.870335719862716,-748.6292911410657
sensor_only,random,77,700,0,0,0,13.47815463019802,-730.9365002329907
sensor_only,random,78,700,0,0,0,42.52308908398933,-745.8615305188374
sensor_only,random,79,75,1,0,1,3.548346790486065,-102.42823446400749
sensor_only,random,80,700,0,0,0,32.62069412309212,-756.8398559246531
sensor_only,random,81,700,0,0,0,30.168007465839178,-744.3781714390267
sensor_only,random,82,213,0,1,0,24.51996564073494,-109.94129885274845
sensor_only,random,83,700,0,0,0,31.449724080446643,-732.4380071545326
sensor_only,random,84,700,0,0,0,19.56756630131968,-706.5986375475369
sensor_only,random,85,700,0,0,0,31.631630442176046,-754.9700599141274
sensor_only,random,86,700,0,0,0,13.430936251647635,-701.6702114650369
sensor_only,random,87,639,0,1,0,32.316027969435275,-611.6610574513788
sensor_only,random,88,700,0,0,0,39.63523368654637,-743.2248827015628
sensor_only,random,89,624,0,1,0,28.677166138262532,-598.86183804548
sensor_only,random,90,700,0,0,0,28.351822147019174,-732.2844038482493
sensor_only,random,91,700,0,0,0,41.10132222038358,-757.9993122117118
sensor_only,random,92,700,0,0,0,11.950627194039907,-725.5841551673936
sensor_only,random,93,102,0,1,1,6.808617160945618,-9.025428531088863
sensor_only,random,94,700,0,0,0,47.98628835543304,-753.3129478651134
sensor_only,random,95,700,0,0,0,36.44310873412042,-750.720299209506
sensor_only,random,96,700,0,0,0,31.279906442660128,-739.7789181230717
sensor_only,random,97,700,0,0,0,41.87877921010727,-758.1566482713564
sensor_only,random,98,700,0,0,0,25.641612467261403,-732.2232607057604
sensor_only,random,99,700,0,0,0,42.7936792798597,-751.506046331462
sensor_only,random,100,198,0,1,0,10.999462844757689,-118.99103392303553
sensor_only,random,101,63,1,0,1,4.358515462569523,-135.5444094526606
sensor_only,random,102,545,0,1,0,16.121165038664877,-503.580108666186
sensor_only,random,103,700,0,0,0,22.532699565757515,-716.7914135423823
sensor_only,random,104,700,0,0,0,50.40137497630818,-759.7826200010572
sensor_only,random,105,700,0,0,0,31.687635352775594,-731.4202526333901
sensor_only,random,106,60,1,0,1,3.8691124844134963,-85.74916419066557
sensor_only,random,107,700,0,0,0,14.286567508152658,-751.6671839035936
sensor_only,random,108,700,0,0,0,30.06449195151344,-736.3050656101951
sensor_only,random,109,700,0,0,0,36.78850312303219,-747.4608246878549
sensor_only,random,110,700,0,0,0,15.23846076446265,-728.9993378249136
sensor_only,random,111,700,0,0,0,18.156894646770205,-754.3054959923911
sensor_only,random,112,700,0,0,0,50.876051003401365,-757.2328194127626
sensor_only,random,113,700,0,0,0,40.54167056421536,-758.2661388631199
sensor_only,random,114,700,0,0,0,23.09013492814643,-736.3400454369906
sensor_only,random,115,700,0,0,0,13.497518956801422,-720.4215270358783
sensor_only,random,116,700,0,0,0,38.830946891737035,-747.5970050247648
sensor_only,random,117,700,0,0,0,25.77663837589541,-751.954148371639
sensor_only,random,118,700,0,0,0,31.632690882020576,-732.9606709088047
sensor_only,random,119,700,0,0,0,40.04142303372959,-747.8693056221274
sensor_only,random,120,700,0,0,0,30.92756192037669,-743.4894530239208
sensor_only,random,121,648,0,1,0,9.675585190210258,-597.6426354258884
sensor_only,random,122,700,0,0,0,20.92672193482578,-728.5511759903468
sensor_only,random,123,478,0,1,0,14.468756572129287,-436.0402280658041
sensor_only,random,124,700,0,0,0,34.01348430413654,-754.2062365991552
sensor_only,random,125,700,0,0,0,26.670071239898643,-737.9197781849774
sensor_only,random,126,700,0,0,0,60.99672709625197,-764.5348905158415
sensor_only,random,127,700,0,0,0,25.564585303238307,-725.4467207606205
sensor_only,random,128,696,0,1,0,20.892502992842683,-653.1015736853683
sensor_only,random,129,700,0,0,0,12.516896810394528,-744.9724212175246
sensor_only,random,130,63,1,0,1,3.62601797237248,-143.16836750816398
sensor_only,random,131,132,0,1,0,11.402201009094252,-41.63116746436195
sensor_only,random,132,700,0,0,0,45.71405162395954,-752.6343595825508
sensor_only,random,133,700,0,0,0,21.562658084508836,-711.049924617317
sensor_only,random,134,700,0,0,0,23.314254293635816,-733.654235721069
sensor_only,random,135,700,0,0,0,33.15091925623775,-752.2352193252038
sensor_only,random,136,700,0,0,0,51.77323137878973,-752.7874112733613
sensor_only,random,137,700,0,0,0,14.16302989977424,-756.6842062273063
sensor_only,random,138,700,0,0,0,24.680543263057334,-720.2825817446167
sensor_only,random,139,700,0,0,0,32.44417509627427,-735.2602335181626
sensor_only,random,140,700,0,0,0,27.13510995583513,-738.5386779718983
sensor_only,random,141,648,0,1,0,34.04812760813769,-630.1419480817046
sensor_only,random,142,700,0,0,0,39.46737447319618,-757.3922028760757
sensor_only,random,143,700,0,0,0,22.372308945795204,-735.0374998878387
sensor_only,random,144,700,0,0,0,15.759391376228397,-725.6091950379536
sensor_only,random,145,700,0,0,0,34.13941515679487,-746.678278105944
sensor_only,random,146,700,0,0,0,35.7688543051036,-753.1992880563678
sensor_only,random,147,700,0,0,0,15.20611512381501,-720.4736448481158
sensor_only,random,148,700,0,0,0,27.489840013508758,-743.6967321329157
sensor_only,random,149,700,0,0,0,36.028196085989855,-747.0326421397074
sensor_only,random,150,700,0,0,0,35.60569511169234,-737.7699011706904
sensor_only,random,151,700,0,0,0,28.558074765810453,-742.5783469232535
sensor_only,random,152,700,0,0,0,53.856773586036645,-760.9480022171459
sensor_only,random,153,700,0,0,0,20.28885414097891,-715.1100689300464
sensor_only,random,154,700,0,0,0,31.718568412144574,-731.7363428604043
sensor_only,random,155,700,0,0,0,44.80992022038295,-760.3689647302747
sensor_only,random,156,700,0,0,0,36.66913276731935,-746.6841069419588
sensor_only,random,157,570,0,1,0,23.33129343433998,-522.6800738454318
sensor_only,random,158,700,0,0,0,15.417145672497345,-725.4081070329653
sensor_only,random,159,700,0,0,0,21.274286243845612,-729.732578743367
sensor_only,random,160,700,0,0,0,25.759742118277874,-728.6106349613888
sensor_only,random,161,462,0,1,0,16.20083845957766,-419.37106577706254
sensor_only,random,162,700,0,0,0,58.089541267907364,-765.6877548889902
sensor_only,random,163,700,0,0,0,11.127548441695236,-734.5178942689964
sensor_only,random,164,700,0,0,0,45.02444125951002,-760.5523520118684
sensor_only,random,165,700,0,0,0,52.28799922620484,-751.7600067366243
sensor_only,random,166,700,0,0,0,17.62086957554229,-748.0358010528989
sensor_only,random,167,700,0,0,0,39.47546866928979,-751.9228986069877
sensor_only,random,168,700,0,0,0,15.106638589279676,-759.4877080376094
sensor_only,random,169,700,0,0,0,40.848180236263566,-758.6742238084203
sensor_only,random,170,700,0,0,0,31.59346734875643,-735.233759802743
sensor_only,random,171,700,0,0,0,42.291090612109585,-754.9252680252528
sensor_only,random,172,468,0,1,0,25.68961390428827,-388.59383952690547
sensor_only,random,173,700,0,0,0,39.27622866951997,-739.7260769477747
sensor_only,random,174,700,0,0,0,32.11867227026284,-743.9014841683245
sensor_only,random,175,700,0,0,0,34.532274399041775,-749.1966364048553
sensor_only,random,176,88,0,1,0,15.76994508696118,37.13652896537031
sensor_only,random,177,700,0,0,0,22.26859289969573,-736.2254898703413
sensor_only,random,178,700,0,0,0,24.288107160410135,-730.1736213122374
sensor_only,random,179,700,0,0,0,40.18165610280348,-751.9822192888771
sensor_only,random,180,700,0,0,0,46.36676981741106,-758.1686422462999
sensor_only,random,181,700,0,0,0,37.41215667742279,-739.4250525217673
sensor_only,random,182,700,0,0,0,20.863056245957075,-728.274801956583
sensor_only,random,183,470,0,1,0,18.662005391170208,-423.23014250086663
sensor_only,random,184,700,0,0,0,18.94977263477359,-734.7218732716615
sensor_only,random,185,700,0,0,0,31.167850042504405,-739.7463673671497
sensor_only,random,186,700,0,0,0,19.82722222323943,-737.2476239571722
sensor_only,random,187,700,0,0,0,37.361754675685155,-740.051935477485
sensor_only,random,188,700,0,0,0,48.714513080442245,-757.2860534050751
sensor_only,random,189,700,0,0,0,11.26512276097835,-742.2574534769867
sensor_only,random,190,700,0,0,0,34.367474800572495,-740.4420756911152
sensor_only,random,191,126,0,1,0,15.779883469746338,-33.95409050279952
sensor_only,random,192,700,0,0,0,32.0059861960701,-741.4613007757732
sensor_only,random,193,483,0,1,1,5.369420252644176,-440.090045820949
sensor_only,random,194,131,0,1,0,21.685940007847236,8.04486218399272
sensor_only,random,195,700,0,0,0,43.54294981272081,-741.8649206321646
sensor_only,random,196,406,0,1,0,9.609449938473674,-365.65188304224614
sensor_only,random,197,700,0,0,0,45.71011216788245,-756.5101230215852
sensor_only,random,198,700,0,0,0,19.608386178451283,-719.0227490005925
sensor_only,random,199,700,0,0,0,27.238354262421417,-723.8108879740992
sensor_only,hold,0,100,0,1,1,7.216323861413761,19.001368387630365
sensor_only,hold,1,104,0,1,0,20.350521052200765,40.91808922250367
sensor_only,hold,2,69,1,0,1,3.7804303466934157,-141.55721959876203
sensor_only,hold,3,121,0,1,1,4.896775744537401,10.578667840549414
sensor_only,hold,4,91,0,1,1,6.879013972613114,42.674800475214525
sensor_only,hold,5,95,0,1,0,8.084426946095652,23.10243463838788
sensor_only,hold,6,103,0,1,1,5.312930822346507,14.934970532961238
sensor_only,hold,7,100,0,1,0,8.949189757776587,22.99009073146113
sensor_only,hold,8,111,0,1,0,21.712587868603425,40.785282724095495
sensor_only,hold,9,93,0,1,1,4.83670990446788,42.136604096946364
sensor_only,hold,10,91,0,1,0,11.443173335569103,44.18598547711944
sensor_only,hold,11,119,0,1,0,12.671293025750227,24.617644325696947
sensor_only,hold,12,114,0,1,0,24.026158274541974,44.72409437215606
sensor_only,hold,13,57,1,0,1,3.853317138464181,-133.31108481721986
sensor_only,hold,14,61,1,0,1,4.434351050204733,-108.78135360831988
sensor_only,hold,15,98,0,1,0,12.418808436531815,29.033082624249086
sensor_only,hold,16,102,0,1,0,10.801466935820075,24.95368256697745
sensor_only,hold,17,94,0,1,1,6.509952305358764,42.12648277500996
sensor_only,hold,18,108,0,1,0,16.33934393908495,32.83816688614034
sensor_only,hold,19,108,0,1,0,19.706874035411605,38.85981309897308
sensor_only,hold,20,113,0,1,0,15.758880269467285,32.74913767502004
sensor_only,hold,21,58,1,0,1,4.054616651745194,-133.3445724553991
sensor_only,hold,22,110,0,1,0,9.326854992484172,20.819345412308216
sensor_only,hold,23,98,0,1,0,12.343250067808967,29.034190484708184
sensor_only,hold,24,111,0,1,1,7.230612154308038,16.78876389152275
sensor_only,hold,25,118,0,1,1,6.374315413669682,12.648522089166349
sensor_only,hold,26,105,0,1,0,8.341950951327009,18.906812359336673
sensor_only,hold,27,98,0,1,1,6.00695496617326,17.037731964783283
sensor_only,hold,28,94,0,1,1,5.135208306918052,19.132517338044853
sensor_only,hold,29,123,0,1,0,15.478298308278937,28.54661501167864
sensor_only,hold,30,115,0,1,0,16.33249015028442,30.714058211986945
sensor_only,hold,31,92,0,1,0,11.398353248225382,43.653010894015225
sensor_only,hold,32,118,0,1,0,16.573204950450982,30.647984747076855
sensor_only,hold,33,65,1,0,1,3.984296742447084,-137.47142620961014
sensor_only,hold,34,125,0,1,0,26.57110804150521,50.50079522105412
sensor_only,hold,35,67,1,0,1,3.9656304300276535,-139.52187515949126
sensor_only,hold,36,117,0,1,1,5.3867604900667825,12.665153010387336
sensor_only,hold,37,98,0,1,0,13.43861623121763,29.043707303038623
sensor_only,hold,38,65,1,0,1,4.312590062009257,-137.44554841405161
sensor_only,hold,39,105,0,1,0,13.342583441004951,28.91690921801991
sensor_only,hold,40,59,1,0,1,4.434729375753078,-133.3615925178366
sensor_only,hold,41,91,0,1,0,10.864527985848095,27.184386552959246
sensor_only,hold,42,62,1,0,1,4.296520764494491,-108.80277133796562
sensor_only,hold,43,60,1,0,1,4.350316324701112,-139.3945376976062
sensor_only,hold,44,120,0,1,0,10.344446034716725,18.616018838251417
sensor_only,hold,45,62,1,0,1,3.7961096457257177,-137.42037468729154
sensor_only,hold,46,92,0,1,1,4.622245412025673,41.65513589611663
sensor_only,hold,47,97,0,1,0,8.780321261613187,25.067644718262656
sensor_only,hold,48,109,0,1,0,11.017043968251864,24.83396722758574
sensor_only,hold,49,110,0,1,0,13.095625886180828,26.815690626797664
sensor_only,hold,50,96,0,1,0,8.37724602068488,23.09812949500063
sensor_only,hold,51,56,1,0,1,3.490398442176297,-135.28239104836922
sensor_only,hold,52,101,0,1,1,6.602565251780321,18.99113243661039
sensor_only,hold,53,125,0,1,0,22.732773650595103,40.50924557432926
sensor_only,hold,54,115,0,1,0,18.47983795190747,36.69945097048891
sensor_only,hold,55,94,0,1,0,13.050168522868205,31.11503474938854
sensor_only,hold,56,97,0,1,0,15.01764701670992,44.553197767646395
sensor_only,hold,57,62,1,0,1,3.1338020712408037,-137.35535197863211
sensor_only,hold,58,112,0,1,0,21.229987694978764,38.773282974683376
sensor_only,hold,59,102,0,1,0,17.452569502547043,34.973879645042935
sensor_only,hold,60,111,0,1,1,6.618926593591141,14.782443706212398
sensor_only,hold,61,109,0,1,0,12.466842908361633,26.820151256487634
sensor_only,hold,62,101,0,1,1,6.3433241098063675,18.98494736018356
sensor_only,hold,63,103,0,1,0,19.573215580029604,38.9564297209601
sensor_only,hold,64,91,0,1,1,7.462216898258298,23.17517834316778
sensor_only,hold,65,123,0,1,0,17.710919318936828,30.54350490777484
sensor_only,hold,66,92,0,1,0,10.738017955112289,29.170973915764883
sensor_only,hold,67,66,1,0,1,3.7180966811222214,-139.48145714406098
sensor_only,hold,68,105,0,1,0,11.886229313117731,24.89959173808673
sensor_only,hold,69,62,1,0,1,4.031001786990233,-135.4161339370737
sensor_only,hold,70,109,0,1,0,16.20431287694482,30.82674588751899
sensor_only,hold,71,114,0,1,0,8.623956412625484,18.726903157283996
sensor_only,hold,72,94,0,1,1,4.581343722559835,41.62002063653818
sensor_only,hold,73,105,0,1,1,6.732280424537028,16.907847971385465
sensor_only,hold,74,58,1,0,1,3.0093497151105937,-135.28259621151025
sensor_only,hold,75,70,1,0,1,4.054179157866692,-141.58271559015705
sensor_only,hold,76,95,0,1,0,8.868653653165522,23.10363355386374
sensor_only,hold,77,96,0,1,1,7.5316195330903914,21.09677026539078
sensor_only,hold,78,108,0,1,0,16.304388560892228,32.85825616381936
sensor_only,hold,79,92,0,1,0,15.650340821817824,45.167364645612416
sensor_only,hold,80,59,1,0,1,4.2060675118700805,-137.35792162670796
sensor_only,hold,81,70,1,0,1,4.17390583297412,-109.93644335597163
sensor_only,hold,82,90,0,1,0,10.393602608928688,27.208382550037935
sensor_only,hold,83,70,1,0,1,3.375298711911292,-143.51440715453072
sensor_only,hold,84,97,0,1,1,7.5994901434975635,23.058701736995925
sensor_only,hold,85,123,0,1,0,15.649660084738581,28.53991108730639
sensor_only,hold,86,65,1,0,1,3.8164719349058913,-109.86585995164522
sensor_only,hold,87,102,0,1,0,16.205107054029064,34.957405434930735
sensor_only,hold,88,116,0,1,0,14.049791571579142,26.687694822008094
sensor_only,hold,89,102,0,1,0,8.055821427772798,20.96227351669899
sensor_only,hold,90,109,0,1,0,12.893056966171608,24.81803462614157
sensor_only,hold,91,113,0,1,0,14.723470738353402,28.752370903604394
sensor_only,hold,92,63,1,0,1,3.662432710165935,-139.39436557091065
sensor_only,hold,93,55,1,0,1,3.5444890643590656,-133.273121788899
sensor_only,hold,94,115,0,1,0,14.582340364336794,26.71829586092324
sensor_only,hold,95,103,0,1,0,18.154336140204727,36.93819421203703
sensor_only,hold,96,97,0,1,1,7.407881116875455,21.05600217090707
sensor_only,hold,97,60,1,0,1,3.8278963347904793,-137.38209154299915
sensor_only,hold,98,91,0,1,0,13.25555264684587,33.17531838743423
sensor_only,hold,99,104,0,1,0,8.351499745782021,20.912363130993423
sensor_only,hold,100,94,0,1,1,7.044414012429536,21.117471599712246
sensor_only,hold,101,91,0,1,1,7.165399360691749,42.67521208484753
sensor_only,hold,102,118,0,1,0,10.819707897355775,20.647702054068834
sensor_only,hold,103,112,0,1,0,9.38583074973205,20.777195252789515
sensor_only,hold,104,94,0,1,0,9.815446920612716,27.120670664483573
sensor_only,hold,105,100,0,1,0,19.686303657247773,39.00254084505488
sensor_only,hold,106,58,1,0,1,4.2752639512221196,-108.73442642149047
sensor_only,hold,107,61,1,0,1,4.339795184767751,-135.38644331042545
sensor_only,hold,108,94,0,1,0,9.93684518012093,25.136231280110945
sensor_only,hold,109,103,0,1,0,9.665231020284326,22.940432410140353
sensor_only,hold,110,58,1,0,1,3.698920771303622,-135.26283433354155
sensor_only,hold,111,118,0,1,1,6.248869831471508,12.640592435005757
sensor_only,hold,112,120,0,1,0,17.00377754366657,30.609042776460004
sensor_only,hold,113,122,0,1,0,12.686916079153137,24.565983528255494
sensor_only,hold,114,62,1,0,1,3.9017867453813886,-109.32974862644713
sensor_only,hold,115,98,0,1,1,5.421423224729802,17.04201716812466
sensor_only,hold,116,117,0,1,0,14.496953430886814,26.65595097127445
sensor_only,hold,117,93,0,1,1,7.7703297401071305,42.64081038649724
sensor_only,hold,118,92,0,1,0,11.904592780308873,31.177050473544625
sensor_only,hold,119,56,1,0,1,3.614428120544197,-131.2751050691302
sensor_only,hold,120,61,1,0,1,3.9989985071734844,-109.26824486185727
sensor_only,hold,121,66,1,0,1,4.219677648360441,-108.84512293529662
sensor_only,hold,122,60,1,0,1,3.814652743393003,-108.79652030038997
sensor_only,hold,123,61,1,0,1,3.8347281913610702,-137.36696532676905
sensor_only,hold,124,58,1,0,1,4.135139162769351,-133.3423094959979
sensor_only,hold,125,57,1,0,1,3.7630064913924146,-133.31809947761616
sensor_only,hold,126,125,0,1,0,29.775253707663683,50.50335200083309
sensor_only,hold,127,122,0,1,0,11.930083855427487,20.55656116507911
sensor_only,hold,128,99,0,1,1,5.10339698264603,17.01215588631839
sensor_only,hold,129,69,1,0,1,3.621215440187077,-109.97711827243478
sensor_only,hold,130,65,1,0,1,3.232256698225866,-141.46550452455637
sensor_only,hold,131,100,0,1,1,6.4132885637991475,19.01039893914635
sensor_only,hold,132,119,0,1,0,16.452350830490282,28.633538780330724
sensor_only,hold,133,55,1,0,1,3.546896530448555,-133.278481582571
sensor_only,hold,134,56,1,0,1,3.609208543117365,-133.26864652845697
sensor_only,hold,135,68,1,0,1,4.344463211962191,-108.87937691614636
sensor_only,hold,136,119,0,1,0,10.173437817144938,18.616366321298003
sensor_only,hold,137,59,1,0,1,3.2242407018802264,-137.29016423368793
sensor_only,hold,138,102,0,1,0,10.762245495475876,24.959697330787115
sensor_only,hold,139,108,0,1,0,15.402457495633929,32.85609844209122
sensor_only,hold,140,60,1,0,1,4.30001554250623,-135.3858600037165
sensor_only,hold,141,97,0,1,0,19.610212187155305,41.062570861208876
sensor_only,hold,142,124,0,1,1,5.292364906824348,8.518320109525803
sensor_only,hold,143,108,0,1,0,17.626412484971734,34.852562468100096
sensor_only,hold,144,61,1,0,1,4.468298229977095,-109.30336918016044
sensor_only,hold,145,101,0,1,1,5.065885930195634,41.476605334324574
sensor_only,hold,146,58,1,0,1,3.705303187767103,-135.33396418781382
sensor_only,hold,147,55,1,0,1,3.445843078284572,-133.27105010440852
sensor_only,hold,148,61,1,0,1,3.453485102587722,-137.39282923341005
sensor_only,hold,149,122,0,1,0,13.807940986899979,24.57928105295166
sensor_only,hold,150,125,0,1,0,20.94154275877668,36.50174016124498
sensor_only,hold,151,64,1,0,1,3.6204407390194793,-137.45056308408195
sensor_only,hold,152,115,0,1,0,13.766146190905884,26.69516218868373
sensor_only,hold,153,91,0,1,1,7.252702327790309,23.167994461430975
sensor_only,hold,154,102,0,1,0,13.311090008595285,28.970097716507315
sensor_only,hold,155,112,0,1,0,18.790245876096265,36.77591290459072
sensor_only,hold,156,119,0,1,0,8.705011443379908,16.629142134074378
sensor_only,hold,157,114,0,1,0,19.76261634359582,36.73740189401427
sensor_only,hold,158,55,1,0,1,4.129413630789599,-131.28160224725022
sensor_only,hold,159,95,0,1,1,5.9576077552515825,19.10689083155668
sensor_only,hold,160,103,0,1,0,10.278711168379717,22.95106424241572
sensor_only,hold,161,106,0,1,0,15.875061266871159,32.89235848299537
sensor_only,hold,162,122,0,1,1,7.3470809786661775,12.567307405402559
sensor_only,hold,163,95,0,1,0,9.229968487311691,42.60391294047691
sensor_only,hold,164,122,0,1,0,13.974689946216932,26.568843588617657
sensor_only,hold,165,106,0,1,1,5.638414180850526,16.886383158440893
sensor_only,hold,166,98,0,1,1,6.711950403885734,42.05496386915639
sensor_only,hold,167,120,0,1,0,16.284564995053252,30.608123496957074
sensor_only,hold,168,73,1,0,1,4.458593385453566,-110.52522077115498
sensor_only,hold,169,105,0,1,0,13.361287034716254,28.891737821383817
sensor_only,hold,170,96,0,1,1,6.25867844914757,21.098125673917835
sensor_only,hold,171,121,0,1,0,18.99667826319218,32.59807347256525
sensor_only,hold,172,118,0,1,0,20.03373524363738,36.65920164390903
sensor_only,hold,173,122,0,1,0,18.33789554807445,34.56334472606577
sensor_only,hold,174,56,1,0,1,3.962075099708243,-131.29384337960298
sensor_only,hold,175,103,0,1,0,13.00310054694255,28.959563785634558
sensor_only,hold,176,92,0,1,0,13.824526308883485,44.65792468443787
sensor_only,hold,177,64,1,0,1,3.565794569239033,-139.4540684403305
sensor_only,hold,178,59,1,0,1,3.1315200608525027,-139.3443712094756
sensor_only,hold,179,56,1,0,1,3.437515086622103,-133.29525928887568
sensor_only,hold,180,102,0,1,0,8.591195256873712,20.96254423861624
sensor_only,hold,181,96,0,1,1,5.198482065361002,19.0970410895448
sensor_only,hold,182,118,0,1,0,9.861702915930604,20.654425681237527
sensor_only,hold,183,91,0,1,1,5.094168960547339,21.182049804077902
sensor_only,hold,184,125,0,1,0,12.940788896204191,22.51716728728582
sensor_only,hold,185,115,0,1,0,15.00657228311993,28.696306270822046
sensor_only,hold,186,63,1,0,1,3.9188576189536932,-137.42627416152231
sensor_only,hold,187,114,0,1,0,8.4507536250864,18.727762631450936
sensor_only,hold,188,121,0,1,0,14.587414861083658,26.59071984347234
sensor_only,hold,189,64,1,0,1,4.364874637978073,-137.45354507541697
sensor_only,hold,190,104,0,1,0,10.260424243463147,42.93768970028244
sensor_only,hold,191,90,0,1,0,11.400308014794406,29.18698196200675
sensor_only,hold,192,99,0,1,0,13.969513307421574,31.012028285511192
sensor_only,hold,193,65,1,0,1,3.700810760218431,-139.4331075204898
sensor_only,hold,194,93,0,1,0,11.860258236509175,29.131728930210226
sensor_only,hold,195,75,1,0,1,3.9832507094509015,-145.67959748400108
sensor_only,hold,196,60,1,0,1,4.439743286094411,-108.76441136325569
sensor_only,hold,197,56,1,0,1,3.167999241190596,-133.28654907897908
sensor_only,hold,198,95,0,1,0,14.582629769953204,33.09664394953627
sensor_only,hold,199,99,0,1,0,12.790981254558268,29.02604145829904
sensor_only,full,0,51,1,0,1,3.73823738350962,-65.21172134241371
sensor_only,full,1,80,0,1,1,7.665610134229053,-20.6885786116259
sensor_only,full,2,80,0,1,0,14.904292171260828,73.8858177178655
sensor_only,full,3,81,0,1,0,15.566082720466843,76.48271124806409
sensor_only,full,4,79,0,1,0,14.452750332626028,73.32286669306747
sensor_only,full,5,49,1,0,1,4.170954073757171,-189.23667183159228
sensor_only,full,6,80,0,1,1,7.212461973554881,83.31369739996717
sensor_only,full,7,51,1,0,1,4.029828365351161,-69.21263266816476
sensor_only,full,8,80,0,1,1,6.098561814088082,-26.406911727590455
sensor_only,full,9,79,0,1,0,12.775312424475517,77.31908635414867
sensor_only,full,10,79,0,1,0,18.35654938294394,71.32348808206218
sensor_only,full,11,81,0,1,1,6.861882621105369,82.18820556130558
sensor_only,full,12,80,0,1,1,7.638376921754023,-20.11542502242591
sensor_only,full,13,79,0,1,1,5.073862125348359,81.31877234101215
sensor_only,full,14,79,0,1,0,12.851037688459517,77.316824639168
sensor_only,full,15,48,1,0,1,4.472243510606533,-189.26263730934028
sensor_only,full,16,50,1,0,1,2.6880704083706823,-195.2358183851208
sensor_only,full,17,79,0,1,0,14.607387919018963,75.31763630806515
sensor_only,full,18,49,1,0,1,3.8664832638644304,-188.96967331077062
sensor_only,full,19,80,0,1,1,5.489328662380125,-26.697243635609993
sensor_only,full,20,50,1,0,1,3.4236684387422103,-194.664055249105
sensor_only,full,21,79,0,1,0,8.051810685243225,79.31377110196853
sensor_only,full,22,80,0,1,1,4.965564536074543,85.59724623426962
sensor_only,full,23,48,1,0,1,4.370149232589207,-189.26254593940553
sensor_only,full,24,80,0,1,0,8.871799258335152,79.59343638915227
sensor_only,full,25,81,0,1,0,10.880186561803654,82.19221800990735
sensor_only,full,26,52,1,0,1,4.290594858884828,-65.20560650390993
sensor_only,full,27,51,1,0,1,4.347683985043926,-65.20705385857458
sensor_only,full,28,51,1,0,1,4.200046879253521,-69.19717436528742
sensor_only,full,29,81,0,1,1,5.121669894074794,84.47792631281558
sensor_only,full,30,50,1,0,1,3.6729011761056043,-194.6691559776856
sensor_only,full,31,79,0,1,0,18.665692682214765,71.32095224692391
sensor_only,full,32,51,1,0,1,3.9117811331098458,-188.35984169476922
sensor_only,full,33,80,0,1,0,11.300459044024963,77.30498965474841
sensor_only,full,34,81,0,1,1,6.340003796693127,-25.528258604074537
sensor_only,full,35,80,0,1,0,13.739122367899226,75.59424747341811
sensor_only,full,36,81,0,1,0,13.883850659165267,76.19470300978477
sensor_only,full,37,48,1,0,1,4.449607695406313,-195.26180091627555
sensor_only,full,38,80,0,1,0,14.886491894973368,75.30903306030443
sensor_only,full,39,49,1,0,1,3.807129041347791,-189.25985208690213
sensor_only,full,40,79,0,1,0,9.95667216354785,77.31032917888177
sensor_only,full,41,48,1,0,1,4.332676501229475,-189.24700074705783
sensor_only,full,42,79,0,1,0,13.77301983791272,75.31328984646295
sensor_only,full,43,79,0,1,1,7.533386582716606,83.30465658337542
sensor_only,full,44,81,0,1,0,8.501634215690247,82.1874561756073
sensor_only,full,45,80,0,1,0,10.047576266248072,77.31671848876026
sensor_only,full,46,79,0,1,0,11.544109387991005,79.32106900528113
sensor_only,full,47,49,1,0,1,4.430476998113521,-189.24087090596004
sensor_only,full,48,53,1,0,1,4.2210108971191085,-66.89729889348664
sensor_only,full,49,51,1,0,1,3.4111964328925772,-194.93672259729564
sensor_only,full,50,49,1,0,1,4.2669720662583295,-189.2378051951052
sensor_only,full,51,79,0,1,1,6.640358187085341,83.32283717742098
sensor_only,full,52,79,0,1,1,5.253163424957413,81.30185059492882
sensor_only,full,53,50,1,0,1,4.161769604113053,-188.09770453193056
sensor_only,full,54,50,1,0,1,3.013165384839577,-194.6706935820538
sensor_only,full,55,79,0,1,1,4.585920480307177,-32.68310227423299
sensor_only,full,56,79,0,1,0,24.92049324639549,51.31007567055755
sensor_only,full,57,79,0,1,0,12.722323876188252,75.30710400280233
sensor_only,full,58,80,0,1,1,5.557123452847013,-32.40880835386021
sensor_only,full,59,80,0,1,1,5.854156775488638,-32.682018645491226
sensor_only,full,60,80,0,1,1,7.852800107833682,83.59280437062125
sensor_only,full,61,52,1,0,1,3.668478650907926,-66.91710607572813
sensor_only,full,62,80,0,1,1,6.106781732733,79.31975578881467
sensor_only,full,63,80,0,1,1,7.440633380846817,-20.684409142268223
sensor_only,full,64,48,1,0,1,4.130722192911268,-189.24751231426848
sensor_only,full,65,52,1,0,1,3.6455539163290935,-194.05603058435372
sensor_only,full,66,48,1,0,1,4.122200280639833,-189.24846077385905
sensor_only,full,67,80,0,1,0,13.858358354972303,77.30217582399061
sensor_only,full,68,51,1,0,1,3.1124494520504076,-189.22470079441473
sensor_only,full,69,80,0,1,0,11.72016283825072,75.31734417321863
sensor_only,full,70,49,1,0,1,4.123893967823248,-188.9716344003453
sensor_only,full,71,80,0,1,0,9.225304804885203,79.88487325564077
sensor_only,full,72,79,0,1,0,12.24818752938441,79.31721939590568
sensor_only,full,73,80,0,1,1,6.194728836876294,83.30969307417166
sensor_only,full,74,79,0,1,0,9.295318717220658,79.32047618826208
sensor_only,full,75,81,0,1,0,15.388737148684307,73.89865120171181
sensor_only,full,76,49,1,0,1,3.7170318149667922,-183.2365953050725
sensor_only,full,77,49,1,0,1,4.391333462568028,-189.23790534886592
sensor_only,full,78,49,1,0,1,3.878973775659969,-189.26778914356828
sensor_only,full,79,79,0,1,0,22.931605752918905,65.32174091459409
sensor_only,full,80,79,0,1,0,8.483181149024986,83.31077221746628
sensor_only,full,81,80,0,1,0,18.869456425741244,71.30407487594613
sensor_only,full,82,48,1,0,1,4.281203109324296,-189.2449133398855
sensor_only,full,83,80,0,1,0,17.426036482230217,73.59197335217625
sensor_only,full,84,51,1,0,1,3.4731762500080863,-195.20472299834404
sensor_only,full,85,81,0,1,1,4.856376774994838,84.47715701001874
sensor_only,full,86,79,0,1,0,14.948738498409549,75.30182750604433
sensor_only,full,87,49,1,0,1,4.298021679117186,-183.2538866444121
sensor_only,full,88,81,0,1,1,4.523183625133106,81.89783945968779
sensor_only,full,89,80,0,1,1,4.835300083824566,81.31694714505238
sensor_only,full,90,51,1,0,1,3.8885615582357067,-188.93572165844853
sensor_only,full,91,52,1,0,1,3.321120503465882,-194.62690883175668
sensor_only,full,92,80,0,1,0,12.491888527168905,77.31910637794701
sensor_only,full,93,79,0,1,1,5.4360365319041115,83.3249035380649
sensor_only,full,94,52,1,0,1,4.19420050689054,-68.6319099093765
sensor_only,full,95,80,0,1,1,5.727190030435803,-26.68601815776144
sensor_only,full,96,51,1,0,1,3.271728125006463,-195.20491984170468
sensor_only,full,97,79,0,1,0,8.155395017370692,79.30634419755943
sensor_only,full,98,79,0,1,1,6.344492999273925,-20.677104534031443
sensor_only,full,99,80,0,1,1,5.0617695476332765,83.31092105028097
sensor_only,full,100,49,1,0,1,4.238422348913727,-189.2349450580831
sensor_only,full,101,79,0,1,0,14.39989268060739,75.3228895602693
sensor_only,full,102,81,0,1,0,8.814607221858592,80.19212689489653
sensor_only,full,103,80,0,1,1,5.968391790760155,83.59157934937554
sensor_only,full,104,48,1,0,1,4.117577044816982,-189.2531386668075
sensor_only,full,105,79,0,1,0,8.806626648496584,-14.696426598379404
sensor_only,full,106,79,0,1,0,9.816018736023123,81.32475557706223
sensor_only,full,107,79,0,1,1,6.921083423750561,81.30436755860993
sensor_only,full,108,48,1,0,1,3.9376129809819664,-189.25213475612185
sensor_only,full,109,52,1,0,1,3.8423636775469165,-67.2010206696935
sensor_only,full,110,79,0,1,0,10.077802510732171,79.32226365495248
sensor_only,full,111,81,0,1,0,12.173230354912521,80.19133693722284
sensor_only,full,112,52,1,0,1,4.434460358488899,-68.34690591517665
sensor_only,full,113,81,0,1,1,6.1985861792142805,86.48068569748409
sensor_only,full,114,79,0,1,0,12.720905046373366,77.31019409204704
sensor_only,full,115,79,0,1,1,5.283582424782443,81.30847711522549
sensor_only,full,116,81,0,1,1,5.269372795925075,82.19367174678074
sensor_only,full,117,79,0,1,0,15.519188834681788,75.31936067738025
sensor_only,full,118,79,0,1,1,4.731675311687293,-32.677726897057994
sensor_only,full,119,79,0,1,1,7.568312019871343,79.32349953916997
sensor_only,full,120,79,0,1,0,11.535251528306823,79.31813551381427
sensor_only,full,121,79,0,1,0,15.895728724576383,73.30316025411733
sensor_only,full,122,79,0,1,0,11.197065160376784,79.31650030843491
sensor_only,full,123,79,0,1,0,10.840793844512154,79.30696462309746
sensor_only,full,124,79,0,1,0,8.669674808104599,77.31404900926341
sensor_only,full,125,79,0,1,1,5.098038757381135,83.3180207702554
sensor_only,full,126,81,0,1,0,10.30662062297649,-7.5279699353898195
sensor_only,full,127,81,0,1,1,7.542463032027294,84.47959550670336
sensor_only,full,128,79,0,1,1,5.898730724983597,81.30518497031169
sensor_only,full,129,80,0,1,0,18.030245296685663,71.59914380887083
sensor_only,full,130,80,0,1,0,11.40197996234798,81.30591491803806
sensor_only,full,131,79,0,1,1,5.033662809722861,81.30420839912293
sensor_only,full,132,52,1,0,1,4.280079732884589,-68.34364335470933
sensor_only,full,133,52,1,0,1,4.397557698070122,-67.17239273912693
sensor_only,full,134,79,0,1,1,7.531149890239329,81.32408667923117
sensor_only,full,135,80,0,1,0,17.38695684666613,73.31456727992062
sensor_only,full,136,81,0,1,1,7.575052972210433,84.1880647642108
sensor_only,full,137,79,0,1,0,10.031815423363984,79.31839128617021
sensor_only,full,138,50,1,0,1,3.856959122885477,-189.23528241606846
sensor_only,full,139,49,1,0,1,3.8620974810187256,-189.26799079980455
sensor_only,full,140,79,0,1,1,7.511276358641728,79.30583321983505
sensor_only,full,141,79,0,1,0,10.183211068394725,-8.689240874703529
sensor_only,full,142,81,0,1,0,15.615813044863634,76.47419578482408
sensor_only,full,143,49,1,0,1,3.7833489931198696,-189.26832126466354
sensor_only,full,144,79,0,1,0,12.26540104680337,79.31455359564794
sensor_only,full,145,80,0,1,0,17.246486480054465,71.31908842674596
sensor_only,full,146,79,0,1,1,7.833849382225484,81.31506903286169
sensor_only,full,147,51,1,0,1,3.9891118263066514,-67.19010463929709
sensor_only,full,148,79,0,1,0,9.315681848373698,77.30351610221199
sensor_only,full,149,81,0,1,1,5.215448151240309,86.48222425406051
sensor_only,full,150,51,1,0,1,4.287863676762813,-182.08015191727878
sensor_only,full,151,80,0,1,0,12.414837319909909,77.30961220887588
sensor_only,full,152,51,1,0,1,4.350710331017912,-66.65274503277013
sensor_only,full,153,48,1,0,1,4.3651880432187,-189.2479114188094
sensor_only,full,154,49,1,0,1,3.1300899826077355,-195.2527556490241
sensor_only,full,155,49,1,0,1,4.19320665980066,-188.9789477301757
sensor_only,full,156,81,0,1,0,8.637986212782069,84.1894722690082
sensor_only,full,157,49,1,0,1,4.423030258864436,-188.68441183426398
sensor_only,full,158,50,1,0,1,4.401466635664795,-69.2094816895602
sensor_only,full,159,50,1,0,1,4.327843305903215,-67.21798739373043
sensor_only,full,160,50,1,0,1,4.171273187017158,-189.23688256684568
sensor_only,full,161,49,1,0,1,3.5376641505030055,-195.26301347780998
sensor_only,full,162,81,0,1,0,12.937440039831042,78.48083887335235
sensor_only,full,163,79,0,1,0,17.6133411362265,73.31542252811553
sensor_only,full,164,81,0,1,1,5.721142343891933,84.48101661355906
sensor_only,full,165,80,0,1,0,8.969297465872378,79.30681744366103
sensor_only,full,166,79,0,1,0,16.766078818912327,73.30941141323808
sensor_only,full,167,52,1,0,1,4.4977647903269355,-68.34700634066857
sensor_only,full,168,80,0,1,0,20.713936406890298,69.88680987147416
sensor_only,full,169,50,1,0,1,2.7957541066150653,-189.2438559787131
sensor_only,full,170,51,1,0,1,4.347285268400024,-69.2010054766587
sensor_only,full,171,51,1,0,1,3.2407568395310107,-188.36704870713876
sensor_only,full,172,50,1,0,1,3.4197657608073473,-188.376995372899
sensor_only,full,173,51,1,0,1,3.798882014395326,-194.07161961847174
sensor_only,full,174,79,0,1,1,7.265534806875737,79.32179605639972
sensor_only,full,175,49,1,0,1,3.2670970993732222,-195.25453260714988
sensor_only,full,176,79,0,1,0,21.35996384643393,67.32122223540867
sensor_only,full,177,80,0,1,0,11.396334713061671,79.30905580312213
sensor_only,full,178,79,0,1,1,7.3480755891434315,83.31240761264948
sensor_only,full,179,79,0,1,1,5.891506507031017,79.32166733737493
sensor_only,full,180,52,1,0,1,3.9988665499407365,-69.19822873121242
sensor_only,full,181,52,1,0,1,4.117098493931374,-67.18268539340195
sensor_only,full,182,81,0,1,0,8.532835396016148,82.19287396458195
sensor_only,full,183,50,1,0,1,3.500376555469524,-189.21033056644012
sensor_only,full,184,81,0,1,0,9.293975366560217,80.47358985501614
sensor_only,full,185,51,1,0,1,4.247486820141297,-188.65262460307133
sensor_only,full,186,80,0,1,0,9.640408097004377,79.31448278300482
sensor_only,full,187,80,0,1,0,8.631800520577224,79.88496452723372
sensor_only,full,188,81,0,1,1,6.207345620005815,82.48411731507177
sensor_only,full,189,80,0,1,0,12.800956585055559,79.30913887691793
sensor_only,full,190,80,0,1,0,23.263945934308644,65.31313405148099
sensor_only,full,191,79,0,1,1,4.933832527554326,-32.67571562011199
sensor_only,full,192,49,1,0,1,3.645208901005108,-195.24682544608072
sensor_only,full,193,80,0,1,0,14.60063688794104,75.31091925493111
sensor_only,full,194,48,1,0,1,4.219411341517313,-183.25163159150804
sensor_only,full,195,81,0,1,0,18.498383291316326,72.475816692216
sensor_only,full,196,79,0,1,0,12.191407343389052,77.31976562407569
sensor_only,full,197,79,0,1,1,6.245664271301934,81.32245917463825
sensor_only,full,198,79,0,1,1,5.829624617306584,-26.685055025034544
sensor_only,full,199,48,1,0,1,4.4080160579066465,-189.26408151360823
sensor_only,rule,0,122,0,1,0,18.303006324821602,56.663894695992596
sensor_only,rule,1,108,0,1,0,23.170936321534665,63.65246317289214
sensor_only,rule,2,136,0,1,0,13.080652888925103,45.38192932598712
sensor_only,rule,3,91,0,1,1,6.59140422148002,82.7634849922564
sensor_only,rule,4,85,0,1,0,9.062271488050717,78.60870691483424
sensor_only,rule,5,119,0,1,0,18.042911535342213,60.732227312018765
sensor_only,rule,6,127,0,1,0,17.162180990514432,51.873843599540464
sensor_only,rule,7,122,0,1,0,18.28697273422798,56.65203089400798
sensor_only,rule,8,110,0,1,0,22.83224579858118,62.70118379024008
sensor_only,rule,9,86,0,1,1,7.08600866445946,80.5939708331894
sensor_only,rule,10,85,0,1,0,13.308405061378041,74.60410320420945
sensor_only,rule,11,128,0,1,0,17.240511860693367,53.85787279121619
sensor_only,rule,12,109,0,1,0,23.401295402399356,64.0178147981668
sensor_only,rule,13,124,0,1,0,15.61973545384052,56.920512990749174
sensor_only,rule,14,86,0,1,1,6.644316808753932,80.57587711334409
sensor_only,rule,15,113,0,1,0,20.003662419529242,60.831557669236126
sensor_only,rule,16,121,0,1,0,19.8927654850182,56.690688198389026
sensor_only,rule,17,86,0,1,0,8.897665508104527,80.58237046452126
sensor_only,rule,18,116,0,1,0,21.36699931663459,58.283393569216194
sensor_only,rule,19,110,0,1,0,22.501604211085997,62.096684371851126
sensor_only,rule,20,120,0,1,0,20.51784610153207,57.803958779708694
sensor_only,rule,21,127,0,1,0,14.321970480500875,54.87491983543361
sensor_only,rule,22,126,0,1,0,18.33741487349464,52.38553629851849
sensor_only,rule,23,113,0,1,0,19.899640913315604,60.832836848322806
sensor_only,rule,24,129,0,1,0,16.320198487500026,48.91479434649926
sensor_only,rule,25,134,0,1,0,14.955285849532936,46.01384887059063
sensor_only,rule,26,125,0,1,0,18.410477643399688,51.808079351516874
sensor_only,rule,27,124,0,1,0,17.785938541605258,53.933966924415785
sensor_only,rule,28,122,0,1,0,16.18323965808814,60.65237030003689
sensor_only,rule,29,125,0,1,0,17.907928688823265,57.900375913509485
sensor_only,rule,30,120,0,1,0,20.336881321064684,58.10809655461782
sensor_only,rule,31,86,0,1,0,13.382616888732521,74.59765201985434
sensor_only,rule,32,123,0,1,0,20.12368152010876,57.34655640293493
sensor_only,rule,33,131,0,1,0,15.104184904941652,48.2997455117294
sensor_only,rule,34,111,0,1,0,22.460502872541365,64.49177382512867
sensor_only,rule,35,133,0,1,0,13.70840872052579,47.838009681017446
sensor_only,rule,36,135,0,1,0,13.270024366404341,45.99220640855077
sensor_only,rule,37,114,0,1,0,21.063670917961254,61.835865208694386
sensor_only,rule,38,135,0,1,0,13.110842323153312,44.20888300807941
sensor_only,rule,39,118,0,1,0,20.893671646374074,57.74992287027246
sensor_only,rule,40,128,0,1,0,14.039681681746023,53.83357224542674
sensor_only,rule,41,111,0,1,0,19.342412985469085,65.87798356472787
sensor_only,rule,42,87,0,1,1,6.703027645587178,80.56077890330685
sensor_only,rule,43,129,0,1,0,16.32152567621126,47.41738533400688
sensor_only,rule,44,130,0,1,0,16.350882307867828,50.106665127180115
sensor_only,rule,45,130,0,1,0,15.670093288972987,49.11696500556379
sensor_only,rule,46,85,0,1,1,6.795560056768247,82.60322104753021
sensor_only,rule,47,118,0,1,0,18.179906311524054,59.73687200038251
sensor_only,rule,48,123,0,1,0,18.789535448369588,56.142714090420895
sensor_only,rule,49,123,0,1,0,19.86417425162319,56.158254829993815
sensor_only,rule,50,119,0,1,0,18.41858333095772,59.724792425369145
sensor_only,rule,51,125,0,1,0,14.237445644985021,54.191322000040316
sensor_only,rule,52,124,0,1,0,17.568090845975906,53.91397289703072
sensor_only,rule,53,117,0,1,0,21.076343253395066,61.37751102114679
sensor_only,rule,54,116,0,1,0,20.524107116559268,60.19550650531774
sensor_only,rule,55,110,0,1,0,20.21713547966954,64.91390868476725
sensor_only,rule,56,89,0,1,0,17.452347837021783,72.53004536446039
sensor_only,rule,57,132,0,1,0,13.201430974235759,49.05576804588839
sensor_only,rule,58,112,0,1,0,22.974154506310818,61.664162974683386
sensor_only,rule,59,110,0,1,0,22.37815374111905,61.913418626828445
sensor_only,rule,60,130,0,1,0,16.443532180927267,48.91935307364926
sensor_only,rule,61,124,0,1,0,19.162263383630464,56.13614115322191
sensor_only,rule,62,125,0,1,0,16.907915885244257,56.614774726627566
sensor_only,rule,63,108,0,1,0,22.956714821603985,63.953553530811114
sensor_only,rule,64,116,0,1,0,17.763345026089702,62.78561677182539
sensor_only,rule,65,124,0,1,0,19.47541830635112,54.530199866035254
sensor_only,rule,66,110,0,1,0,18.562300362978306,65.90259512987218
sensor_only,rule,67,136,0,1,0,13.637257195681169,43.472493623873305
sensor_only,rule,68,122,0,1,0,19.861564535149103,55.57576038758176
sensor_only,rule,69,132,0,1,0,14.38082988985139,48.075476299071234
sensor_only,rule,70,117,0,1,0,20.973309286436574,58.27198632363155
sensor_only,rule,71,131,0,1,0,16.32537673909315,49.19754026944175
sensor_only,rule,72,86,0,1,1,6.938020990732709,82.58539193459457
sensor_only,rule,73,127,0,1,0,17.42006544902423,51.779252734563
sensor_only,rule,74,127,0,1,0,12.845309599855053,55.8655199535037
sensor_only,rule,75,91,0,1,1,6.5219550314353985,83.87101800784582
sensor_only,rule,76,119,0,1,0,18.435200770702828,60.73373233357359
sensor_only,rule,77,121,0,1,0,18.30005996374385,58.680914019440976
sensor_only,rule,78,116,0,1,0,21.281167213408587,58.998264848964666
sensor_only,rule,79,86,0,1,0,17.43595764525947,70.58866551177852
sensor_only,rule,80,128,0,1,0,14.571264707866249,51.143530231173926
sensor_only,rule,81,91,0,1,0,9.262272100805422,78.67018679289299
sensor_only,rule,82,110,0,1,0,18.64208936649417,65.91464919049592
sensor_only,rule,83,91,0,1,0,8.59010979545917,81.26754433835188
sensor_only,rule,84,121,0,1,0,17.26662355448101,58.696177171244976
sensor_only,rule,85,126,0,1,0,18.146479209366337,54.497507589453186
sensor_only,rule,86,89,0,1,1,6.82437847010591,82.51219878928825
sensor_only,rule,87,110,0,1,0,21.15384867668133,61.89611952878657
sensor_only,rule,88,125,0,1,0,18.87899561257483,54.319274416773844
sensor_only,rule,89,124,0,1,0,18.46053559942981,52.92579764904929
sensor_only,rule,90,122,0,1,0,19.613434549631435,56.16034175706593
sensor_only,rule,91,123,0,1,0,19.37006469972912,56.73394687714056
sensor_only,rule,92,135,0,1,0,14.034528279978987,42.6004718306125
sensor_only,rule,93,124,0,1,0,14.155419517117261,57.91950703639674
sensor_only,rule,94,123,0,1,0,18.825773166680897,57.03926258800558
sensor_only,rule,95,110,0,1,0,22.478569403989308,61.919220089333706
sensor_only,rule,96,121,0,1,0,17.95603028576776,58.690882713633854
sensor_only,rule,97,126,0,1,0,15.553000774308295,53.8777680868662
sensor_only,rule,98,106,0,1,0,19.55695180475111,67.99552478533991
sensor_only,rule,99,124,0,1,0,18.50780510056767,55.615921020506754
sensor_only,rule,100,121,0,1,0,17.745469582039792,59.67885883833831
sensor_only,rule,101,85,0,1,0,9.244225890720998,78.60892186653147
sensor_only,rule,102,128,0,1,0,16.226415265118668,53.537141203989236
sensor_only,rule,103,126,0,1,0,17.412847276392238,52.678259879267536
sensor_only,rule,104,114,0,1,0,18.60216861181456,62.83095510845847
sensor_only,rule,105,106,0,1,0,23.004174555272396,64.69290089627037
sensor_only,rule,106,84,0,1,1,5.783347383753048,82.6229690781477
sensor_only,rule,107,127,0,1,0,16.6745200245052,50.169589048106545
sensor_only,rule,108,116,0,1,0,19.494696934902304,62.798457174330785
sensor_only,rule,109,123,0,1,0,19.446873652658546,55.6512309219325
sensor_only,rule,110,130,0,1,0,12.317863966876514,53.10352229777436
sensor_only,rule,111,135,0,1,0,14.31897670179542,46.01366996829707
sensor_only,rule,112,123,0,1,0,19.143167980099552,57.65047679603457
sensor_only,rule,113,129,0,1,0,17.49617499724813,50.43984637699754
sensor_only,rule,114,87,0,1,1,6.044505995511578,82.54607864432936
sensor_only,rule,115,126,0,1,0,17.253096821222847,54.898485629026524
sensor_only,rule,116,126,0,1,0,18.13030214720471,53.58268371904564
sensor_only,rule,117,86,0,1,0,9.941581004767782,78.59016553193874
sensor_only,rule,118,108,0,1,0,18.948546975478056,66.93632440295902
sensor_only,rule,119,127,0,1,0,12.480560258176274,57.869308387083535
sensor_only,rule,120,86,0,1,1,6.359561095295548,82.5987722725761
sensor_only,rule,121,89,0,1,1,7.420094468833499,80.51253668352737
sensor_only,rule,122,86,0,1,1,5.428594886942555,82.5797590827402
sensor_only,rule,123,132,0,1,0,13.806989971438488,46.35636570322086
sensor_only,rule,124,127,0,1,0,14.243526772128707,54.87848216674146
sensor_only,rule,125,122,0,1,0,15.223579412088265,60.652272200150776
sensor_only,rule,126,107,0,1,0,23.90910951406598,62.05556477490572
sensor_only,rule,127,128,0,1,0,16.59063411491,54.134399239380514
sensor_only,rule,128,125,0,1,0,16.542396283238904,53.89876703983131
sensor_only,rule,129,91,0,1,0,8.65788293083585,80.97860848152428
sensor_only,rule,130,134,0,1,0,15.083000879944086,44.21442840990626
sensor_only,rule,131,123,0,1,0,17.11173415947761,56.63953808662474
sensor_only,rule,132,123,0,1,0,18.99135774118305,57.636454671189426
sensor_only,rule,133,122,0,1,0,14.477691255523178,61.65689571312792
sensor_only,rule,134,126,0,1,0,13.045504495461552,57.87224698077962
sensor_only,rule,135,91,0,1,1,7.733287934754903,80.48752974172841
sensor_only,rule,136,130,0,1,0,16.813797171226593,50.112704198707256
sensor_only,rule,137,131,0,1,0,13.156373794946225,49.39245120035465
sensor_only,rule,138,121,0,1,0,19.865637605040217,56.69783445242041
sensor_only,rule,139,116,0,1,0,20.609861463700295,58.99594580224762
sensor_only,rule,140,127,0,1,0,16.336826765866626,53.87875321240207
sensor_only,rule,141,104,0,1,0,22.712627378212403,64.33460998650534
sensor_only,rule,142,92,0,1,1,6.988813215944578,85.07038313929634
sensor_only,rule,143,114,0,1,0,21.867173772461378,60.018929709301915
sensor_only,rule,144,86,0,1,1,6.442374407751477,82.56498465587164
sensor_only,rule,145,90,0,1,0,8.335965493012036,80.50592688053527
sensor_only,rule,146,126,0,1,0,14.48401714788551,55.87660485128547
sensor_only,rule,147,122,0,1,0,14.635341256845873,61.673547729010544
sensor_only,rule,148,127,0,1,0,15.355596592399529,52.85425860983893
sensor_only,rule,149,126,0,1,0,17.639712980146943,54.187070839826035
sensor_only,rule,150,122,0,1,0,20.39262348371649,59.27600128637613
sensor_only,rule,151,133,0,1,0,14.572497238756503,44.250081157161674
sensor_only,rule,152,125,0,1,0,19.206659623655263,53.31950132804203
sensor_only,rule,153,116,0,1,0,17.75963285985906,62.776437367383984
sensor_only,rule,154,115,0,1,0,20.625104440386853,58.798481779027966
sensor_only,rule,155,114,0,1,0,21.531471500813534,60.61453331728603
sensor_only,rule,156,132,0,1,0,15.624939971969981,46.37877440308269
sensor_only,rule,157,114,0,1,0,21.664142410464393,60.91436189401424
sensor_only,rule,158,120,0,1,0,15.034759304816795,62.6981757884671
sensor_only,rule,159,122,0,1,0,17.53230190158153,56.96034755976983
sensor_only,rule,160,121,0,1,0,19.742828506465433,56.67649910872439
sensor_only,rule,161,114,0,1,0,21.119332751490756,59.72514770074738
sensor_only,rule,162,134,0,1,0,14.016884074514119,46.61636929684748
sensor_only,rule,163,87,0,1,0,11.580031115672151,78.56974773429623
sensor_only,rule,164,126,0,1,0,17.823458972494088,54.17628833534876
sensor_only,rule,165,128,0,1,0,16.691871226845194,51.75194153449528
sensor_only,rule,166,88,0,1,0,9.453389537228317,78.53642764119724
sensor_only,rule,167,124,0,1,0,19.210680488260987,54.91528462290511
sensor_only,rule,168,92,0,1,0,11.589760445352859,79.56726104545848
sensor_only,rule,169,120,0,1,0,21.057234356082756,56.604673853314154
sensor_only,rule,170,123,0,1,0,16.403022358614898,58.658224549662805
sensor_only,rule,171,121,0,1,0,20.783620090890807,58.672633472565266
sensor_only,rule,172,116,0,1,0,20.61046585277887,60.4901732397396
sensor_only,rule,173,123,0,1,0,20.257820655578012,57.94880046760344
sensor_only,rule,174,124,0,1,0,13.017896118293452,60.628982987433325
sensor_only,rule,175,116,0,1,0,20.53648449340167,58.784901130862416
sensor_only,rule,176,86,0,1,0,15.735807285337382,72.58894680116848
sensor_only,rule,177,133,0,1,0,15.015172276213448,44.2427366012123
sensor_only,rule,178,127,0,1,0,15.422554495859663,52.15133702769094
sensor_only,rule,179,124,0,1,0,14.550649519364812,57.92341649942345
sensor_only,rule,180,124,0,1,0,18.732436892523737,52.926127340097
sensor_only,rule,181,123,0,1,0,16.789052069962125,58.65443171499442
sensor_only,rule,182,130,0,1,0,16.58795018684543,49.80186626392867
sensor_only,rule,183,119,0,1,0,15.516338628899094,62.71475863201326
sensor_only,rule,184,131,0,1,0,15.684927664278097,53.39723151086428
sensor_only,rule,185,122,0,1,0,19.51043826597834,57.0513819190305
sensor_only,rule,186,129,0,1,0,16.170745595473033,50.83710624717976
sensor_only,rule,187,130,0,1,0,16.82683930739886,49.19256866776255
sensor_only,rule,188,127,0,1,0,17.572461857513176,54.16617583564604
sensor_only,rule,189,133,0,1,0,13.934983725758904,44.243833175316816
sensor_only,rule,190,92,0,1,0,13.483440125602545,76.46912322637539
sensor_only,rule,191,109,0,1,0,19.159225591089044,66.92550260558123
sensor_only,rule,192,112,0,1,0,20.473030502253255,61.86467693562999
sensor_only,rule,193,137,0,1,0,13.840133799595057,40.573926518959155
sensor_only,rule,194,111,0,1,0,19.525310276031767,64.89731415568617
sensor_only,rule,195,92,0,1,0,9.85124754022728,83.06759653259375
sensor_only,rule,196,85,0,1,1,6.478167899411958,80.58693738859291
sensor_only,rule,197,123,0,1,0,14.000074492340412,60.632323861173646
sensor_only,rule,198,108,0,1,0,20.778156203538384,64.94750747447215
sensor_only,rule,199,114,0,1,0,20.381470196835856,60.82036862028357
