mode,policy,episode,steps,collision,arrived,near_miss,min_distance,reward
perfect_v2v,random,0,700,0,0,0,30.844958109892065,-704.6987529312621
perfect_v2v,random,1,449,0,1,0,25.36761383474696,-395.76002732815226
perfect_v2v,random,2,700,0,0,0,39.559151978116006,-727.4143247878815
perfect_v2v,random,3,700,0,0,0,42.963717993596,-714.9504116692468
perfect_v2v,random,4,700,0,0,0,17.80696323762473,-722.695555400669
perfect_v2v,random,5,700,0,0,0,22.964733289653594,-732.2693592982981
perfect_v2v,random,6,564,0,1,0,17.5930641185368,-576.361913000162
perfect_v2v,random,7,700,0,0,0,25.84666869132458,-712.1920460902589
perfect_v2v,random,8,700,0,0,0,45.25515493055344,-712.4060339454599
perfect_v2v,random,9,289,0,1,0,10.453617933157162,-292.16002842030326
perfect_v2v,random,10,700,0,0,0,15.06498188116478,-728.1196537544424
perfect_v2v,random,11,700,0,0,0,39.27617933240376,-721.8846403294922
perfect_v2v,random,12,700,0,0,0,30.320915435835424,-736.2608825560627
perfect_v2v,random,13,700,0,0,0,21.961658331495713,-684.6600891925341
perfect_v2v,random,14,700,0,0,0,18.306832756650575,-745.1724333906402
perfect_v2v,random,15,700,0,0,0,45.04599737469869,-695.3293465466998
perfect_v2v,random,16,216,0,1,0,15.050830390370727,-189.70030818510682
perfect_v2v,random,17,640,0,1,0,17.787070086543643,-590.7808381160305
perfect_v2v,random,18,700,0,0,0,25.47539190000739,-751.6743199261558
perfect_v2v,random,19,700,0,0,0,42.06158396476598,-694.8782969675591
perfect_v2v,random,20,700,0,0,0,41.58003071716364,-700.9543854151723
perfect_v2v,random,21,700,0,0,0,42.156388597383675,-711.4643683889545
perfect_v2v,random,22,700,0,0,0,44.22389907271387,-711.8962737023645
perfect_v2v,random,23,700,0,0,0,34.41841468598532,-716.2483849293362
perfect_v2v,random,24,700,0,0,0,21.139148545634416,-766.6294250242203
perfect_v2v,random,25,700,0,0,0,50.278500234357,-722.5518275265192
perfect_v2v,random,26,700,0,0,0,23.01266664595944,-743.15517224871
perfect_v2v,random,27,700,0,0,0,17.48298839882315,-771.2154733871541
perfect_v2v,random,28,700,0,0,0,22.185118626029773,-747.6867555346979
perfect_v2v,random,29,700,0,0,0,50.08077151945878,-701.9515094786386
perfect_v2v,random,30,700,0,0,0,24.675990520671046,-707.8103640286696
perfect_v2v,random,31,700,0,0,0,12.283860758447366,-697.69161726743
perfect_v2v,random,32,700,0,0,0,19.140825078036382,-789.4806084219614
perfect_v2v,random,33,700,0,0,0,17.540705971794882,-756.1347410361617
perfect_v2v,random,34,700,0,0,0,43.35794764273931,-702.9660807964874
perfect_v2v,random,35,700,0,0,0,45.193672100696745,-715.2757807373956
perfect_v2v,random,36,700,0,0,0,22.880730655835244,-752.5200238509689
perfect_v2v,random,37,112,0,1,0,8.299224844461476,-139.02346788836743
perfect_v2v,random,38,700,0,0,0,20.172410548992666,-777.1874597716802
perfect_v2v,random,39,700,0,0,0,39.81125176079566,-715.4713074781214
perfect_v2v,random,40,495,0,1,1,7.83982100324441,-500.5802119704224
perfect_v2v,random,41,700,0,0,0,32.29345285293349,-697.7952047811686
perfect_v2v,random,42,700,0,0,0,12.625156685028049,-719.7271873393023
perfect_v2v,random,43,700,0,0,0,35.370789221933485,-704.4332596804338
perfect_v2v,random,44,700,0,0,0,39.02023305900415,-714.4733821813657
perfect_v2v,random,45,700,0,0,0,52.20883803733563,-686.9120748052509
perfect_v2v,random,46,89,0,1,1,7.235602330916192,54.439658164315986
perfect_v2v,random,47,442,0,1,0,20.007688383150533,-436.1217501081013
perfect_v2v,random,48,700,0,0,0,32.74569524428233,-717.6847017971895
perfect_v2v,random,49,700,0,0,0,21.636227615677218,-724.3076994565024
perfect_v2v,random,50,700,0,0,0,40.80735575458985,-700.9102558327003
perfect_v2v,random,51,264,0,1,0,8.049618521696102,-242.46012309675854
perfect_v2v,random,52,700,0,0,0,26.569480933624675,-740.7856655664799
perfect_v2v,random,53,700,0,0,0,50.90362128941582,-723.442485127686
perfect_v2v,random,54,700,0,0,0,45.13445526390605,-717.4750524045618
perfect_v2v,random,55,134,0,1,0,21.015900672981722,-73.96003347072153
perfect_v2v,random,56,700,0,0,0,8.669256801181268,-680.1377556976088
perfect_v2v,random,57,700,0,0,0,44.28342714832244,-693.4878986598923
perfect_v2v,random,58,700,0,0,0,44.991175386346995,-703.0008613566702
perfect_v2v,random,59,700,0,0,0,37.02193248826996,-697.3134646364568
perfect_v2v,random,60,700,0,0,0,50.49972789428404,-701.0569558423526
perfect_v2v,random,61,450,0,1,0,25.366345533203443,-401.1802223465128
perfect_v2v,random,62,700,0,0,0,50.70149514551901,-700.9491231599526
perfect_v2v,random,63,700,0,0,0,27.059759029266687,-684.0871037432601
perfect_v2v,random,64,700,0,0,0,42.872608705141594,-693.4682826894623
perfect_v2v,random,65,700,0,0,0,59.49773746576424,-700.6108006678309
perfect_v2v,random,66,547,0,1,0,19.23180486662617,-505.1207383456418
perfect_v2v,random,67,700,0,0,1,6.481266871367377,-735.0499718688343
perfect_v2v,random,68,700,0,0,0,27.832444070619914,-713.8383822773192
perfect_v2v,random,69,700,0,0,0,20.733325194224673,-736.2984078215454
perfect_v2v,random,70,700,0,0,0,39.72052714496063,-702.942603855203
perfect_v2v,random,71,700,0,0,0,24.97962364042665,-720.302533004378
perfect_v2v,random,72,556,0,1,0,14.314538694725718,-516.1000440164789
perfect_v2v,random,73,580,0,1,0,17.8383579924517,-605.0801461155853
perfect_v2v,random,74,137,0,1,1,5.203571347847043,-147.52068657757536
perfect_v2v,random,75,700,0,0,0,27.013406227499154,-738.8750195958612
perfect_v2v,random,76,700,0,0,0,22.63981048436926,-728.6076326129222
perfect_v2v,random,77,197,0,1,0,13.043162765052806,-181.32064265802646
perfect_v2v,random,78,113,0,1,0,17.21872650945559,-87.14443946932161
perfect_v2v,random,79,700,0,0,0,22.02111938428072,-683.7316972400748
perfect_v2v,random,80,700,0,0,0,13.187353267034718,-760.102480239721
perfect_v2v,random,81,700,0,0,0,46.438577207806006,-714.9500543858276
perfect_v2v,random,82,575,0,1,0,16.46826681707152,-571.28202048725
perfect_v2v,random,83,700,0,0,0,24.396736840550417,-719.6426092204106
perfect_v2v,random,84,700,0,0,0,29.945705371570998,-712.2502421353636
perfect_v2v,random,85,700,0,0,0,55.70124246761576,-707.0574756556919
perfect_v2v,random,86,700,0,0,0,49.711828543034144,-693.5123482203501
perfect_v2v,random,87,700,0,0,0,22.212282966825956,-740.3422786805328
perfect_v2v,random,88,700,0,0,0,42.51000460250307,-719.9433007654414
perfect_v2v,random,89,700,0,0,0,36.513022236322875,-682.8549960779869
perfect_v2v,random,90,700,0,0,0,44.24448378575917,-711.8544257381485
perfect_v2v,random,91,700,0,0,0,23.087249025224516,-756.1772040926211
perfect_v2v,random,92,700,0,0,0,31.809759077564145,-679.8026781004096
perfect_v2v,random,93,422,0,1,0,14.646899655198954,-403.72030172661863
perfect_v2v,random,94,700,0,0,0,48.21858734230628,-712.9265240231773
perfect_v2v,random,95,700,0,0,0,56.31917786568956,-709.0047735670522
perfect_v2v,random,96,700,0,0,0,19.981644080590005,-739.6489590954528
perfect_v2v,random,97,60,1,0,1,4.366603219161701,-205.58101718099977
perfect_v2v,random,98,700,0,0,0,35.004616052747174,-709.7853974813246
perfect_v2v,random,99,700,0,0,0,46.371649164668355,-691.3415242209724
perfect_v2v,random,100,251,0,1,0,12.760676840998384,-253.00091252904167
perfect_v2v,random,101,700,0,0,0,49.634894889720144,-681.3400334071367
perfect_v2v,random,102,700,0,0,0,38.94806718465893,-703.3000352302993
perfect_v2v,random,103,700,0,0,0,31.733229835455884,-714.2557696386322
perfect_v2v,random,104,374,0,1,0,16.038646236494632,-390.0600854826615
perfect_v2v,random,105,700,0,0,0,47.27641385950764,-694.9117175700691
perfect_v2v,random,106,700,0,0,0,23.01431612530146,-708.1622250633112
perfect_v2v,random,107,116,0,1,1,6.774585273384278,-127.10117878166062
perfect_v2v,random,108,700,0,0,0,40.219952194479994,-704.44277246621
perfect_v2v,random,109,700,0,0,0,34.832407704122744,-727.2740231004321
perfect_v2v,random,110,700,0,0,0,20.4903200510437,-705.1513780702837
perfect_v2v,random,111,700,0,0,0,39.66047541633603,-711.2835115726043
perfect_v2v,random,112,700,0,0,0,36.057566162250296,-716.2557844991936
perfect_v2v,random,113,700,0,0,0,46.86165709778829,-705.0049616530522
perfect_v2v,random,114,700,0,0,1,5.699895249228846,-727.77928802472
perfect_v2v,random,115,111,0,1,1,5.62541316054903,-86.00557701548558
perfect_v2v,random,116,700,0,0,0,42.031900505679786,-705.9399702551977
perfect_v2v,random,117,70,1,0,1,4.371646811356066,-152.2778374033757
perfect_v2v,random,118,700,0,0,0,38.665287536136084,-698.3313136588152
perfect_v2v,random,119,618,0,1,0,12.791036369060967,-616.3402438095253
perfect_v2v,random,120,700,0,0,0,17.345734880623166,-753.1483145389686
perfect_v2v,random,121,700,0,0,0,16.445732312921518,-701.2849192376459
perfect_v2v,random,122,66,1,0,1,4.422106609784901,-184.09856666398505
perfect_v2v,random,123,700,0,0,0,26.067214157075945,-704.5977699498644
perfect_v2v,random,124,700,0,0,0,14.107475058713817,-747.2732623928393
perfect_v2v,random,125,120,0,1,0,9.110222574523192,-108.88221379664478
perfect_v2v,random,126,700,0,0,0,40.30370583124656,-691.8589619997895
perfect_v2v,random,127,700,0,0,0,32.58014429750348,-743.3258483446912
perfect_v2v,random,128,240,0,1,0,8.000360589014289,-262.6801033093144
perfect_v2v,random,129,71,1,0,1,4.4583230782116985,-263.30079313269823
perfect_v2v,random,130,689,0,1,0,9.15369599236956,-731.7605423169161
perfect_v2v,random,131,700,0,0,0,19.77589048771416,-758.0789353709781
perfect_v2v,random,132,700,0,0,0,56.160500807719124,-699.0875070304699
perfect_v2v,random,133,700,0,0,0,28.396137293751995,-702.2578774028764
perfect_v2v,random,134,700,0,0,0,20.53727441705751,-716.657160349791
perfect_v2v,random,135,700,0,0,0,12.743970561861643,-719.7124169425194
perfect_v2v,random,136,700,0,0,0,42.89880188488424,-700.445332059646
perfect_v2v,random,137,700,0,0,0,20.087426532183905,-675.0806137352823
perfect_v2v,random,138,122,0,1,0,19.14751908490404,-41.32576786460318
perfect_v2v,random,139,700,0,0,0,38.77100619868531,-699.9277642795215
perfect_v2v,random,140,150,0,1,0,11.783961818955953,-90.58087876019079
perfect_v2v,random,141,700,0,0,0,44.436106639273085,-702.4536426241085
perfect_v2v,random,142,700,0,0,0,29.382928239267976,-728.2639110867703
perfect_v2v,random,143,133,0,1,0,22.78033253350877,-73.14461356451966
perfect_v2v,random,144,700,0,0,0,34.42826800043916,-671.9049182658541
perfect_v2v,random,145,700,0,0,0,36.68267860020494,-685.9166466486362
perfect_v2v,random,146,587,0,1,0,14.439897886198343,-573.1202832217155
perfect_v2v,random,147,700,0,0,0,26.930467639491503,-708.8305141931601
perfect_v2v,random,148,700,0,0,0,41.72632405510311,-707.4611731550333
perfect_v2v,random,149,700,0,0,0,42.907119004871994,-710.9617643293253
perfect_v2v,random,150,700,0,0,0,38.615698093481505,-727.4045409872606
perfect_v2v,random,151,700,0,0,0,25.79349771016487,-737.2223371136671
perfect_v2v,random,152,700,0,0,0,51.803942959697565,-701.8775839726329
perfect_v2v,random,153,700,0,0,0,32.399581605106725,-700.8246353869175
perfect_v2v,random,154,700,0,0,0,28.0926045700876,-724.7787789262298
perfect_v2v,random,155,700,0,0,0,25.344911586549923,-752.6789468677705
perfect_v2v,random,156,700,0,0,0,44.5097394451734,-695.9769051839771
perfect_v2v,random,157,700,0,0,0,22.11377984681265,-766.3200584613566
perfect_v2v,random,158,94,0,1,1,5.798200202144507,-102.06006647527323
perfect_v2v,random,159,700,0,0,0,33.26756401401013,-697.6996100185982
perfect_v2v,random,160,349,0,1,0,17.38806566679265,-367.7619078787913
perfect_v2v,random,161,700,0,0,0,42.99782710983418,-698.8924714482218
perfect_v2v,random,162,700,0,0,0,49.810581050738406,-702.4927206839392
perfect_v2v,random,163,700,0,0,0,27.216111759181594,-680.7919961203545
perfect_v2v,random,164,700,0,0,0,59.21015412674509,-706.0357583020156
perfect_v2v,random,165,700,0,0,0,30.776142458765367,-722.8751534835679
perfect_v2v,random,166,700,0,0,0,25.55782205620566,-697.2565750455726
perfect_v2v,random,167,700,0,0,0,35.24725174961652,-693.2006504294402
perfect_v2v,random,168,700,0,0,0,11.410058678160187,-779.0228980462329
perfect_v2v,random,169,700,0,0,0,15.605405889764887,-779.3302463063343
perfect_v2v,random,170,700,0,0,0,47.74297564746915,-693.92121616918
perfect_v2v,random,171,700,0,0,0,29.516415092232553,-712.6089701576789
perfect_v2v,random,172,700,0,0,0,24.99649107585423,-725.8671803207794
perfect_v2v,random,173,700,0,0,0,27.317570649265473,-717.605037690277
perfect_v2v,random,174,174,0,1,0,18.805238773166014,-136.361152149523
perfect_v2v,random,175,700,0,0,0,53.816819447489145,-708.5524451825493
perfect_v2v,random,176,95,0,1,0,13.712898736602614,59.61400600856103
perfect_v2v,random,177,483,0,1,0,10.239527847249573,-538.2404233056366
perfect_v2v,random,178,458,0,1,0,12.912693193032302,-449.5402774150089
perfect_v2v,random,179,700,0,0,0,32.04501777007551,-711.9308015380383
perfect_v2v,random,180,700,0,0,0,13.915937941024936,-769.8844349248476
perfect_v2v,random,181,380,0,1,0,20.255748617835174,-375.9801312799195
perfect_v2v,random,182,700,0,0,0,27.38021851266546,-719.7709071246283
perfect_v2v,random,183,700,0,0,0,17.600826649705137,-774.305148984672
perfect_v2v,random,184,700,0,0,0,52.05766682085589,-716.4437859214036
perfect_v2v,random,185,700,0,0,0,43.41645333384482,-728.9945022044345
perfect_v2v,random,186,700,0,0,0,21.159978212130284,-740.6042718693841
perfect_v2v,random,187,700,0,0,0,18.850906191106052,-771.2452140910148
perfect_v2v,random,188,700,0,0,0,55.950262139498115,-702.0455715825102
perfect_v2v,random,189,700,0,0,0,39.74675027737679,-701.7742429948842
perfect_v2v,random,190,700,0,0,0,40.71148047946346,-689.4385279348835
perfect_v2v,random,191,700,0,0,0,25.171051290765032,-700.5172959970209
perfect_v2v,random,192,700,0,0,0,42.80516221262588,-712.4270822420401
perfect_v2v,random,193,700,0,0,0,32.30748464911093,-705.4305637718762
perfect_v2v,random,194,700,0,0,0,27.991350565303648,-750.2816134998346
perfect_v2v,random,195,700,0,0,0,50.64779384123285,-709.0749937015663
perfect_v2v,random,196,267,0,1,0,11.386267017242513,-269.12013979936887
perfect_v2v,random,197,700,0,0,0,24.73256878021908,-705.2502918939556
perfect_v2v,random,198,700,0,0,0,31.807202077435296,-695.7982186501047
perfect_v2v,random,199,355,0,1,0,23.177858498237473,-295.78007398244006
perfect_v2v,hold,0,100,0,1,1,7.216323861413761,-58.98621053745613
perfect_v2v,hold,1,104,0,1,0,20.350521052200765,-37.067303592498845
perfect_v2v,hold,2,69,1,0,1,3.7804303466934157,-236.7590731995874
perfect_v2v,hold,3,121,0,1,1,4.896775744537401,-91.40711071981647
perfect_v2v,hold,4,91,0,1,1,6.879013972613114,20.1916001584048
perfect_v2v,hold,5,95,0,1,0,8.084426946095652,-52.8858551205371
perfect_v2v,hold,6,103,0,1,1,5.312930822346507,-69.04834315567928
perfect_v2v,hold,7,100,0,1,0,8.949189757776587,-58.98996975617932
perfect_v2v,hold,8,111,0,1,0,21.712587868603425,-41.20490575863498
perfect_v2v,hold,9,93,0,1,1,4.83670990446788,19.652201365648803
perfect_v2v,hold,10,91,0,1,0,11.443173335569103,20.69532849237308
perfect_v2v,hold,11,119,0,1,0,12.671293025750227,-69.36745189143456
perfect_v2v,hold,12,114,0,1,0,24.026158274541974,-39.26530187594763
perfect_v2v,hold,13,57,1,0,1,3.853317138464181,-210.5170282724066
perfect_v2v,hold,14,61,1,0,1,4.434351050204733,-130.56045120277332
perfect_v2v,hold,15,98,0,1,0,12.418808436531815,-46.94897245858327
perfect_v2v,hold,16,102,0,1,0,10.801466935820075,-55.028772477674536
perfect_v2v,hold,17,94,0,1,1,6.509952305358764,19.635494258336628
perfect_v2v,hold,18,108,0,1,0,16.33934393908495,-49.14727770461964
perfect_v2v,hold,19,108,0,1,0,19.706874035411605,-41.14006230034239
perfect_v2v,hold,20,113,0,1,0,15.758880269467285,-53.24362077499315
perfect_v2v,hold,21,58,1,0,1,4.054616651745194,-214.54152415179956
perfect_v2v,hold,22,110,0,1,0,9.326854992484172,-65.18021819589777
perfect_v2v,hold,23,98,0,1,0,12.343250067808967,-46.948603171764375
perfect_v2v,hold,24,111,0,1,1,7.230612154308038,-73.20374536949218
perfect_v2v,hold,25,118,0,1,1,6.374315413669682,-81.34382597027832
perfect_v2v,hold,26,105,0,1,0,8.341950951327009,-63.08439588022121
perfect_v2v,hold,27,98,0,1,1,6.00695496617326,-60.94742267840597
perfect_v2v,hold,28,94,0,1,1,5.135208306918052,-58.86249422065136
perfect_v2v,hold,29,123,0,1,0,15.478298308278937,-65.44446166277363
perfect_v2v,hold,30,115,0,1,0,16.33249015028442,-55.281980596004885
perfect_v2v,hold,31,92,0,1,0,11.398353248225382,20.17100363133847
perfect_v2v,hold,32,118,0,1,0,16.573204950450982,-59.344005084308066
perfect_v2v,hold,33,65,1,0,1,3.984296742447084,-226.6771420698699
perfect_v2v,hold,34,125,0,1,0,26.57110804150521,48.513598407018044
perfect_v2v,hold,35,67,1,0,1,3.9656304300276535,-232.7206250531638
perfect_v2v,hold,36,117,0,1,1,5.3867604900667825,-85.32494899653807
perfect_v2v,hold,37,98,0,1,0,13.43861623121763,-44.94543089898744
perfect_v2v,hold,38,65,1,0,1,4.312590062009257,-228.6685161380173
perfect_v2v,hold,39,105,0,1,0,13.342583441004951,-51.0810302606597
perfect_v2v,hold,40,59,1,0,1,4.434729375753078,-216.56053083927878
perfect_v2v,hold,41,91,0,1,0,10.864527985848095,-42.80520448234671
perfect_v2v,hold,42,62,1,0,1,4.296520764494491,-131.08092377932184
perfect_v2v,hold,43,60,1,0,1,4.350316324701112,-218.584845899202
perfect_v2v,hold,44,120,0,1,0,10.344446034716725,-75.38132705391594
perfect_v2v,hold,45,62,1,0,1,3.7961096457257177,-222.62012489576398
perfect_v2v,hold,46,92,0,1,1,4.622245412025673,20.171711965372285
perfect_v2v,hold,47,97,0,1,0,8.780321261613187,-52.92411842724556
perfect_v2v,hold,48,109,0,1,0,11.017043968251864,-61.16201092413793
perfect_v2v,hold,49,110,0,1,0,13.095625886180828,-57.181436457734435
perfect_v2v,hold,50,96,0,1,0,8.37724602068488,-52.9006235016667
perfect_v2v,hold,51,56,1,0,1,3.490398442176297,-210.4941303494565
perfect_v2v,hold,52,101,0,1,1,6.602565251780321,-63.00295585446305
perfect_v2v,hold,53,125,0,1,0,22.732773650595103,-51.48358480855654
perfect_v2v,hold,54,115,0,1,0,18.47983795190747,-49.28684967650331
perfect_v2v,hold,55,94,0,1,0,13.050168522868205,-40.86832175020406
perfect_v2v,hold,56,97,0,1,0,15.01764701670992,18.571065922548772
perfect_v2v,hold,57,62,1,0,1,3.1338020712408037,-222.59845065954386
perfect_v2v,hold,58,112,0,1,0,21.229987694978764,-43.22223900843912
perfect_v2v,hold,59,102,0,1,0,17.452569502547043,-41.02204011831894
perfect_v2v,hold,60,111,0,1,1,6.618926593591141,-73.20585209792944
perfect_v2v,hold,61,109,0,1,0,12.466842908361633,-59.16661624783774
perfect_v2v,hold,62,101,0,1,1,6.3433241098063675,-65.00501754660506
perfect_v2v,hold,63,103,0,1,0,19.573215580029604,-37.04119009301361
perfect_v2v,hold,64,91,0,1,1,7.462216898258298,-48.808273885611115
perfect_v2v,hold,65,123,0,1,0,17.710919318936828,-61.44549836407475
perfect_v2v,hold,66,92,0,1,0,10.738017955112289,-42.8230086947452
perfect_v2v,hold,67,66,1,0,1,3.7180966811222214,-230.6938190480205
perfect_v2v,hold,68,105,0,1,0,11.886229313117731,-57.08680275397087
perfect_v2v,hold,69,62,1,0,1,4.031001786990233,-222.61871131235785
perfect_v2v,hold,70,109,0,1,0,16.20431287694482,-51.16441803749355
perfect_v2v,hold,71,114,0,1,0,8.623956412625484,-73.26436561423851
perfect_v2v,hold,72,94,0,1,1,4.581343722559835,19.633340212179444
perfect_v2v,hold,73,105,0,1,1,6.732280424537028,-67.08405067620528
perfect_v2v,hold,74,58,1,0,1,3.0093497151105937,-214.52086540383658
perfect_v2v,hold,75,70,1,0,1,4.054179157866692,-238.78090519671912
perfect_v2v,hold,76,95,0,1,0,8.868653653165522,-52.8854554820454
perfect_v2v,hold,77,96,0,1,1,7.5316195330903914,-54.90107657820269
perfect_v2v,hold,78,108,0,1,0,16.304388560892228,-49.14058127872654
perfect_v2v,hold,79,92,0,1,0,15.650340821817824,20.175788215204136
perfect_v2v,hold,80,59,1,0,1,4.2060675118700805,-216.55930720890268
perfect_v2v,hold,81,70,1,0,1,4.17390583297412,-134.7321477853239
perfect_v2v,hold,82,90,0,1,0,10.393602608928688,-42.78387248332044
perfect_v2v,hold,83,70,1,0,1,3.375298711911292,-238.75813571817685
perfect_v2v,hold,84,97,0,1,1,7.5994901434975635,-56.92709942100106
perfect_v2v,hold,85,123,0,1,0,15.649660084738581,-65.44669630423142
perfect_v2v,hold,86,65,1,0,1,3.8164719349058913,-132.64195331721504
perfect_v2v,hold,87,102,0,1,0,16.205107054029064,-43.02753152168967
perfect_v2v,hold,88,116,0,1,0,14.049791571579142,-63.30410172599714
perfect_v2v,hold,89,102,0,1,0,8.055821427772798,-61.02590882776728
perfect_v2v,hold,90,109,0,1,0,12.893056966171608,-59.1673217912862
perfect_v2v,hold,91,113,0,1,0,14.723470738353402,-59.2425430321323
perfect_v2v,hold,92,63,1,0,1,3.662432710165935,-224.62478852363688
perfect_v2v,hold,93,55,1,0,1,3.5444890643590656,-208.47770726296625
perfect_v2v,hold,94,115,0,1,0,14.582340364336794,-61.280568046359235
perfect_v2v,hold,95,103,0,1,0,18.154336140204727,-41.04726859598783
perfect_v2v,hold,96,97,0,1,1,7.407881116875455,-56.927999276364474
perfect_v2v,hold,97,60,1,0,1,3.8278963347904793,-218.58069718099958
perfect_v2v,hold,98,91,0,1,0,13.25555264684587,-36.80822720418887
perfect_v2v,hold,99,104,0,1,0,8.351499745782021,-63.06921228966853
perfect_v2v,hold,100,94,0,1,1,7.044414012429536,-54.8675094667622
perfect_v2v,hold,101,91,0,1,1,7.165399360691749,20.191737361615825
perfect_v2v,hold,102,118,0,1,0,10.819707897355775,-73.34409931531071
perfect_v2v,hold,103,112,0,1,0,9.38583074973205,-67.22093491573659
perfect_v2v,hold,104,94,0,1,0,9.815446920612716,-46.866443111838606
perfect_v2v,hold,105,100,0,1,0,19.686303657247773,-34.985819718314914
perfect_v2v,hold,106,58,1,0,1,4.2752639512221196,-129.00480880716353
perfect_v2v,hold,107,61,1,0,1,4.339795184767751,-216.59548110347527
perfect_v2v,hold,108,94,0,1,0,9.93684518012093,-46.86125623996274
perfect_v2v,hold,109,103,0,1,0,9.665231020284326,-59.046522529952895
perfect_v2v,hold,110,58,1,0,1,3.698920771303622,-214.5142781111807
perfect_v2v,hold,111,118,0,1,1,6.248869831471508,-83.34646918833195
perfect_v2v,hold,112,120,0,1,0,17.00377754366657,-61.38365240784701
perfect_v2v,hold,113,122,0,1,0,12.686916079153137,-69.42467215724854
perfect_v2v,hold,114,62,1,0,1,3.9017867453813886,-131.0899162088157
perfect_v2v,hold,115,98,0,1,1,5.421423224729802,-62.945994277292
perfect_v2v,hold,116,117,0,1,0,14.496953430886814,-65.32801634290907
perfect_v2v,hold,117,93,0,1,1,7.7703297401071305,19.65360346216579
perfect_v2v,hold,118,92,0,1,0,11.904592780308873,-40.820983175484855
perfect_v2v,hold,119,56,1,0,1,3.614428120544197,-210.49170168971008
perfect_v2v,hold,120,61,1,0,1,3.9989985071734844,-130.0560816206191
perfect_v2v,hold,121,66,1,0,1,4.219677648360441,-132.1483743117655
perfect_v2v,hold,122,60,1,0,1,3.814652743393003,-130.05217343346334
perfect_v2v,hold,123,61,1,0,1,3.8347281913610702,-220.58898844225638
perfect_v2v,hold,124,58,1,0,1,4.135139162769351,-214.54076983199923
perfect_v2v,hold,125,57,1,0,1,3.7630064913924146,-210.51936649253867
perfect_v2v,hold,126,125,0,1,0,29.775253707663683,48.51445066694436
perfect_v2v,hold,127,122,0,1,0,11.930083855427487,-73.4278129449741
perfect_v2v,hold,128,99,0,1,1,5.10339698264603,-64.96928137122697
perfect_v2v,hold,129,69,1,0,1,3.621215440187077,-134.73237275747826
perfect_v2v,hold,130,65,1,0,1,3.232256698225866,-228.675168174852
perfect_v2v,hold,131,100,0,1,1,6.4132885637991475,-62.983200353618216
perfect_v2v,hold,132,119,0,1,0,16.452350830490282,-61.36215373988925
perfect_v2v,hold,133,55,1,0,1,3.546896530448555,-208.47949386085713
perfect_v2v,hold,134,56,1,0,1,3.609208543117365,-210.48954884281915
perfect_v2v,hold,135,68,1,0,1,4.344463211962191,-133.18645897204883
perfect_v2v,hold,136,119,0,1,0,10.173437817144938,-73.36787789290103
perfect_v2v,hold,137,59,1,0,1,3.2242407018802264,-216.5367214112291
perfect_v2v,hold,138,102,0,1,0,10.762245495475876,-55.0267675564038
perfect_v2v,hold,139,108,0,1,0,15.402457495633929,-49.141300519302476
perfect_v2v,hold,140,60,1,0,1,4.30001554250623,-216.58195333457203
perfect_v2v,hold,141,97,0,1,0,19.610212187155305,-30.9258097129307
perfect_v2v,hold,142,124,0,1,1,5.292364906824348,-93.4672266301572
perfect_v2v,hold,143,108,0,1,0,17.626412484971734,-47.142479177299776
perfect_v2v,hold,144,61,1,0,1,4.468298229977095,-130.56778972672015
perfect_v2v,hold,145,101,0,1,1,5.065885930195634,16.992201778108274
perfect_v2v,hold,146,58,1,0,1,3.705303187767103,-214.5379880626047
perfect_v2v,hold,147,55,1,0,1,3.445843078284572,-208.4770167014695
perfect_v2v,hold,148,61,1,0,1,3.453485102587722,-220.5976097444701
perfect_v2v,hold,149,122,0,1,0,13.807940986899979,-67.42023964901634
perfect_v2v,hold,150,125,0,1,0,20.94154275877668,-57.48608661291813
perfect_v2v,hold,151,64,1,0,1,3.6204407390194793,-226.65685436136053
perfect_v2v,hold,152,115,0,1,0,13.766146190905884,-61.28827927043828
perfect_v2v,hold,153,91,0,1,1,7.252702327790309,-48.810668512856154
perfect_v2v,hold,154,102,0,1,0,13.311090008595285,-49.02330076116428
perfect_v2v,hold,155,112,0,1,0,18.790245876096265,-47.22136236513657
perfect_v2v,hold,156,119,0,1,0,8.705011443379908,-77.36361928864126
perfect_v2v,hold,157,114,0,1,0,19.76261634359582,-47.26086603532899
perfect_v2v,hold,158,55,1,0,1,4.129413630789599,-206.4805340824168
perfect_v2v,hold,159,95,0,1,1,5.9576077552515825,-56.88436972281417
perfect_v2v,hold,160,103,0,1,0,10.278711168379717,-57.042978585861604
perfect_v2v,hold,161,106,0,1,0,15.875061266871159,-47.10254717233505
perfect_v2v,hold,162,122,0,1,1,7.3470809786661775,-85.42423086486517
perfect_v2v,hold,163,95,0,1,0,9.229968487311691,19.114637646825567
perfect_v2v,hold,164,122,0,1,0,13.974689946216932,-67.42371880379457
perfect_v2v,hold,165,106,0,1,1,5.638414180850526,-71.10453894718637
perfect_v2v,hold,166,98,0,1,1,6.711950403885734,18.0583212897187
perfect_v2v,hold,167,120,0,1,0,16.284564995053252,-61.38395883434822
perfect_v2v,hold,168,73,1,0,1,4.458593385453566,-136.80174025705168
perfect_v2v,hold,169,105,0,1,0,13.361287034716254,-53.089420726205674
perfect_v2v,hold,170,96,0,1,1,6.25867844914757,-58.9006247753605
perfect_v2v,hold,171,121,0,1,0,18.99667826319218,-57.40064217581143
perfect_v2v,hold,172,118,0,1,0,20.03373524363738,-51.34026611869757
perfect_v2v,hold,173,122,0,1,0,18.33789554807445,-57.42555175797786
perfect_v2v,hold,174,56,1,0,1,3.962075099708243,-210.49794779320106
perfect_v2v,hold,175,103,0,1,0,13.00310054694255,-49.04014540478833
perfect_v2v,hold,176,92,0,1,0,13.824526308883485,20.17264156147929
perfect_v2v,hold,177,64,1,0,1,3.565794569239033,-226.65802281344332
perfect_v2v,hold,178,59,1,0,1,3.1315200608525027,-216.55479040315845
perfect_v2v,hold,179,56,1,0,1,3.437515086622103,-210.4984197629587
perfect_v2v,hold,180,102,0,1,0,8.591195256873712,-61.02581858712779
perfect_v2v,hold,181,96,0,1,1,5.198482065361002,-58.90098630348477
perfect_v2v,hold,182,118,0,1,0,9.861702915930604,-73.34185810625354
perfect_v2v,hold,183,91,0,1,1,5.094168960547339,-54.80598339864068
perfect_v2v,hold,184,125,0,1,0,12.940788896204191,-75.48094423757179
perfect_v2v,hold,185,115,0,1,0,15.00657228311993,-59.28789790972586
perfect_v2v,hold,186,63,1,0,1,3.9188576189536932,-222.63542472050756
perfect_v2v,hold,187,114,0,1,0,8.4507536250864,-73.26407912284967
perfect_v2v,hold,188,121,0,1,0,14.587414861083658,-67.40309338550934
perfect_v2v,hold,189,64,1,0,1,4.364874637978073,-226.65784835847222
perfect_v2v,hold,190,104,0,1,0,10.260424243463147,16.43922990009409
perfect_v2v,hold,191,90,0,1,0,11.400308014794406,-40.7910060126643
perfect_v2v,hold,192,99,0,1,0,13.969513307421574,-44.96932390482985
perfect_v2v,hold,193,65,1,0,1,3.700810760218431,-228.66436917349642
perfect_v2v,hold,194,93,0,1,0,11.860258236509175,-42.84942368993008
perfect_v2v,hold,195,75,1,0,1,3.9832507094509015,-248.87986582800033
perfect_v2v,hold,196,60,1,0,1,4.439743286094411,-130.04147045441854
perfect_v2v,hold,197,56,1,0,1,3.167999241190596,-210.49551635965983
perfect_v2v,hold,198,95,0,1,0,14.582629769953204,-38.88778535015439
perfect_v2v,hold,199,99,0,1,0,12.790981254558268,-46.96465284723352
perfect_v2v,full,0,51,1,0,1,3.73823738350962,-56.37057378080456
perfect_v2v,full,1,80,0,1,1,7.665610134229053,-208.58285953720923
perfect_v2v,full,2,80,0,1,0,14.904292171260828,135.4086059059553
perfect_v2v,full,3,81,0,1,0,15.566082720466843,129.39423708268816
perfect_v2v,full,4,79,0,1,0,14.452750332626028,149.4342888976893
perfect_v2v,full,5,49,1,0,1,4.170954073757171,-388.3522239438643
perfect_v2v,full,6,80,0,1,1,7.212461973554881,111.41789913332249
perfect_v2v,full,7,51,1,0,1,4.029828365351161,-64.37087755605492
perfect_v2v,full,8,80,0,1,1,6.098561814088082,-220.5889705758641
perfect_v2v,full,9,79,0,1,0,12.775312424475517,149.43302878471638
perfect_v2v,full,10,79,0,1,0,18.35654938294394,149.43449602735421
perfect_v2v,full,11,81,0,1,1,6.861882621105369,81.39606852043516
perfect_v2v,full,12,80,0,1,1,7.638376921754023,-214.59180834080928
perfect_v2v,full,13,79,0,1,1,5.073862125348359,117.43292411367081
perfect_v2v,full,14,79,0,1,0,12.851037688459517,149.4322748797228
perfect_v2v,full,15,48,1,0,1,4.472243510606533,-382.3475457697803
perfect_v2v,full,16,50,1,0,1,2.6880704083706823,-394.36527279504054
perfect_v2v,full,17,79,0,1,0,14.607387919018963,149.43254543602188
perfect_v2v,full,18,49,1,0,1,3.8664832638644304,-388.3632244369238
perfect_v2v,full,19,80,0,1,1,5.489328662380125,-220.5857478785373
perfect_v2v,full,20,50,1,0,1,3.4236684387422103,-394.3746850830353
perfect_v2v,full,21,79,0,1,0,8.051810685243225,133.43125703398965
perfect_v2v,full,22,80,0,1,1,4.965564536074543,87.4124154114233
perfect_v2v,full,23,48,1,0,1,4.370149232589207,-382.34751531313543
perfect_v2v,full,24,80,0,1,0,8.871799258335152,103.41114546305084
perfect_v2v,full,25,81,0,1,0,10.880186561803654,113.39740600330255
perfect_v2v,full,26,52,1,0,1,4.290594858884828,-62.381868834636634
perfect_v2v,full,27,51,1,0,1,4.347683985043926,-48.36901795285819
perfect_v2v,full,28,51,1,0,1,4.200046879253521,-40.36572478842913
perfect_v2v,full,29,81,0,1,1,5.121669894074794,57.3926421042719
perfect_v2v,full,30,50,1,0,1,3.6729011761056043,-394.37638532589546
perfect_v2v,full,31,79,0,1,0,18.665692682214765,149.4336507489748
perfect_v2v,full,32,51,1,0,1,3.9117811331098458,-400.3866138982567
perfect_v2v,full,33,80,0,1,0,11.300459044024963,127.41499655158292
perfect_v2v,full,34,81,0,1,1,6.340003796693127,-222.1094195346921
perfect_v2v,full,35,80,0,1,0,13.739122367899226,127.41141582447283
perfect_v2v,full,36,81,0,1,0,13.883850659165267,121.39823433659504
perfect_v2v,full,37,48,1,0,1,4.449607695406313,-382.3472669720921
perfect_v2v,full,38,80,0,1,0,14.886491894973368,151.41634435343497
perfect_v2v,full,39,49,1,0,1,3.807129041347791,-388.3599506956343
perfect_v2v,full,40,79,0,1,0,9.95667216354785,133.43010972629406
perfect_v2v,full,41,48,1,0,1,4.332676501229475,-376.34233358235286
perfect_v2v,full,42,79,0,1,0,13.77301983791272,149.4310966154878
perfect_v2v,full,43,79,0,1,1,7.533386582716606,125.42821886112526
perfect_v2v,full,44,81,0,1,0,8.501634215690247,89.3958187252025
perfect_v2v,full,45,80,0,1,0,10.047576266248072,125.4189061629202
perfect_v2v,full,46,79,0,1,0,11.544109387991005,149.43368966842718
perfect_v2v,full,47,49,1,0,1,4.430476998113521,-388.3536236353203
perfect_v2v,full,48,53,1,0,1,4.2210108971191085,-70.39243296449554
perfect_v2v,full,49,51,1,0,1,3.4111964328925772,-400.37890753243215
perfect_v2v,full,50,49,1,0,1,4.2669720662583295,-388.352601731702
perfect_v2v,full,51,79,0,1,1,6.640358187085341,133.43427905914047
perfect_v2v,full,52,79,0,1,1,5.253163424957413,101.42728353164301
perfect_v2v,full,53,50,1,0,1,4.161769604113053,-394.3859015106438
perfect_v2v,full,54,50,1,0,1,3.013165384839577,-394.3768978606849
perfect_v2v,full,55,79,0,1,1,4.585920480307177,-220.56770075807827
perfect_v2v,full,56,79,0,1,0,24.92049324639549,61.43002522351924
perfect_v2v,full,57,79,0,1,0,12.722323876188252,149.42903466760094
perfect_v2v,full,58,80,0,1,1,5.557123452847013,-226.5896027846207
perfect_v2v,full,59,80,0,1,1,5.854156775488638,-220.58067288183105
perfect_v2v,full,60,80,0,1,1,7.852800107833682,103.41093479020716
perfect_v2v,full,61,52,1,0,1,3.668478650907926,-78.3857020252427
perfect_v2v,full,62,80,0,1,1,6.106781732733,101.41991859627164
perfect_v2v,full,63,80,0,1,1,7.440633380846817,-208.58146971409002
perfect_v2v,full,64,48,1,0,1,4.130722192911268,-382.3425041047564
perfect_v2v,full,65,52,1,0,1,3.6455539163290935,-406.3986768614515
perfect_v2v,full,66,48,1,0,1,4.122200280639833,-376.3428202579533
perfect_v2v,full,67,80,0,1,0,13.858358354972303,143.414058607997
perfect_v2v,full,68,51,1,0,1,3.1124494520504076,-400.3749002648052
perfect_v2v,full,69,80,0,1,0,11.72016283825072,133.41911472440634
perfect_v2v,full,70,49,1,0,1,4.123893967823248,-388.3638781334487
perfect_v2v,full,71,80,0,1,0,9.225304804885203,103.40829108521368
perfect_v2v,full,72,79,0,1,0,12.24818752938441,149.43240646530205
perfect_v2v,full,73,80,0,1,1,6.194728836876294,103.41656435805731
perfect_v2v,full,74,79,0,1,0,9.295318717220658,149.43349206275417
perfect_v2v,full,75,81,0,1,0,15.388737148684307,135.39955040057072
perfect_v2v,full,76,49,1,0,1,3.7170318149667922,-388.35219843502443
perfect_v2v,full,77,49,1,0,1,4.391333462568028,-388.3526351162889
perfect_v2v,full,78,49,1,0,1,3.878973775659969,-388.3625963811897
perfect_v2v,full,79,79,0,1,0,22.931605752918905,149.4339136381982
perfect_v2v,full,80,79,0,1,0,8.483181149024986,141.43025740582223
perfect_v2v,full,81,80,0,1,0,18.869456425741244,151.41469162531553
perfect_v2v,full,82,48,1,0,1,4.281203109324296,-376.34163777996207
perfect_v2v,full,83,80,0,1,0,17.426036482230217,151.4106577840589
perfect_v2v,full,84,51,1,0,1,3.4731762500080863,-400.3682409994483
perfect_v2v,full,85,81,0,1,1,4.856376774994838,57.39238567000628
perfect_v2v,full,86,79,0,1,0,14.948738498409549,149.42727583534827
perfect_v2v,full,87,49,1,0,1,4.298021679117186,-376.3579622148043
perfect_v2v,full,88,81,0,1,1,4.523183625133106,63.39927981989598
perfect_v2v,full,89,80,0,1,1,4.835300083824566,93.4189823816842
perfect_v2v,full,90,51,1,0,1,3.8885615582357067,-400.3785738861498
perfect_v2v,full,91,52,1,0,1,3.321120503465882,-406.38896961058583
perfect_v2v,full,92,80,0,1,0,12.491888527168905,149.4197021259825
perfect_v2v,full,93,79,0,1,1,5.4360365319041115,133.43496784602178
perfect_v2v,full,94,52,1,0,1,4.19420050689054,-94.39063663645878
perfect_v2v,full,95,80,0,1,1,5.727190030435803,-220.58200605258776
perfect_v2v,full,96,51,1,0,1,3.271728125006463,-400.36830661390184
perfect_v2v,full,97,79,0,1,0,8.155395017370692,125.42878139918659
perfect_v2v,full,98,79,0,1,1,6.344492999273925,-208.5657015113444
perfect_v2v,full,99,80,0,1,1,5.0617695476332765,95.41697368342707
perfect_v2v,full,100,49,1,0,1,4.238422348913727,-388.3516483526946
perfect_v2v,full,101,79,0,1,0,14.39989268060739,149.4342965200899
perfect_v2v,full,102,81,0,1,0,8.814607221858592,89.39737563163226
perfect_v2v,full,103,80,0,1,1,5.968391790760155,87.41052644979192
perfect_v2v,full,104,48,1,0,1,4.117577044816982,-382.34437955560276
perfect_v2v,full,105,79,0,1,0,8.806626648496584,-202.57214219946042
perfect_v2v,full,106,79,0,1,0,9.816018736023123,149.43491852568755
perfect_v2v,full,107,79,0,1,1,6.921083423750561,117.42812251953674
perfect_v2v,full,108,48,1,0,1,3.9376129809819664,-382.34404491870754
perfect_v2v,full,109,52,1,0,1,3.8423636775469165,-62.38034022323116
perfect_v2v,full,110,79,0,1,0,10.077802510732171,149.4340878849843
perfect_v2v,full,111,81,0,1,0,12.173230354912521,113.39711231240771
perfect_v2v,full,112,52,1,0,1,4.434460358488899,-102.39563530505883
perfect_v2v,full,113,81,0,1,1,6.1985861792142805,73.39356189916134
perfect_v2v,full,114,79,0,1,0,12.720905046373366,149.43006469734917
perfect_v2v,full,115,79,0,1,1,5.283582424782443,109.42949237174192
perfect_v2v,full,116,81,0,1,1,5.269372795925075,65.39789058226032
perfect_v2v,full,117,79,0,1,0,15.519188834681788,149.43312022579357
perfect_v2v,full,118,79,0,1,1,4.731675311687293,-220.56590896568662
perfect_v2v,full,119,79,0,1,1,7.568312019871343,141.4344998463901
perfect_v2v,full,120,79,0,1,0,11.535251528306823,149.43271183793826
perfect_v2v,full,121,79,0,1,0,15.895728724576383,149.42772008470592
perfect_v2v,full,122,79,0,1,0,11.197065160376784,149.43216676947844
perfect_v2v,full,123,79,0,1,0,10.840793844512154,149.42898820769932
perfect_v2v,full,124,79,0,1,0,8.669674808104599,133.43134966975458
perfect_v2v,full,125,79,0,1,1,5.098038757381135,117.43267359008523
perfect_v2v,full,126,81,0,1,0,10.30662062297649,-193.60932331179723
perfect_v2v,full,127,81,0,1,1,7.542463032027294,81.39319850223443
perfect_v2v,full,128,79,0,1,1,5.898730724983597,109.42839499010398
perfect_v2v,full,129,80,0,1,0,18.030245296685663,151.41304793629044
perfect_v2v,full,130,80,0,1,0,11.40197996234798,135.41530497267948
perfect_v2v,full,131,79,0,1,1,5.033662809722861,101.42806946637438
perfect_v2v,full,132,52,1,0,1,4.280079732884589,-102.39454778490305
perfect_v2v,full,133,52,1,0,1,4.397557698070122,-24.370797579708935
perfect_v2v,full,134,79,0,1,1,7.531149890239329,141.43469555974386
perfect_v2v,full,135,80,0,1,0,17.38695684666613,151.41818909330703
perfect_v2v,full,136,81,0,1,1,7.575052972210433,89.39602158807034
perfect_v2v,full,137,79,0,1,0,10.031815423363984,149.4327970953902
perfect_v2v,full,138,50,1,0,1,3.856959122885477,-394.36509413868976
perfect_v2v,full,139,49,1,0,1,3.8620974810187256,-388.3626635999351
perfect_v2v,full,140,79,0,1,1,7.511276358641728,117.42861107327845
perfect_v2v,full,141,79,0,1,0,10.183211068394725,-190.56974695823513
perfect_v2v,full,142,81,0,1,0,15.615813044863634,129.39139859494148
perfect_v2v,full,143,49,1,0,1,3.7833489931198696,-388.3627737548881
perfect_v2v,full,144,79,0,1,0,12.26540104680337,149.43151786521614
perfect_v2v,full,145,80,0,1,0,17.246486480054465,149.41969614224882
perfect_v2v,full,146,79,0,1,1,7.833849382225484,133.43168967762068
perfect_v2v,full,147,51,1,0,1,3.9891118263066514,-32.36336821309901
perfect_v2v,full,148,79,0,1,0,9.315681848373698,125.42783870073744
perfect_v2v,full,149,81,0,1,1,5.215448151240309,65.39407475135354
perfect_v2v,full,150,51,1,0,1,4.287863676762813,-400.39338397242653
perfect_v2v,full,151,80,0,1,0,12.414837319909909,135.41653740295874
perfect_v2v,full,152,51,1,0,1,4.350710331017912,-96.38424834425666
perfect_v2v,full,153,48,1,0,1,4.3651880432187,-382.34263713960337
perfect_v2v,full,154,49,1,0,1,3.1300899826077355,-388.35758521634165
perfect_v2v,full,155,49,1,0,1,4.19320665980066,-388.3663159100588
perfect_v2v,full,156,81,0,1,0,8.637986212782069,97.39649075633614
perfect_v2v,full,157,49,1,0,1,4.423030258864436,-388.3681372780882
perfect_v2v,full,158,50,1,0,1,4.401466635664795,-42.35649389652006
perfect_v2v,full,159,50,1,0,1,4.327843305903215,-50.35932913124347
perfect_v2v,full,160,50,1,0,1,4.171273187017158,-394.3656275222822
perfect_v2v,full,161,49,1,0,1,3.5376641505030055,-388.36100449260357
perfect_v2v,full,162,81,0,1,0,12.937440039831042,113.39361295778423
perfect_v2v,full,163,79,0,1,0,17.6133411362265,149.431807509372
perfect_v2v,full,164,81,0,1,1,5.721142343891933,65.39367220451975
perfect_v2v,full,165,80,0,1,0,8.969297465872378,111.41560581455377
perfect_v2v,full,166,79,0,1,0,16.766078818912327,149.42980380441284
perfect_v2v,full,167,52,1,0,1,4.4977647903269355,-102.39566878022279
perfect_v2v,full,168,80,0,1,0,20.713936406890298,151.40893662382487
perfect_v2v,full,169,50,1,0,1,2.7957541066150653,-394.36795199290464
perfect_v2v,full,170,51,1,0,1,4.347285268400024,-48.3670018255529
perfect_v2v,full,171,51,1,0,1,3.2407568395310107,-400.3890162357132
perfect_v2v,full,172,50,1,0,1,3.4197657608073473,-394.37899845763326
perfect_v2v,full,173,51,1,0,1,3.798882014395326,-400.3905398728242
perfect_v2v,full,174,79,0,1,1,7.265534806875737,133.43393201880002
perfect_v2v,full,175,49,1,0,1,3.2670970993732222,-388.3581775357169
perfect_v2v,full,176,79,0,1,0,21.35996384643393,149.4337407451364
perfect_v2v,full,177,80,0,1,0,11.396334713061671,135.41635193437418
perfect_v2v,full,178,79,0,1,1,7.3480755891434315,133.43080253754994
perfect_v2v,full,179,79,0,1,1,5.891506507031017,125.43388911245842
perfect_v2v,full,180,52,1,0,1,3.9988665499407365,-64.3794095770708
perfect_v2v,full,181,52,1,0,1,4.117098493931374,-40.3742284644673
perfect_v2v,full,182,81,0,1,0,8.532835396016148,97.39762465486072
perfect_v2v,full,183,50,1,0,1,3.500376555469524,-394.3567768554803
perfect_v2v,full,184,81,0,1,0,9.293975366560217,81.39119661833868
perfect_v2v,full,185,51,1,0,1,4.247486820141297,-400.3842082010241
perfect_v2v,full,186,80,0,1,0,9.640408097004377,119.41816092766838
perfect_v2v,full,187,80,0,1,0,8.631800520577224,103.408321509078
perfect_v2v,full,188,81,0,1,1,6.207345620005815,73.39470577169058
perfect_v2v,full,189,80,0,1,0,12.800956585055559,143.41637962563945
perfect_v2v,full,190,80,0,1,0,23.263945934308644,151.41771135049382
perfect_v2v,full,191,79,0,1,1,4.933832527554326,-220.5652385400379
perfect_v2v,full,192,49,1,0,1,3.645208901005108,-382.35560848202715
perfect_v2v,full,193,80,0,1,0,14.60063688794104,151.4169730849772
perfect_v2v,full,194,48,1,0,1,4.219411341517313,-376.3438771971696
perfect_v2v,full,195,81,0,1,0,18.498383291316326,137.39193889740545
perfect_v2v,full,196,79,0,1,0,12.191407343389052,149.43325520802537
perfect_v2v,full,197,79,0,1,1,6.245664271301934,133.43415305821287
perfect_v2v,full,198,79,0,1,1,5.829624617306584,-214.56835167501214
perfect_v2v,full,199,48,1,0,1,4.4080160579066465,-382.348027171203
perfect_v2v,rule,0,128,0,1,0,27.64824737114179,9.359021229727318
perfect_v2v,rule,1,119,0,1,0,33.43948363478803,35.33598384548677
perfect_v2v,rule,2,141,0,1,0,26.062473928068037,-14.401677763856455
perfect_v2v,rule,3,141,0,1,0,25.338137120550638,-19.908349173119987
perfect_v2v,rule,4,79,0,1,0,14.452750332626028,149.4342888976893
perfect_v2v,rule,5,125,0,1,0,31.09951887526558,16.91062516014211
perfect_v2v,rule,6,132,0,1,0,27.78871524655596,1.276478496136896
perfect_v2v,rule,7,128,0,1,0,31.394137528651502,9.358518797628307
perfect_v2v,rule,8,121,0,1,0,33.71345258534028,12.49627735421668
perfect_v2v,rule,9,79,0,1,0,12.775312424475517,149.43302878471638
perfect_v2v,rule,10,79,0,1,0,18.35654938294394,149.43449602735421
perfect_v2v,rule,11,132,0,1,0,28.57375183764279,-5.72658337099918
perfect_v2v,rule,12,121,0,1,0,34.01808669246583,29.3991965919136
perfect_v2v,rule,13,129,0,1,0,30.950053070881,13.335181091642
perfect_v2v,rule,14,79,0,1,0,12.851037688459517,149.4322748797228
perfect_v2v,rule,15,123,0,1,0,32.008634893176755,17.45572701085372
perfect_v2v,rule,16,127,0,1,0,29.75636509764792,9.378980869436177
perfect_v2v,rule,17,79,0,1,0,14.607387919018963,149.43254543602188
perfect_v2v,rule,18,123,0,1,0,31.107577003296132,12.454928972302469
perfect_v2v,rule,19,121,0,1,0,33.32301403422853,14.493585457560116
perfect_v2v,rule,20,126,0,1,0,29.85789653879132,4.394430385052047
perfect_v2v,rule,21,132,0,1,0,29.003319357138157,5.278964493232316
perfect_v2v,rule,22,130,0,1,0,26.980732705245945,1.8107480066902042
perfect_v2v,rule,23,123,0,1,0,31.261006100869302,14.957631474688483
perfect_v2v,rule,24,134,0,1,0,27.62418256817977,-5.2611975831135425
perfect_v2v,rule,25,137,0,1,0,24.048100538883663,-11.827014119297623
perfect_v2v,rule,26,129,0,1,0,27.633056321101556,3.832398916650952
perfect_v2v,rule,27,128,0,1,0,27.87692400005852,10.356519998376072
perfect_v2v,rule,28,128,0,1,0,31.23544471811362,13.354665311583076
perfect_v2v,rule,29,131,0,1,0,28.956814678861214,-5.708940460332862
perfect_v2v,rule,30,126,0,1,0,29.75483917631496,0.8923995219250003
perfect_v2v,rule,31,79,0,1,0,18.665692682214765,149.4336507489748
perfect_v2v,rule,32,128,0,1,0,29.887849233741196,-0.14351731373585608
perfect_v2v,rule,33,135,0,1,0,28.18181662238367,-4.285606208790327
perfect_v2v,rule,34,122,0,1,0,33.42960200434873,6.9722797358805195
perfect_v2v,rule,35,137,0,1,0,26.769323417936835,-9.829564351973964
perfect_v2v,rule,36,139,0,1,0,26.976374180177885,-17.869192426915646
perfect_v2v,rule,37,122,0,1,0,31.54277255679111,19.473288053840847
perfect_v2v,rule,38,141,0,1,0,26.18160637176003,-11.40077905191275
perfect_v2v,rule,39,125,0,1,0,30.239137810788318,11.914759304597865
perfect_v2v,rule,40,133,0,1,0,28.96507272467372,4.2559891243998464
perfect_v2v,rule,41,122,0,1,0,32.4231612541978,25.978407307066934
perfect_v2v,rule,42,79,0,1,0,13.77301983791272,149.4310966154878
perfect_v2v,rule,43,133,0,1,0,25.391269281134704,3.2548912085648993
perfect_v2v,rule,44,135,0,1,0,27.027060877369898,-11.784083909452015
perfect_v2v,rule,45,134,0,1,0,28.177258138321186,1.2360844075969766
perfect_v2v,rule,46,79,0,1,0,11.544109387991005,149.43368966842718
perfect_v2v,rule,47,126,0,1,0,31.195001246565123,14.899600797856962
perfect_v2v,rule,48,128,0,1,0,29.330899429681214,5.351641228096753
perfect_v2v,rule,49,127,0,1,0,29.53954213217611,6.375422810325688
perfect_v2v,rule,50,125,0,1,0,31.322895104586458,15.914209324140543
perfect_v2v,rule,51,130,0,1,0,27.427068177265806,10.811439725820279
perfect_v2v,rule,52,130,0,1,0,29.36843438128364,6.818826947742423
perfect_v2v,rule,53,125,0,1,0,31.753666990117395,1.4122551914431227
perfect_v2v,rule,54,124,0,1,0,30.021011600206705,7.935556927982695
perfect_v2v,rule,55,120,0,1,0,32.33837784960188,24.013721631459624
perfect_v2v,rule,56,81,0,1,0,24.154927671055635,61.398368268790676
perfect_v2v,rule,57,137,0,1,0,27.74811404943462,-3.8244906507865792
perfect_v2v,rule,58,121,0,1,0,32.926754604589384,12.490820531417533
perfect_v2v,rule,59,120,0,1,0,32.936888473688725,20.013894118020147
perfect_v2v,rule,60,134,0,1,0,25.09911407317781,-5.262304809314273
perfect_v2v,rule,61,128,0,1,0,30.637952161121227,2.8539057085614274
perfect_v2v,rule,62,131,0,1,0,30.669850393497498,3.2933171894127327
perfect_v2v,rule,63,120,0,1,0,34.072555510454535,31.71871822481788
perfect_v2v,rule,64,123,0,1,0,29.72508623598265,21.45633984394983
perfect_v2v,rule,65,128,0,1,0,29.153858351910237,-3.142980100307682
perfect_v2v,rule,66,121,0,1,0,31.713582520822552,24.991353809127425
perfect_v2v,rule,67,140,0,1,0,25.001023969344754,-11.383065348843374
perfect_v2v,rule,68,127,0,1,0,31.246059977275507,7.377856663458168
perfect_v2v,rule,69,135,0,1,0,27.7614314506344,-2.2879363255074807
perfect_v2v,rule,70,125,0,1,0,31.586347952969412,8.91939558658121
perfect_v2v,rule,71,134,0,1,0,28.178623855674743,-6.2660671388826685
perfect_v2v,rule,72,79,0,1,0,12.24818752938441,149.43240646530205
perfect_v2v,rule,73,131,0,1,0,27.872564614444794,0.29261665474396636
perfect_v2v,rule,74,133,0,1,0,28.51982261698584,6.255545380588586
perfect_v2v,rule,75,142,0,1,0,25.114077466401934,-17.924882793295197
perfect_v2v,rule,76,125,0,1,0,32.32125932431939,16.911632342833762
perfect_v2v,rule,77,125,0,1,0,29.691548432738585,15.911697940029711
perfect_v2v,rule,78,124,0,1,0,32.396575508192285,10.933184511370023
perfect_v2v,rule,79,79,0,1,0,22.931605752918905,149.4339136381982
perfect_v2v,rule,80,134,0,1,0,25.4128497886303,0.7345707106198986
perfect_v2v,rule,81,80,0,1,0,18.869456425741244,151.41469162531553
perfect_v2v,rule,82,121,0,1,0,32.573164349221635,25.999733280915876
perfect_v2v,rule,83,144,0,1,0,23.748597435033716,-16.965928807235954
perfect_v2v,rule,84,127,0,1,0,31.509186324678755,11.372942009935699
perfect_v2v,rule,85,131,0,1,0,28.78580127829328,-9.200761635656193
perfect_v2v,rule,86,79,0,1,0,14.948738498409549,149.42727583534827
perfect_v2v,rule,87,122,0,1,0,32.71680988281546,16.47427688985683
perfect_v2v,rule,88,129,0,1,0,29.750256303747186,-0.16928192111003426
perfect_v2v,rule,89,129,0,1,0,30.36379321342985,8.336958317285522
perfect_v2v,rule,90,128,0,1,0,30.79721957600088,2.8530760417284355
perfect_v2v,rule,91,128,0,1,0,31.29841001986607,1.8592049546361622
perfect_v2v,rule,92,139,0,1,0,25.163145216842313,-4.863138326804773
perfect_v2v,rule,93,129,0,1,0,28.99172811477321,14.337096858153842
perfect_v2v,rule,94,128,0,1,0,30.67884010665998,-0.14819773585583107
perfect_v2v,rule,95,121,0,1,0,33.75894805244275,15.496399298837929
perfect_v2v,rule,96,127,0,1,0,30.823072995172577,11.371760949771883
perfect_v2v,rule,97,132,0,1,0,27.84003464133622,3.274495411678629
perfect_v2v,rule,98,119,0,1,0,32.89712973217668,28.538084332286076
perfect_v2v,rule,99,130,0,1,0,29.19716383451005,4.8178494624534025
perfect_v2v,rule,100,126,0,1,0,30.49637339561193,15.894952652200828
perfect_v2v,rule,101,79,0,1,0,14.39989268060739,149.4342965200899
perfect_v2v,rule,102,135,0,1,0,29.235333133752054,-10.783555797022323
perfect_v2v,rule,103,131,0,1,0,26.670468248362333,-1.7059237751872658
perfect_v2v,rule,104,123,0,1,0,31.03732692228196,20.457935702749133
perfect_v2v,rule,105,118,0,1,0,34.451075337170764,36.55462033290038
perfect_v2v,rule,106,79,0,1,0,9.816018736023123,149.43491852568755
perfect_v2v,rule,107,130,0,1,0,28.235246756888415,5.811715627528422
perfect_v2v,rule,108,123,0,1,0,30.988773371373128,21.454339986285135
perfect_v2v,rule,109,127,0,1,0,30.65828972245377,8.372836874763571
perfect_v2v,rule,110,133,0,1,0,27.76717639349347,7.255440163581923
perfect_v2v,rule,111,139,0,1,0,25.717979163698654,-15.364783145211675
perfect_v2v,rule,112,129,0,1,0,30.98522849418084,-1.1631783882721862
perfect_v2v,rule,113,133,0,1,0,26.528656454502432,-9.242667807907175
perfect_v2v,rule,114,79,0,1,0,12.720905046373366,149.43006469734917
perfect_v2v,rule,115,130,0,1,0,29.70003356592282,7.81536513638509
perfect_v2v,rule,116,130,0,1,0,30.6968234789512,-1.1856457606482635
perfect_v2v,rule,117,79,0,1,0,15.519188834681788,149.43312022579357
perfect_v2v,rule,118,120,0,1,0,32.71495191980161,26.014406616673305
perfect_v2v,rule,119,131,0,1,0,29.637209683174696,11.795076006139702
perfect_v2v,rule,120,79,0,1,0,11.535251528306823,149.43271183793826
perfect_v2v,rule,121,79,0,1,0,15.895728724576383,149.42772008470592
perfect_v2v,rule,122,79,0,1,0,11.197065160376784,149.43216676947844
perfect_v2v,rule,123,136,0,1,0,24.764277445446083,-0.3020239950769863
perfect_v2v,rule,124,132,0,1,0,29.55262359863709,7.779738105405251
perfect_v2v,rule,125,129,0,1,0,28.896210509531883,13.33127658848295
perfect_v2v,rule,126,119,0,1,0,34.315650866282645,41.134972086285785
perfect_v2v,rule,127,135,0,1,0,27.150969694303846,-12.78313433575611
perfect_v2v,rule,128,131,0,1,0,28.840143232976526,6.798218589188373
perfect_v2v,rule,129,80,0,1,0,18.030245296685663,151.41304793629044
perfect_v2v,rule,130,137,0,1,0,24.97326496939928,-6.828652371560949
perfect_v2v,rule,131,128,0,1,0,29.23135961784657,6.8510427786921895
perfect_v2v,rule,132,128,0,1,0,30.569022275284844,-1.1450868217457355
perfect_v2v,rule,133,129,0,1,0,29.50682905802349,14.336701959450139
perfect_v2v,rule,134,131,0,1,0,28.24374596789615,11.79680455333699
perfect_v2v,rule,135,80,0,1,0,17.38695684666613,151.41818909330703
perfect_v2v,rule,136,133,0,1,0,25.193384119612325,-8.248408490363289
perfect_v2v,rule,137,135,0,1,0,26.738394231832842,6.219508463711591
perfect_v2v,rule,138,127,0,1,0,31.1316737696843,9.379082058347066
perfect_v2v,rule,139,124,0,1,0,30.6346587442315,10.932357720801384
perfect_v2v,rule,140,131,0,1,0,28.845387216345575,6.796449940773208
perfect_v2v,rule,141,117,0,1,0,34.85548845415684,42.57539326354246
perfect_v2v,rule,142,143,0,1,0,24.62609309282844,-24.44395139416629
perfect_v2v,rule,143,123,0,1,0,32.77657180969169,13.453840190368076
perfect_v2v,rule,144,79,0,1,0,12.26540104680337,149.43151786521614
perfect_v2v,rule,145,80,0,1,0,17.246486480054465,149.41969614224882
perfect_v2v,rule,146,132,0,1,0,27.689921308510048,8.773331294715646
perfect_v2v,rule,147,127,0,1,0,30.61091022237553,17.874641029904502
perfect_v2v,rule,148,133,0,1,0,28.38907258286473,2.257098562166071
perfect_v2v,rule,149,131,0,1,0,26.938936288204534,-5.701397308860294
perfect_v2v,rule,150,127,0,1,0,31.6748057597551,-2.1287757518364856
perfect_v2v,rule,151,137,0,1,0,26.76794758084911,-6.821011319762761
perfect_v2v,rule,152,129,0,1,0,28.070837606451406,-0.16424900540496878
perfect_v2v,rule,153,123,0,1,0,29.692850495184963,21.45309379368356
perfect_v2v,rule,154,123,0,1,0,30.954532472523137,15.45177373403913
perfect_v2v,rule,155,123,0,1,0,31.766599558536075,12.454881724805155
perfect_v2v,rule,156,135,0,1,0,24.843162890579165,-11.78531681930508
perfect_v2v,rule,157,123,0,1,0,32.19086060900993,8.952311006105411
perfect_v2v,rule,158,127,0,1,0,30.780401369665103,15.373633807694254
perfect_v2v,rule,159,127,0,1,0,29.61887956128322,15.874088243886895
perfect_v2v,rule,160,127,0,1,0,29.900630790758242,9.374014688053492
perfect_v2v,rule,161,124,0,1,0,31.79992130892323,11.939484740979076
perfect_v2v,rule,162,140,0,1,0,26.338122779812842,-19.884419919143497
perfect_v2v,rule,163,79,0,1,0,17.6133411362265,149.431807509372
perfect_v2v,rule,164,131,0,1,0,27.43427732861922,-5.705135243745914
perfect_v2v,rule,165,134,0,1,0,28.958010676352657,-3.2629226664359905
perfect_v2v,rule,166,79,0,1,0,16.766078818912327,149.42980380441284
perfect_v2v,rule,167,129,0,1,0,29.804402196144398,-1.163507989886483
perfect_v2v,rule,168,80,0,1,0,20.713936406890298,151.40893662382487
perfect_v2v,rule,169,125,0,1,0,31.03479934656219,10.913075287985748
perfect_v2v,rule,170,127,0,1,0,31.19579009894539,14.875887140047752
perfect_v2v,rule,171,128,0,1,0,31.489711126553694,-1.1420263027337683
perfect_v2v,rule,172,125,0,1,0,32.042879873259764,3.4182670195006466
perfect_v2v,rule,173,128,0,1,0,29.654749865305135,-2.1410402749027497
perfect_v2v,rule,174,130,0,1,0,30.114610249833873,13.312566085037737
perfect_v2v,rule,175,124,0,1,0,30.22541085759245,12.934347011872731
perfect_v2v,rule,176,79,0,1,0,21.35996384643393,149.4337407451364
perfect_v2v,rule,177,137,0,1,0,27.03039359753674,-6.8201736925128955
perfect_v2v,rule,178,132,0,1,0,25.428553488026132,5.2704589170039995
perfect_v2v,rule,179,130,0,1,0,31.14903568269545,10.818179101424583
perfect_v2v,rule,180,128,0,1,0,30.040994398637245,8.35266930133421
perfect_v2v,rule,181,128,0,1,0,29.961332780100822,11.350723573235705
perfect_v2v,rule,182,135,0,1,0,27.345732002327857,-10.780988942205553
perfect_v2v,rule,183,126,0,1,0,31.25589108651406,18.892258612999097
perfect_v2v,rule,184,135,0,1,0,28.69266417871698,-13.786295224472312
perfect_v2v,rule,185,128,0,1,0,29.363750122745735,3.3580365391649494
perfect_v2v,rule,186,134,0,1,0,29.1711927871748,-2.2608485133467653
perfect_v2v,rule,187,134,0,1,0,27.302575781425148,-6.26572994105323
perfect_v2v,rule,188,131,0,1,0,29.621393258082623,-5.7017778343015735
perfect_v2v,rule,189,138,0,1,0,25.407316903523984,-7.848319128741522
perfect_v2v,rule,190,80,0,1,0,23.263945934308644,151.41771135049382
perfect_v2v,rule,191,121,0,1,0,32.900849217702174,25.995875039104103
perfect_v2v,rule,192,123,0,1,0,31.627120313963612,17.458570649089722
perfect_v2v,rule,193,140,0,1,0,25.971383813480646,-10.388206798687975
perfect_v2v,rule,194,121,0,1,0,32.39165305586583,23.991576056613216
perfect_v2v,rule,195,146,0,1,0,24.022681747141245,-28.005341419730698
perfect_v2v,rule,196,79,0,1,0,12.191407343389052,149.43325520802537
perfect_v2v,rule,197,130,0,1,0,30.246457876790867,13.31970890188905
perfect_v2v,rule,198,120,0,1,0,33.266286053267024,23.01530152480424
perfect_v2v,rule,199,122,0,1,0,30.80887347935482,18.470709035558357
sensor_only,random,0,700,0,0,0,15.160204614297148,-682.7805477634606
sensor_only,random,1,700,0,0,0,36.45303723686994,-684.3584279340985
sensor_only,random,2,148,0,1,0,8.71431084934494,-24.740137652049185
sensor_only,random,3,700,0,0,0,39.59514722134127,-698.9793078905443
sensor_only,random,4,63,1,0,1,3.616999086769413,-159.91961766865444
sensor_only,random,5,91,0,1,1,5.15907048299192,-4.802575260877163
sensor_only,random,6,700,0,0,0,40.299669415363184,-696.6695945704386
sensor_only,random,7,700,0,0,0,26.02625818293392,-670.8541273122331
sensor_only,random,8,700,0,0,0,44.92630696160041,-701.2549308326084
sensor_only,random,9,700,0,0,0,49.238647955053395,-703.5263297222692
sensor_only,random,10,163,0,1,0,8.03168552447227,-27.84046011067764
sensor_only,random,11,700,0,0,0,54.59902673695335,-709.2161373429062
sensor_only,random,12,700,0,0,0,45.094201846461445,-696.5160561734031
sensor_only,random,13,700,0,0,0,19.16000722848105,-689.1949218402531
sensor_only,random,14,700,0,0,0,25.94118716430562,-680.8531294960129
sensor_only,random,15,700,0,0,0,31.773391800077704,-680.3857336618084
sensor_only,random,16,700,0,0,0,32.74372255794753,-690.927403423129
sensor_only,random,17,700,0,0,0,33.031849011062114,-695.8423784596723
sensor_only,random,18,700,0,0,0,46.40963707039655,-706.0893977415395
sensor_only,random,19,700,0,0,0,52.57920047586891,-701.9264933319496
sensor_only,random,20,700,0,0,0,30.69170883452601,-685.9142997810163
sensor_only,random,21,700,0,0,0,50.98520232884637,-701.0374816095031
sensor_only,random,22,700,0,0,0,16.67813088099603,-671.9995659174492
sensor_only,random,23,700,0,0,0,36.36512302077749,-687.4845784040726
sensor_only,random,24,700,0,0,0,55.9768166039461,-703.4880961697362
sensor_only,random,25,700,0,0,0,26.911711304714075,-689.7238035133105
sensor_only,random,26,700,0,0,0,55.527714920005266,-701.5232615716181
sensor_only,random,27,192,0,1,0,23.579853503827962,-89.32026362448943
sensor_only,random,28,112,0,1,0,9.051562722920336,49.075691414060856
sensor_only,random,29,700,0,0,0,46.223440186399536,-699.3579079755878
sensor_only,random,30,700,0,0,0,57.91420852798632,-703.9091323091577
sensor_only,random,31,700,0,0,0,28.357803594597932,-688.2802799637379
sensor_only,random,32,250,0,1,0,23.539186702193795,-151.88046735264717
sensor_only,random,33,700,0,0,0,35.35681514963505,-702.9522282770179
sensor_only,random,34,700,0,0,0,35.13847386981273,-683.7002518256342
sensor_only,random,35,700,0,0,0,9.46842572793633,-659.5808276498626
sensor_only,random,36,64,1,0,1,3.906856983562737,-146.9355843688092
sensor_only,random,37,700,0,0,0,21.030406511399935,-680.5898976092841
sensor_only,random,38,700,0,0,0,11.602390587831959,-665.1068197716802
sensor_only,random,39,700,0,0,0,37.192273967415005,-693.5120494779834
sensor_only,random,40,700,0,0,0,14.992793863050037,-674.6959351822535
sensor_only,random,41,700,0,0,0,32.45618935379909,-688.8272307505812
sensor_only,random,42,700,0,0,0,12.469756645211149,-696.4908574928395
sensor_only,random,43,700,0,0,0,20.222603002207716,-666.6117221630112
sensor_only,random,44,700,0,0,0,29.638913857833153,-680.0173722946879
sensor_only,random,45,700,0,0,0,33.067170675223124,-688.6009488233525
sensor_only,random,46,700,0,0,0,17.831806632618406,-686.9289997693671
sensor_only,random,47,700,0,0,0,29.825930651342286,-674.7918272591585
sensor_only,random,48,700,0,0,0,31.19820619619204,-678.4060262743269
sensor_only,random,49,700,0,0,0,42.21857793480039,-694.4368965287421
sensor_only,random,50,700,0,0,0,45.09234131850652,-698.9926970696292
sensor_only,random,51,131,0,1,0,12.541820290066523,-16.302024462351483
sensor_only,random,52,700,0,0,0,38.67604260559986,-695.2297143955863
sensor_only,random,53,700,0,0,0,42.91088912378048,-700.7630187659803
sensor_only,random,54,700,0,0,0,52.34541233993414,-703.9001040629645
sensor_only,random,55,700,0,0,0,43.62377345391337,-702.2721568523832
sensor_only,random,56,700,0,0,0,28.38163036675344,-687.5108209211289
sensor_only,random,57,520,0,1,1,7.215008844781501,-445.0801973162843
sensor_only,random,58,700,0,0,0,41.4273372504662,-690.0397729790532
sensor_only,random,59,700,0,0,0,24.618876276155284,-650.5818017001334
sensor_only,random,60,700,0,0,0,52.39628191296793,-703.8669306325621
sensor_only,random,61,478,0,1,0,16.097260046636055,-381.1407902638998
sensor_only,random,62,227,0,1,0,13.09822578265107,-130.92037789910285
sensor_only,random,63,700,0,0,0,54.41156669244278,-702.9268053324158
sensor_only,random,64,700,0,0,0,17.83636022234585,-668.1312579903654
sensor_only,random,65,700,0,0,0,28.04105298935735,-679.9500729884169
sensor_only,random,66,700,0,0,0,45.925827199645,-701.971634552005
sensor_only,random,67,700,0,0,0,30.37420944270194,-689.5259718688343
sensor_only,random,68,700,0,0,0,46.355960570795766,-709.8684316682688
sensor_only,random,69,700,0,0,0,17.277005566294026,-698.7307654331133
sensor_only,random,70,700,0,0,0,46.37946078895787,-698.7448702311274
sensor_only,random,71,700,0,0,0,57.937098457522225,-704.6811193542159
sensor_only,random,72,700,0,0,0,46.32427549678306,-698.4330682775824
sensor_only,random,73,56,1,0,1,3.863869220072383,-130.79473603068527
sensor_only,random,74,700,0,0,0,14.640710064825294,-673.117802765835
sensor_only,random,75,700,0,0,1,5.961141720787145,-708.5736787947194
sensor_only,random,76,700,0,0,0,26.142146526679603,-659.0445318304323
sensor_only,random,77,700,0,0,0,33.586819897940934,-691.7911213290105
sensor_only,random,78,700,0,0,0,29.586104051049194,-679.171539831201
sensor_only,random,79,700,0,0,0,23.541288003993294,-685.9310445164699
sensor_only,random,80,700,0,0,0,9.428551043654917,-674.7157260017075
sensor_only,random,81,452,0,1,1,5.160774019951149,-383.1220480830517
sensor_only,random,82,700,0,0,0,32.42809308879571,-688.5651084715255
sensor_only,random,83,700,0,0,0,45.82794987264111,-702.2046884505878
sensor_only,random,84,700,0,0,0,31.141553695228517,-682.3365591370195
sensor_only,random,85,700,0,0,0,40.61765453029997,-701.6793663185418
sensor_only,random,86,625,0,1,0,17.537263299935855,-520.6801970460589
sensor_only,random,87,470,0,1,0,24.25214878728207,-358.98124606321437
sensor_only,random,88,700,0,0,0,18.11894004901869,-672.5278019511258
sensor_only,random,89,121,0,1,0,11.909935000830886,2.4946984224550874
sensor_only,random,90,700,0,0,0,27.01432959586032,-670.846281924121
sensor_only,random,91,700,0,0,0,63.452135253481245,-710.7225768185226
sensor_only,random,92,700,0,0,0,34.76080395695505,-685.8265236319062
sensor_only,random,93,700,0,0,0,14.428406040719757,-683.2232281574135
sensor_only,random,94,700,0,0,0,35.39594273057186,-694.4722111900184
sensor_only,random,95,684,0,1,0,35.23093711109856,-617.2600269290374
sensor_only,random,96,589,0,1,0,24.513033089253828,-498.6601189371595
sensor_only,random,97,700,0,0,0,24.92319612088538,-686.2233143619987
sensor_only,random,98,700,0,0,0,18.491002742703515,-685.6186702268737
sensor_only,random,99,700,0,0,0,27.060738620265887,-668.1086028172898
sensor_only,random,100,700,0,0,0,28.671747056167664,-671.4778614079777
sensor_only,random,101,700,0,0,0,24.609632746593554,-681.7730308066866
sensor_only,random,102,700,0,0,0,25.79766530990215,-674.3185628335976
sensor_only,random,103,700,0,0,0,48.092270795167906,-698.1223312691066
sensor_only,random,104,700,0,0,0,43.04174151199563,-697.3639512598295
sensor_only,random,105,700,0,0,0,50.400101303394564,-701.709342097027
sensor_only,random,106,700,0,0,0,17.708620728709576,-677.1646576143245
sensor_only,random,107,700,0,0,0,31.664744934185396,-682.5123513793413
sensor_only,random,108,700,0,0,0,25.278604316000962,-670.9650134554362
sensor_only,random,109,700,0,0,0,37.4842206798408,-685.6644615626154
sensor_only,random,110,700,0,0,0,21.81358788566872,-677.7770835322632
sensor_only,random,111,700,0,0,0,29.911082519271165,-687.5516671739565
sensor_only,random,112,700,0,0,0,33.276274844839904,-693.8567524730936
sensor_only,random,113,700,0,0,0,27.612335205380568,-689.1750993553293
sensor_only,random,114,700,0,0,0,12.4783661964643,-688.3662018123282
sensor_only,random,115,700,0,0,0,42.46734252234382,-700.0012270887737
sensor_only,random,116,700,0,0,0,25.20493442804557,-672.7691237586647
sensor_only,random,117,700,0,0,0,23.752868115724716,-675.9809575162709
sensor_only,random,118,700,0,0,0,33.36148863618876,-683.6079139343066
sensor_only,random,119,59,1,0,1,4.484606848921599,-153.56460178187606
sensor_only,random,120,64,1,0,1,4.079097039144843,-136.25924570165006
sensor_only,random,121,700,0,0,0,11.500168442820632,-661.8753689199999
sensor_only,random,122,64,1,0,1,3.7924635776298046,-152.75872892047778
sensor_only,random,123,700,0,0,0,27.851103018676092,-680.383332026856
sensor_only,random,124,700,0,0,0,17.26661490491246,-669.9778471031555
sensor_only,random,125,700,0,0,0,42.69456122281719,-695.7964585007993
sensor_only,random,126,700,0,0,0,31.708173633547116,-666.0490853115864
sensor_only,random,127,700,0,0,0,62.925440422255804,-708.5982031025137
sensor_only,random,128,700,0,0,0,29.099213640805395,-679.4170132103521
sensor_only,random,129,664,0,1,0,15.145902018162703,-625.0605070158351
sensor_only,random,130,700,0,0,0,34.13505398026689,-697.8219432021701
sensor_only,random,131,700,0,0,0,14.433463933098105,-666.3329685380095
sensor_only,random,132,700,0,0,0,31.729681824116902,-697.1059055216052
sensor_only,random,133,700,0,0,0,22.946544263032578,-665.585085147807
sensor_only,random,134,700,0,0,0,24.867548672761654,-662.3196817007133
sensor_only,random,135,700,0,0,0,13.656676229702947,-669.3956807854339
sensor_only,random,136,700,0,0,0,28.480401443185134,-673.1658723269073
sensor_only,random,137,700,0,0,0,25.22793409848223,-683.9220624901874
sensor_only,random,138,700,0,0,0,23.680724412135564,-675.5547916180428
sensor_only,random,139,370,0,1,0,27.215849999752944,-260.5800539188791
sensor_only,random,140,700,0,0,0,28.727836851943195,-683.0695220355337
sensor_only,random,141,700,0,0,0,32.22546872642605,-661.6742576764516
sensor_only,random,142,700,0,0,0,33.62483637023537,-691.7462031175103
sensor_only,random,143,700,0,0,0,34.750326674271626,-688.3617125684277
sensor_only,random,144,700,0,0,0,40.684416289431844,-701.6633328888305
sensor_only,random,145,72,1,0,1,4.303558554254765,-132.81777673754317
sensor_only,random,146,700,0,0,0,12.829709149974398,-673.7686483839427
sensor_only,random,147,700,0,0,0,24.5341464479275,-668.7456797603171
sensor_only,random,148,700,0,0,0,33.126911845709195,-681.279089257245
sensor_only,random,149,700,0,0,0,54.957161058206076,-705.8160157459379
sensor_only,random,150,700,0,0,0,58.12320384106564,-707.5496650286202
sensor_only,random,151,64,1,0,1,3.961369339077322,-134.75685436136064
sensor_only,random,152,700,0,0,0,26.23416897982756,-670.5064377144403
sensor_only,random,153,700,0,0,0,20.39615541302673,-688.0954096433455
sensor_only,random,154,700,0,0,0,30.886312502528952,-679.7020699358233
sensor_only,random,155,700,0,0,0,49.11182229976397,-700.6757264920877
sensor_only,random,156,700,0,0,0,30.51129958461131,-687.3925549836499
sensor_only,random,157,700,0,0,0,23.05595886371357,-678.1894222483412
sensor_only,random,158,116,0,1,0,12.044747471062362,20.694240380038423
sensor_only,random,159,700,0,0,0,34.00516471392758,-689.9717624769737
sensor_only,random,160,179,0,1,0,14.188523351893576,-88.0602598851307
sensor_only,random,161,347,0,1,0,10.11606297224388,-268.22121121567784
sensor_only,random,162,700,0,0,0,32.255592643978886,-687.9847157744002
sensor_only,random,163,700,0,0,0,21.189274435546345,-680.442066107858
sensor_only,random,164,152,0,1,0,21.812231899834142,-29.920546936966275
sensor_only,random,165,700,0,0,0,14.623804680461557,-658.3009713882647
sensor_only,random,166,678,0,1,0,8.37199590621069,-581.0402917999803
sensor_only,random,167,700,0,0,0,29.44641290442902,-689.3214459256473
sensor_only,random,168,700,0,0,0,26.23139964306399,-691.4017186974878
sensor_only,random,169,700,0,0,0,33.84936454616593,-688.8238127368465
sensor_only,random,170,700,0,0,0,37.52968318923846,-692.5367413850463
sensor_only,random,171,700,0,0,0,53.1873821970983,-708.7608257587785
sensor_only,random,172,700,0,0,0,43.070939967415605,-705.0183571291182
sensor_only,random,173,700,0,0,0,50.47742287190837,-696.4068580718074
sensor_only,random,174,59,1,0,1,4.309602015356551,-138.45951113608032
sensor_only,random,175,700,0,0,0,30.14666020297605,-675.182785277793
sensor_only,random,176,74,1,0,1,3.895061650089549,-127.55202512101113
sensor_only,random,177,700,0,0,0,15.286369268731631,-674.7270918168819
sensor_only,random,178,700,0,0,0,17.301978652117814,-682.5305112331932
sensor_only,random,179,700,0,0,0,20.295279208764505,-687.1876229106971
sensor_only,random,180,53,1,0,1,4.169415587499002,-141.93781859023602
sensor_only,random,181,700,0,0,0,25.061137487590596,-673.2817978390143
sensor_only,random,182,700,0,0,0,45.34031656238184,-702.9934093792228
sensor_only,random,183,151,0,1,0,12.825747732957916,-48.40122566440117
sensor_only,random,184,700,0,0,0,48.924908345682205,-698.9285966253337
sensor_only,random,185,700,0,0,0,33.886777728431674,-700.8347364591264
sensor_only,random,186,700,0,0,0,46.63253085487134,-696.1731232198028
sensor_only,random,187,700,0,0,0,28.15133082405229,-688.9797322046674
sensor_only,random,188,700,0,0,0,58.32244777401531,-708.2636853502875
sensor_only,random,189,700,0,0,0,22.984580376541153,-682.7287000430928
sensor_only,random,190,700,0,0,0,21.683398123592404,-675.0709066737168
sensor_only,random,191,700,0,0,0,32.3188512632686,-691.058752464805
sensor_only,random,192,700,0,0,0,44.63235400799515,-699.4268354228
sensor_only,random,193,700,0,0,0,19.86211525530686,-667.989430686899
sensor_only,random,194,454,0,1,0,14.069442620990042,-382.36039668285264
sensor_only,random,195,700,0,0,0,42.48675399735375,-697.1691568518365
sensor_only,random,196,520,0,1,0,18.06783187107516,-455.38052966068443
sensor_only,random,197,700,0,0,0,22.55017383238247,-668.0322612823128
sensor_only,random,198,629,0,1,0,31.67698389723284,-527.2604735002284
sensor_only,random,199,700,0,0,0,29.680186317126548,-688.9240554868281
sensor_only,hold,0,100,0,1,1,7.216323861413761,17.013789462543407
sensor_only,hold,1,104,0,1,0,20.350521052200765,38.93269640750117
sensor_only,hold,2,69,1,0,1,3.7804303466934157,-142.75907319958736
sensor_only,hold,3,121,0,1,1,4.896775744537401,8.59288928018303
sensor_only,hold,4,91,0,1,1,6.879013972613114,40.691600158404825
sensor_only,hold,5,95,0,1,0,8.084426946095652,21.114144879462522
sensor_only,hold,6,103,0,1,1,5.312930822346507,12.951656844320333
sensor_only,hold,7,100,0,1,0,8.949189757776587,21.010030243820275
sensor_only,hold,8,111,0,1,0,21.712587868603425,38.795094241365184
sensor_only,hold,9,93,0,1,1,4.83670990446788,40.1522013656488
sensor_only,hold,10,91,0,1,0,11.443173335569103,42.19532849237314
sensor_only,hold,11,119,0,1,0,12.671293025750227,22.632548108565743
sensor_only,hold,12,114,0,1,0,24.026158274541974,42.73469812405204
sensor_only,hold,13,57,1,0,1,3.853317138464181,-134.51702827240663
sensor_only,hold,14,61,1,0,1,4.434351050204733,-110.0604512027733
sensor_only,hold,15,98,0,1,0,12.418808436531815,27.051027541416314
sensor_only,hold,16,102,0,1,0,10.801466935820075,22.97122752232589
sensor_only,hold,17,94,0,1,1,6.509952305358764,40.13549425833664
sensor_only,hold,18,108,0,1,0,16.33934393908495,30.85272229538006
sensor_only,hold,19,108,0,1,0,19.706874035411605,36.85993769965775
sensor_only,hold,20,113,0,1,0,15.758880269467285,30.75637922500655
sensor_only,hold,21,58,1,0,1,4.054616651745194,-134.5415241517997
sensor_only,hold,22,110,0,1,0,9.326854992484172,18.819781804102757
sensor_only,hold,23,98,0,1,0,12.343250067808967,27.05139682823608
sensor_only,hold,24,111,0,1,1,7.230612154308038,14.796254630507711
sensor_only,hold,25,118,0,1,1,6.374315413669682,10.656174029721896
sensor_only,hold,26,105,0,1,0,8.341950951327009,16.91560411977884
sensor_only,hold,27,98,0,1,1,6.00695496617326,15.052577321594448
sensor_only,hold,28,94,0,1,1,5.135208306918052,17.13750577934824
sensor_only,hold,29,123,0,1,0,15.478298308278937,26.555538337226313
sensor_only,hold,30,115,0,1,0,16.33249015028442,28.71801940399567
sensor_only,hold,31,92,0,1,0,11.398353248225382,41.67100363133839
sensor_only,hold,32,118,0,1,0,16.573204950450982,28.6559949156923
sensor_only,hold,33,65,1,0,1,3.984296742447084,-138.67714206987006
sensor_only,hold,34,125,0,1,0,26.57110804150521,48.513598407018044
sensor_only,hold,35,67,1,0,1,3.9656304300276535,-140.72062505316376
sensor_only,hold,36,117,0,1,1,5.3867604900667825,10.675051003462471
sensor_only,hold,37,98,0,1,0,13.43861623121763,27.054569101012774
sensor_only,hold,38,65,1,0,1,4.312590062009257,-138.6685161380172
sensor_only,hold,39,105,0,1,0,13.342583441004951,26.91896973933999
sensor_only,hold,40,59,1,0,1,4.434729375753078,-134.56053083927887
sensor_only,hold,41,91,0,1,0,10.864527985848095,25.19479551765304
sensor_only,hold,42,62,1,0,1,4.296520764494491,-110.08092377932188
sensor_only,hold,43,60,1,0,1,4.350316324701112,-140.5848458992021
sensor_only,hold,44,120,0,1,0,10.344446034716725,16.618672946083947
sensor_only,hold,45,62,1,0,1,3.7961096457257177,-138.62012489576387
sensor_only,hold,46,92,0,1,1,4.622245412025673,39.671711965372204
sensor_only,hold,47,97,0,1,0,8.780321261613187,23.075881572754174
sensor_only,hold,48,109,0,1,0,11.017043968251864,22.837989075861998
sensor_only,hold,49,110,0,1,0,13.095625886180828,24.818563542265903
sensor_only,hold,50,96,0,1,0,8.37724602068488,21.09937649833356
sensor_only,hold,51,56,1,0,1,3.490398442176297,-136.49413034945644
sensor_only,hold,52,101,0,1,1,6.602565251780321,16.997044145536876
sensor_only,hold,53,125,0,1,0,22.732773650595103,38.51641519144315
sensor_only,hold,54,115,0,1,0,18.47983795190747,34.713150323496286
sensor_only,hold,55,94,0,1,0,13.050168522868205,29.13167824979614
sensor_only,hold,56,97,0,1,0,15.01764701670992,42.57106592254879
sensor_only,hold,57,62,1,0,1,3.1338020712408037,-138.59845065954406
sensor_only,hold,58,112,0,1,0,21.229987694978764,36.77776099156118
sensor_only,hold,59,102,0,1,0,17.452569502547043,32.97795988168103
sensor_only,hold,60,111,0,1,1,6.618926593591141,12.79414790207069
sensor_only,hold,61,109,0,1,0,12.466842908361633,24.833383752162494
sensor_only,hold,62,101,0,1,1,6.3433241098063675,16.99498245339447
sensor_only,hold,63,103,0,1,0,19.573215580029604,36.958809906986716
sensor_only,hold,64,91,0,1,1,7.462216898258298,21.19172611438928
sensor_only,hold,65,123,0,1,0,17.710919318936828,28.554501635924968
sensor_only,hold,66,92,0,1,0,10.738017955112289,27.176991305254866
sensor_only,hold,67,66,1,0,1,3.7180966811222214,-140.69381904802032
sensor_only,hold,68,105,0,1,0,11.886229313117731,22.913197246028922
sensor_only,hold,69,62,1,0,1,4.031001786990233,-136.6187113123579
sensor_only,hold,70,109,0,1,0,16.20431287694482,28.83558196250642
sensor_only,hold,71,114,0,1,0,8.623956412625484,16.735634385761415
sensor_only,hold,72,94,0,1,1,4.581343722559835,39.63334021217942
sensor_only,hold,73,105,0,1,1,6.732280424537028,14.915949323795182
sensor_only,hold,74,58,1,0,1,3.0093497151105937,-136.52086540383675
sensor_only,hold,75,70,1,0,1,4.054179157866692,-142.780905196719
sensor_only,hold,76,95,0,1,0,8.868653653165522,21.114544517954595
sensor_only,hold,77,96,0,1,1,7.5316195330903914,19.09892342179688
sensor_only,hold,78,108,0,1,0,16.304388560892228,30.8594187212732
sensor_only,hold,79,92,0,1,0,15.650340821817824,43.175788215204136
sensor_only,hold,80,59,1,0,1,4.2060675118700805,-138.55930720890265
sensor_only,hold,81,70,1,0,1,4.17390583297412,-111.23214778532389
sensor_only,hold,82,90,0,1,0,10.393602608928688,25.21612751667938
sensor_only,hold,83,70,1,0,1,3.375298711911292,-144.7581357181769
sensor_only,hold,84,97,0,1,1,7.5994901434975635,21.072900578998656
sensor_only,hold,85,123,0,1,0,15.649660084738581,26.553303695768655
sensor_only,hold,86,65,1,0,1,3.8164719349058913,-111.14195331721507
sensor_only,hold,87,102,0,1,0,16.205107054029064,32.97246847831029
sensor_only,hold,88,116,0,1,0,14.049791571579142,24.69589827400257
sensor_only,hold,89,102,0,1,0,8.055821427772798,18.974091172233013
sensor_only,hold,90,109,0,1,0,12.893056966171608,22.832678208713805
sensor_only,hold,91,113,0,1,0,14.723470738353402,26.75745696786822
sensor_only,hold,92,63,1,0,1,3.662432710165935,-140.62478852363688
sensor_only,hold,93,55,1,0,1,3.5444890643590656,-134.4777072629663
sensor_only,hold,94,115,0,1,0,14.582340364336794,24.7194319536411
sensor_only,hold,95,103,0,1,0,18.154336140204727,34.952731404012326
sensor_only,hold,96,97,0,1,1,7.407881116875455,19.072000723635764
sensor_only,hold,97,60,1,0,1,3.8278963347904793,-138.58069718099972
sensor_only,hold,98,91,0,1,0,13.25555264684587,31.191772795811314
sensor_only,hold,99,104,0,1,0,8.351499745782021,18.93078771033116
sensor_only,hold,100,94,0,1,1,7.044414012429536,19.132490533237373
sensor_only,hold,101,91,0,1,1,7.165399360691749,40.691737361615836
sensor_only,hold,102,118,0,1,0,10.819707897355775,18.65590068468963
sensor_only,hold,103,112,0,1,0,9.38583074973205,18.77906508426312
sensor_only,hold,104,94,0,1,0,9.815446920612716,25.13355688816121
sensor_only,hold,105,100,0,1,0,19.686303657247773,37.01418028168494
sensor_only,hold,106,58,1,0,1,4.2752639512221196,-110.00480880716349
sensor_only,hold,107,61,1,0,1,4.339795184767751,-136.59548110347515
sensor_only,hold,108,94,0,1,0,9.93684518012093,23.138743760037055
sensor_only,hold,109,103,0,1,0,9.665231020284326,20.95347747004668
sensor_only,hold,110,58,1,0,1,3.698920771303622,-136.51427811118052
sensor_only,hold,111,118,0,1,1,6.248869831471508,10.65353081166861
sensor_only,hold,112,120,0,1,0,17.00377754366657,28.61634759215327
sensor_only,hold,113,122,0,1,0,12.686916079153137,22.57532784275177
sensor_only,hold,114,62,1,0,1,3.9017867453813886,-110.58991620881571
sensor_only,hold,115,98,0,1,1,5.421423224729802,15.054005722708332
sensor_only,hold,116,117,0,1,0,14.496953430886814,24.671983657091502
sensor_only,hold,117,93,0,1,1,7.7703297401071305,40.65360346216576
sensor_only,hold,118,92,0,1,0,11.904592780308873,29.179016824514775
sensor_only,hold,119,56,1,0,1,3.614428120544197,-132.49170168971008
sensor_only,hold,120,61,1,0,1,3.9989985071734844,-110.55608162061908
sensor_only,hold,121,66,1,0,1,4.219677648360441,-110.14837431176554
sensor_only,hold,122,60,1,0,1,3.814652743393003,-110.05217343346332
sensor_only,hold,123,61,1,0,1,3.8347281913610702,-138.58898844225635
sensor_only,hold,124,58,1,0,1,4.135139162769351,-134.54076983199928
sensor_only,hold,125,57,1,0,1,3.7630064913924146,-134.51936649253872
sensor_only,hold,126,125,0,1,0,29.775253707663683,48.51445066694436
sensor_only,hold,127,122,0,1,0,11.930083855427487,18.57218705502647
sensor_only,hold,128,99,0,1,1,5.10339698264603,15.030718628772902
sensor_only,hold,129,69,1,0,1,3.621215440187077,-111.23237275747826
sensor_only,hold,130,65,1,0,1,3.232256698225866,-142.6751681748521
sensor_only,hold,131,100,0,1,1,6.4132885637991475,17.01679964638219
sensor_only,hold,132,119,0,1,0,16.452350830490282,26.637846260110187
sensor_only,hold,133,55,1,0,1,3.546896530448555,-134.47949386085702
sensor_only,hold,134,56,1,0,1,3.609208543117365,-134.48954884281898
sensor_only,hold,135,68,1,0,1,4.344463211962191,-110.1864589720488
sensor_only,hold,136,119,0,1,0,10.173437817144938,16.632122107099484
sensor_only,hold,137,59,1,0,1,3.2242407018802264,-138.5367214112293
sensor_only,hold,138,102,0,1,0,10.762245495475876,22.97323244359572
sensor_only,hold,139,108,0,1,0,15.402457495633929,30.85869948069702
sensor_only,hold,140,60,1,0,1,4.30001554250623,-136.58195333457215
sensor_only,hold,141,97,0,1,0,19.610212187155305,39.074190287069605
sensor_only,hold,142,124,0,1,1,5.292364906824348,6.532773369841955
sensor_only,hold,143,108,0,1,0,17.626412484971734,32.85752082269995
sensor_only,hold,144,61,1,0,1,4.468298229977095,-110.56778972672015
sensor_only,hold,145,101,0,1,1,5.065885930195634,39.49220177810818
sensor_only,hold,146,58,1,0,1,3.705303187767103,-136.5379880626046
sensor_only,hold,147,55,1,0,1,3.445843078284572,-134.4770167014695
sensor_only,hold,148,61,1,0,1,3.453485102587722,-138.59760974447
sensor_only,hold,149,122,0,1,0,13.807940986899979,22.57976035098397
sensor_only,hold,150,125,0,1,0,20.94154275877668,34.51391338708168
sensor_only,hold,151,64,1,0,1,3.6204407390194793,-138.65685436136064
sensor_only,hold,152,115,0,1,0,13.766146190905884,24.71172072956119
sensor_only,hold,153,91,0,1,1,7.252702327790309,21.189331487143676
sensor_only,hold,154,102,0,1,0,13.311090008595285,26.97669923883572
sensor_only,hold,155,112,0,1,0,18.790245876096265,34.77863763486359
sensor_only,hold,156,119,0,1,0,8.705011443379908,14.636380711358136
sensor_only,hold,157,114,0,1,0,19.76261634359582,34.7391339646714
sensor_only,hold,158,55,1,0,1,4.129413630789599,-132.48053408241674
sensor_only,hold,159,95,0,1,1,5.9576077552515825,17.11563027718571
sensor_only,hold,160,103,0,1,0,10.278711168379717,20.957021414138588
sensor_only,hold,161,106,0,1,0,15.875061266871159,30.89745282766521
sensor_only,hold,162,122,0,1,1,7.3470809786661775,10.575769135134202
sensor_only,hold,163,95,0,1,0,9.229968487311691,40.614637646825656
sensor_only,hold,164,122,0,1,0,13.974689946216932,24.576281196205983
sensor_only,hold,165,106,0,1,1,5.638414180850526,14.895461052813637
sensor_only,hold,166,98,0,1,1,6.711950403885734,40.05832128971881
sensor_only,hold,167,120,0,1,0,16.284564995053252,28.616041165652376
sensor_only,hold,168,73,1,0,1,4.458593385453566,-111.80174025705166
sensor_only,hold,169,105,0,1,0,13.361287034716254,26.910579273794625
sensor_only,hold,170,96,0,1,1,6.25867844914757,19.099375224639235
sensor_only,hold,171,121,0,1,0,18.99667826319218,30.599357824188516
sensor_only,hold,172,118,0,1,0,20.03373524363738,34.659733881303026
sensor_only,hold,173,122,0,1,0,18.33789554807445,32.57444824202182
sensor_only,hold,174,56,1,0,1,3.962075099708243,-132.497947793201
sensor_only,hold,175,103,0,1,0,13.00310054694255,26.959854595211603
sensor_only,hold,176,92,0,1,0,13.824526308883485,42.67264156147929
sensor_only,hold,177,64,1,0,1,3.565794569239033,-140.6580228134435
sensor_only,hold,178,59,1,0,1,3.1315200608525027,-140.55479040315853
sensor_only,hold,179,56,1,0,1,3.437515086622103,-134.49841976295858
sensor_only,hold,180,102,0,1,0,8.591195256873712,18.974181412872156
sensor_only,hold,181,96,0,1,1,5.198482065361002,17.099013696514803
sensor_only,hold,182,118,0,1,0,9.861702915930604,18.658141893745857
sensor_only,hold,183,91,0,1,1,5.094168960547339,19.194016601359316
sensor_only,hold,184,125,0,1,0,12.940788896204191,20.519055762428543
sensor_only,hold,185,115,0,1,0,15.00657228311993,26.71210209027411
sensor_only,hold,186,63,1,0,1,3.9188576189536932,-138.63542472050744
sensor_only,hold,187,114,0,1,0,8.4507536250864,16.735920877150328
sensor_only,hold,188,121,0,1,0,14.587414861083658,24.59690661449072
sensor_only,hold,189,64,1,0,1,4.364874637978073,-138.65784835847234
sensor_only,hold,190,104,0,1,0,10.260424243463147,40.939229900094126
sensor_only,hold,191,90,0,1,0,11.400308014794406,27.208993987335653
sensor_only,hold,192,99,0,1,0,13.969513307421574,29.030676095170417
sensor_only,hold,193,65,1,0,1,3.700810760218431,-140.66436917349662
sensor_only,hold,194,93,0,1,0,11.860258236509175,27.150576310070146
sensor_only,hold,195,75,1,0,1,3.9832507094509015,-146.87986582800036
sensor_only,hold,196,60,1,0,1,4.439743286094411,-110.04147045441856
sensor_only,hold,197,56,1,0,1,3.167999241190596,-134.4955163596597
sensor_only,hold,198,95,0,1,0,14.582629769953204,31.112214649845438
sensor_only,hold,199,99,0,1,0,12.790981254558268,27.035347152766423
sensor_only,full,0,51,1,0,1,3.73823738350962,-66.37057378080459
sensor_only,full,1,80,0,1,1,7.665610134229053,-22.58285953720852
sensor_only,full,2,80,0,1,0,14.904292171260828,72.00860590595514
sensor_only,full,3,81,0,1,0,15.566082720466843,74.594237082688
sensor_only,full,4,79,0,1,0,14.452750332626028,71.43428889768913
sensor_only,full,5,49,1,0,1,4.170954073757171,-190.35222394386406
sensor_only,full,6,80,0,1,1,7.212461973554881,81.41789913332235
sensor_only,full,7,51,1,0,1,4.029828365351161,-70.37087755605494
sensor_only,full,8,80,0,1,1,6.098561814088082,-28.288970575863374
sensor_only,full,9,79,0,1,0,12.775312424475517,75.43302878471619
sensor_only,full,10,79,0,1,0,18.35654938294394,69.43449602735403
sensor_only,full,11,81,0,1,1,6.861882621105369,80.29606852043516
sensor_only,full,12,80,0,1,1,7.638376921754023,-21.991808340808518
sensor_only,full,13,79,0,1,1,5.073862125348359,79.43292411367068
sensor_only,full,14,79,0,1,0,12.851037688459517,75.43227487972263
sensor_only,full,15,48,1,0,1,4.472243510606533,-190.34754576978008
sensor_only,full,16,50,1,0,1,2.6880704083706823,-196.36527279504026
sensor_only,full,17,79,0,1,0,14.607387919018963,73.43254543602168
sensor_only,full,18,49,1,0,1,3.8664832638644304,-190.06322443692352
sensor_only,full,19,80,0,1,1,5.489328662380125,-28.58574787853655
sensor_only,full,20,50,1,0,1,3.4236684387422103,-195.77468508303497
sensor_only,full,21,79,0,1,0,8.051810685243225,77.43125703398948
sensor_only,full,22,80,0,1,1,4.965564536074543,83.71241541142328
sensor_only,full,23,48,1,0,1,4.370149232589207,-190.34751531313515
sensor_only,full,24,80,0,1,0,8.871799258335152,77.71114546305073
sensor_only,full,25,81,0,1,0,10.880186561803654,80.29740600330241
sensor_only,full,26,52,1,0,1,4.290594858884828,-66.38186883463666
sensor_only,full,27,51,1,0,1,4.347683985043926,-66.3690179528582
sensor_only,full,28,51,1,0,1,4.200046879253521,-70.36572478842915
sensor_only,full,29,81,0,1,1,5.121669894074794,82.59264210427193
sensor_only,full,30,50,1,0,1,3.6729011761056043,-195.77638532589515
sensor_only,full,31,79,0,1,0,18.665692682214765,69.4336507489746
sensor_only,full,32,51,1,0,1,3.9117811331098458,-189.4866138982564
sensor_only,full,33,80,0,1,0,11.300459044024963,75.41499655158277
sensor_only,full,34,81,0,1,1,6.340003796693127,-27.409419534691395
sensor_only,full,35,80,0,1,0,13.739122367899226,73.71141582447268
sensor_only,full,36,81,0,1,0,13.883850659165267,74.29823433659489
sensor_only,full,37,48,1,0,1,4.449607695406313,-196.34726697209183
sensor_only,full,38,80,0,1,0,14.886491894973368,73.41634435343478
sensor_only,full,39,49,1,0,1,3.807129041347791,-190.359950695634
sensor_only,full,40,79,0,1,0,9.95667216354785,75.43010972629389
sensor_only,full,41,48,1,0,1,4.332676501229475,-190.34233358235258
sensor_only,full,42,79,0,1,0,13.77301983791272,73.43109661548762
sensor_only,full,43,79,0,1,1,7.533386582716606,81.4282188611251
sensor_only,full,44,81,0,1,0,8.501634215690247,80.2958187252024
sensor_only,full,45,80,0,1,0,10.047576266248072,75.41890616292005
sensor_only,full,46,79,0,1,0,11.544109387991005,77.43368966842701
sensor_only,full,47,49,1,0,1,4.430476998113521,-190.35362363532
sensor_only,full,48,53,1,0,1,4.2210108971191085,-68.09243296449556
sensor_only,full,49,51,1,0,1,3.4111964328925772,-196.07890753243186
sensor_only,full,50,49,1,0,1,4.2669720662583295,-190.35260173170172
sensor_only,full,51,79,0,1,1,6.640358187085341,81.4342790591403
sensor_only,full,52,79,0,1,1,5.253163424957413,79.4272835316429
sensor_only,full,53,50,1,0,1,4.161769604113053,-189.18590151064348
sensor_only,full,54,50,1,0,1,3.013165384839577,-195.77689786068458
sensor_only,full,55,79,0,1,1,4.585920480307177,-34.56770075807755
sensor_only,full,56,79,0,1,0,24.92049324639549,49.43002522351918
sensor_only,full,57,79,0,1,0,12.722323876188252,73.42903466760075
sensor_only,full,58,80,0,1,1,5.557123452847013,-34.28960278461996
sensor_only,full,59,80,0,1,1,5.854156775488638,-34.580672881830296
sensor_only,full,60,80,0,1,1,7.852800107833682,81.71093479020705
sensor_only,full,61,52,1,0,1,3.668478650907926,-68.08570202524271
sensor_only,full,62,80,0,1,1,6.106781732733,77.41991859627151
sensor_only,full,63,80,0,1,1,7.440633380846817,-22.581469714089295
sensor_only,full,64,48,1,0,1,4.130722192911268,-190.34250410475613
sensor_only,full,65,52,1,0,1,3.6455539163290935,-195.1986768614512
sensor_only,full,66,48,1,0,1,4.122200280639833,-190.342820257953
sensor_only,full,67,80,0,1,0,13.858358354972303,75.41405860799684
sensor_only,full,68,51,1,0,1,3.1124494520504076,-190.37490026480486
sensor_only,full,69,80,0,1,0,11.72016283825072,73.41911472440617
sensor_only,full,70,49,1,0,1,4.123893967823248,-190.06387813344838
sensor_only,full,71,80,0,1,0,9.225304804885203,78.00829108521356
sensor_only,full,72,79,0,1,0,12.24818752938441,77.43240646530185
sensor_only,full,73,80,0,1,1,6.194728836876294,81.41656435805719
sensor_only,full,74,79,0,1,0,9.295318717220658,77.433492062754
sensor_only,full,75,81,0,1,0,15.388737148684307,71.99955040057057
sensor_only,full,76,49,1,0,1,3.7170318149667922,-184.35219843502415
sensor_only,full,77,49,1,0,1,4.391333462568028,-190.35263511628864
sensor_only,full,78,49,1,0,1,3.878973775659969,-190.3625963811894
sensor_only,full,79,79,0,1,0,22.931605752918905,63.43391363819805
sensor_only,full,80,79,0,1,0,8.483181149024986,81.43025740582206
sensor_only,full,81,80,0,1,0,18.869456425741244,69.41469162531536
sensor_only,full,82,48,1,0,1,4.281203109324296,-190.3416377799618
sensor_only,full,83,80,0,1,0,17.426036482230217,71.71065778405872
sensor_only,full,84,51,1,0,1,3.4731762500080863,-196.36824099944798
sensor_only,full,85,81,0,1,1,4.856376774994838,82.59238567000631
sensor_only,full,86,79,0,1,0,14.948738498409549,73.42727583534808
sensor_only,full,87,49,1,0,1,4.298021679117186,-184.357962214804
sensor_only,full,88,81,0,1,1,4.523183625133106,79.99927981989589
sensor_only,full,89,80,0,1,1,4.835300083824566,79.41898238168409
sensor_only,full,90,51,1,0,1,3.8885615582357067,-190.07857388614948
sensor_only,full,91,52,1,0,1,3.321120503465882,-195.78896961058553
sensor_only,full,92,80,0,1,0,12.491888527168905,75.4197021259823
sensor_only,full,93,79,0,1,1,5.4360365319041115,81.43496784602159
sensor_only,full,94,52,1,0,1,4.19420050689054,-69.79063663645884
sensor_only,full,95,80,0,1,1,5.727190030435803,-28.582006052587033
sensor_only,full,96,51,1,0,1,3.271728125006463,-196.36830661390155
sensor_only,full,97,79,0,1,0,8.155395017370692,77.42878139918645
sensor_only,full,98,79,0,1,1,6.344492999273925,-22.565701511343704
sensor_only,full,99,80,0,1,1,5.0617695476332765,81.41697368342696
sensor_only,full,100,49,1,0,1,4.238422348913727,-190.35164835269433
sensor_only,full,101,79,0,1,0,14.39989268060739,73.43429652008973
sensor_only,full,102,81,0,1,0,8.814607221858592,78.29737563163215
sensor_only,full,103,80,0,1,1,5.968391790760155,81.71052644979181
sensor_only,full,104,48,1,0,1,4.117577044816982,-190.34437955560247
sensor_only,full,105,79,0,1,0,8.806626648496584,-16.57214219945969
sensor_only,full,106,79,0,1,0,9.816018736023123,79.43491852568738
sensor_only,full,107,79,0,1,1,6.921083423750561,79.4281225195366
sensor_only,full,108,48,1,0,1,3.9376129809819664,-190.34404491870725
sensor_only,full,109,52,1,0,1,3.8423636775469165,-68.38034022323117
sensor_only,full,110,79,0,1,0,10.077802510732171,77.43408788498412
sensor_only,full,111,81,0,1,0,12.173230354912521,78.29711231240758
sensor_only,full,112,52,1,0,1,4.434460358488899,-69.4956353050589
sensor_only,full,113,81,0,1,1,6.1985861792142805,84.59356189916144
sensor_only,full,114,79,0,1,0,12.720905046373366,75.43006469734898
sensor_only,full,115,79,0,1,1,5.283582424782443,79.42949237174179
sensor_only,full,116,81,0,1,1,5.269372795925075,80.29789058226021
sensor_only,full,117,79,0,1,0,15.519188834681788,73.43312022579339
sensor_only,full,118,79,0,1,1,4.731675311687293,-34.56590896568589
sensor_only,full,119,79,0,1,1,7.568312019871343,77.43449984638995
sensor_only,full,120,79,0,1,0,11.535251528306823,77.43271183793806
sensor_only,full,121,79,0,1,0,15.895728724576383,71.42772008470575
sensor_only,full,122,79,0,1,0,11.197065160376784,77.43216676947827
sensor_only,full,123,79,0,1,0,10.840793844512154,77.42898820769912
sensor_only,full,124,79,0,1,0,8.669674808104599,75.43134966975444
sensor_only,full,125,79,0,1,1,5.098038757381135,81.4326735900851
sensor_only,full,126,81,0,1,0,10.30662062297649,-9.409323311796484
sensor_only,full,127,81,0,1,1,7.542463032027294,82.59319850223451
sensor_only,full,128,79,0,1,1,5.898730724983597,79.42839499010387
sensor_only,full,129,80,0,1,0,18.030245296685663,69.71304793629025
sensor_only,full,130,80,0,1,0,11.40197996234798,79.41530497267931
sensor_only,full,131,79,0,1,1,5.033662809722861,79.42806946637427
sensor_only,full,132,52,1,0,1,4.280079732884589,-69.49454778490312
sensor_only,full,133,52,1,0,1,4.397557698070122,-68.37079757970899
sensor_only,full,134,79,0,1,1,7.531149890239329,79.43469555974369
sensor_only,full,135,80,0,1,0,17.38695684666613,71.41818909330685
sensor_only,full,136,81,0,1,1,7.575052972210433,82.29602158807033
sensor_only,full,137,79,0,1,0,10.031815423363984,77.43279709539004
sensor_only,full,138,50,1,0,1,3.856959122885477,-190.36509413868947
sensor_only,full,139,49,1,0,1,3.8620974810187256,-190.36266359993482
sensor_only,full,140,79,0,1,1,7.511276358641728,77.42861107327832
sensor_only,full,141,79,0,1,0,10.183211068394725,-10.56974695823439
sensor_only,full,142,81,0,1,0,15.615813044863634,74.59139859494132
sensor_only,full,143,49,1,0,1,3.7833489931198696,-190.36277375488783
sensor_only,full,144,79,0,1,0,12.26540104680337,77.43151786521595
sensor_only,full,145,80,0,1,0,17.246486480054465,69.41969614224863
sensor_only,full,146,79,0,1,1,7.833849382225484,79.43168967762053
sensor_only,full,147,51,1,0,1,3.9891118263066514,-68.36336821309904
sensor_only,full,148,79,0,1,0,9.315681848373698,75.4278387007373
sensor_only,full,149,81,0,1,1,5.215448151240309,84.59407475135356
sensor_only,full,150,51,1,0,1,4.287863676762813,-183.19338397242623
sensor_only,full,151,80,0,1,0,12.414837319909909,75.4165374029586
sensor_only,full,152,51,1,0,1,4.350710331017912,-67.78424834425672
sensor_only,full,153,48,1,0,1,4.3651880432187,-190.34263713960308
sensor_only,full,154,49,1,0,1,3.1300899826077355,-196.35758521634133
sensor_only,full,155,49,1,0,1,4.19320665980066,-190.06631591005853
sensor_only,full,156,81,0,1,0,8.637986212782069,82.29649075633614
sensor_only,full,157,49,1,0,1,4.423030258864436,-189.76813727808798
sensor_only,full,158,50,1,0,1,4.401466635664795,-70.35649389652008
sensor_only,full,159,50,1,0,1,4.327843305903215,-68.35932913124348
sensor_only,full,160,50,1,0,1,4.171273187017158,-190.36562752228184
sensor_only,full,161,49,1,0,1,3.5376641505030055,-196.36100449260329
sensor_only,full,162,81,0,1,0,12.937440039831042,76.59361295778409
sensor_only,full,163,79,0,1,0,17.6133411362265,71.43180750937182
sensor_only,full,164,81,0,1,1,5.721142343891933,82.59367220451975
sensor_only,full,165,80,0,1,0,8.969297465872378,77.41560581455364
sensor_only,full,166,79,0,1,0,16.766078818912327,71.42980380441267
sensor_only,full,167,52,1,0,1,4.4977647903269355,-69.49566878022287
sensor_only,full,168,80,0,1,0,20.713936406890298,68.0089366238247
sensor_only,full,169,50,1,0,1,2.7957541066150653,-190.36795199290435
sensor_only,full,170,51,1,0,1,4.347285268400024,-70.3670018255529
sensor_only,full,171,51,1,0,1,3.2407568395310107,-189.48901623571288
sensor_only,full,172,50,1,0,1,3.4197657608073473,-189.47899845763297
sensor_only,full,173,51,1,0,1,3.798882014395326,-195.19053987282388
sensor_only,full,174,79,0,1,1,7.265534806875737,77.43393201879988
sensor_only,full,175,49,1,0,1,3.2670970993732222,-196.3581775357166
sensor_only,full,176,79,0,1,0,21.35996384643393,65.43374074513625
sensor_only,full,177,80,0,1,0,11.396334713061671,77.416351934374
sensor_only,full,178,79,0,1,1,7.3480755891434315,81.4308025375498
sensor_only,full,179,79,0,1,1,5.891506507031017,77.43388911245827
sensor_only,full,180,52,1,0,1,3.9988665499407365,-70.37940957707082
sensor_only,full,181,52,1,0,1,4.117098493931374,-68.37422846446734
sensor_only,full,182,81,0,1,0,8.532835396016148,80.29762465486061
sensor_only,full,183,50,1,0,1,3.500376555469524,-190.35677685548
sensor_only,full,184,81,0,1,0,9.293975366560217,78.59119661833867
sensor_only,full,185,51,1,0,1,4.247486820141297,-189.78420820102377
sensor_only,full,186,80,0,1,0,9.640408097004377,77.41816092766824
sensor_only,full,187,80,0,1,0,8.631800520577224,78.00832150907787
sensor_only,full,188,81,0,1,1,6.207345620005815,80.59470577169056
sensor_only,full,189,80,0,1,0,12.800956585055559,77.41637962563928
sensor_only,full,190,80,0,1,0,23.263945934308644,63.41771135049368
sensor_only,full,191,79,0,1,1,4.933832527554326,-34.565238540037214
sensor_only,full,192,49,1,0,1,3.645208901005108,-196.35560848202687
sensor_only,full,193,80,0,1,0,14.60063688794104,73.416973084977
sensor_only,full,194,48,1,0,1,4.219411341517313,-184.34387719716932
sensor_only,full,195,81,0,1,0,18.498383291316326,70.5919388974053
sensor_only,full,196,79,0,1,0,12.191407343389052,75.4332552080252
sensor_only,full,197,79,0,1,1,6.245664271301934,79.43415305821271
sensor_only,full,198,79,0,1,1,5.829624617306584,-28.5683516750114
sensor_only,full,199,48,1,0,1,4.4080160579066465,-190.34802717120272
sensor_only,rule,0,122,0,1,0,18.303006324821602,54.97463156533087
sensor_only,rule,1,108,0,1,0,23.170936321534665,61.95748772429734
sensor_only,rule,2,136,0,1,0,13.080652888925103,44.3939764419957
sensor_only,rule,3,91,0,1,1,6.59140422148002,81.0878283307521
sensor_only,rule,4,85,0,1,0,9.062271488050717,76.81623563827804
sensor_only,rule,5,119,0,1,0,18.042911535342213,59.03740910400628
sensor_only,rule,6,127,0,1,0,17.162180990514432,50.37794786651349
sensor_only,rule,7,122,0,1,0,18.28697273422798,54.97067696466932
sensor_only,rule,8,110,0,1,0,22.83224579858118,61.11372793007999
sensor_only,rule,9,86,0,1,1,7.08600866445946,78.79799027772977
sensor_only,rule,10,85,0,1,0,13.308405061378041,72.8147010680698
sensor_only,rule,11,128,0,1,0,17.240511860693367,52.4592909304054
sensor_only,rule,12,109,0,1,0,23.401295402399356,62.432604932722256
sensor_only,rule,13,124,0,1,0,15.61973545384052,55.433504330249725
sensor_only,rule,14,86,0,1,1,6.644316808753932,78.79195903778134
sensor_only,rule,15,113,0,1,0,20.003662419529242,59.15051922307873
sensor_only,rule,16,121,0,1,0,19.8927654850182,54.996896066129665
sensor_only,rule,17,86,0,1,0,8.897665508104527,78.79412348817372
sensor_only,rule,18,116,0,1,0,21.36699931663459,56.694464523072064
sensor_only,rule,19,110,0,1,0,22.501604211085997,60.51222812395034
sensor_only,rule,20,120,0,1,0,20.51784610153207,56.21465292656957
sensor_only,rule,21,127,0,1,0,14.321970480500875,53.3783066118112
sensor_only,rule,22,126,0,1,0,18.33741487349464,50.99517876617283
sensor_only,rule,23,113,0,1,0,19.899640913315604,59.15094561610758
sensor_only,rule,24,129,0,1,0,16.320198487500026,47.73159811549975
sensor_only,rule,25,134,0,1,0,14.955285849532936,45.031282956863535
sensor_only,rule,26,125,0,1,0,18.410477643399688,50.416026450505626
sensor_only,rule,27,124,0,1,0,17.785938541605258,52.43798897480525
sensor_only,rule,28,122,0,1,0,16.18323965808814,58.9707901000123
sensor_only,rule,29,125,0,1,0,17.907928688823265,56.3134586378365
sensor_only,rule,30,120,0,1,0,20.336881321064684,56.516032184872614
sensor_only,rule,31,86,0,1,0,13.382616888732521,72.79921733995141
sensor_only,rule,32,123,0,1,0,20.12368152010876,55.75551880097831
sensor_only,rule,33,131,0,1,0,15.104184904941652,47.09991517057647
sensor_only,rule,34,111,0,1,0,22.460502872541365,62.89725794170955
sensor_only,rule,35,133,0,1,0,13.70840872052579,46.65266989367249
sensor_only,rule,36,135,0,1,0,13.270024366404341,45.01073546951693
sensor_only,rule,37,114,0,1,0,21.063670917961254,60.13862173623145
sensor_only,rule,38,135,0,1,0,13.110842323153312,43.21629433602648
sensor_only,rule,39,118,0,1,0,20.893671646374074,56.056640956757484
sensor_only,rule,40,128,0,1,0,14.039681681746023,52.35119074847558
sensor_only,rule,41,111,0,1,0,19.342412985469085,64.1926611882426
sensor_only,rule,42,87,0,1,1,6.703027645587178,78.77359296776892
sensor_only,rule,43,129,0,1,0,16.32152567621126,46.332461778002276
sensor_only,rule,44,130,0,1,0,16.350882307867828,48.91555504239338
sensor_only,rule,45,130,0,1,0,15.670093288972987,47.818988335187925
sensor_only,rule,46,85,0,1,1,6.795560056768247,80.81440701584337
sensor_only,rule,47,118,0,1,0,18.179906311524054,58.05229066679419
sensor_only,rule,48,123,0,1,0,18.789535448369588,54.554238030140304
sensor_only,rule,49,123,0,1,0,19.86417425162319,54.55941827666461
sensor_only,rule,50,119,0,1,0,18.41858333095772,58.0349308084564
sensor_only,rule,51,125,0,1,0,14.237445644985021,52.910440666680095
sensor_only,rule,52,124,0,1,0,17.568090845975906,52.43132429901024
sensor_only,rule,53,117,0,1,0,21.076343253395066,59.77917034038227
sensor_only,rule,54,116,0,1,0,20.524107116559268,58.59850216843928
sensor_only,rule,55,110,0,1,0,20.21713547966954,63.21796956158907
sensor_only,rule,56,89,0,1,0,17.452347837021783,70.73668178815343
sensor_only,rule,57,132,0,1,0,13.201430974235759,47.771922681962806
sensor_only,rule,58,112,0,1,0,22.974154506310818,60.074720991561115
sensor_only,rule,59,110,0,1,0,22.37815374111905,60.217806208942825
sensor_only,rule,60,130,0,1,0,16.443532180927267,47.719784357883086
sensor_only,rule,61,124,0,1,0,19.162263383630464,54.53871371774064
sensor_only,rule,62,125,0,1,0,16.907915885244257,54.918258242209184
sensor_only,rule,63,108,0,1,0,22.956714821603985,62.25785117693708
sensor_only,rule,64,116,0,1,0,17.763345026089702,61.09520559060846
sensor_only,rule,65,124,0,1,0,19.47541830635112,53.13673328867842
sensor_only,rule,66,110,0,1,0,18.562300362978306,64.21419837662407
sensor_only,rule,67,136,0,1,0,13.637257195681169,42.49083120795777
sensor_only,rule,68,122,0,1,0,19.861564535149103,53.97858679586059
sensor_only,rule,69,132,0,1,0,14.38082988985139,46.7784920996904
sensor_only,rule,70,117,0,1,0,20.973309286436574,56.67732877454385
sensor_only,rule,71,131,0,1,0,16.32537673909315,47.99918008981391
sensor_only,rule,72,86,0,1,1,6.938020990732709,80.79513064486483
sensor_only,rule,73,127,0,1,0,17.42006544902423,50.379750911521
sensor_only,rule,74,127,0,1,0,12.845309599855053,54.375173317834566
sensor_only,rule,75,91,0,1,1,6.5219550314353985,82.19033933594868
sensor_only,rule,76,119,0,1,0,18.435200770702828,59.03791077785785
sensor_only,rule,77,121,0,1,0,18.30005996374385,56.993638006480325
sensor_only,rule,78,116,0,1,0,21.281167213408587,57.39942161632156
sensor_only,rule,79,86,0,1,0,17.43595764525947,68.79622183725948
sensor_only,rule,80,128,0,1,0,14.571264707866249,49.85451007705798
sensor_only,rule,81,91,0,1,0,9.262272100805422,76.99006226429763
sensor_only,rule,82,110,0,1,0,18.64208936649417,64.21821639683199
sensor_only,rule,83,91,0,1,0,8.59010979545917,79.58918144611727
sensor_only,rule,84,121,0,1,0,17.26662355448101,56.99872572374832
sensor_only,rule,85,126,0,1,0,18.146479209366337,53.0991691964844
sensor_only,rule,86,89,0,1,1,6.82437847010591,80.73073292976272
sensor_only,rule,87,110,0,1,0,21.15384867668133,60.21203984292886
sensor_only,rule,88,125,0,1,0,18.87899561257483,52.91975813892461
sensor_only,rule,89,124,0,1,0,18.46053559942981,51.43526588301643
sensor_only,rule,90,122,0,1,0,19.613434549631435,54.57344725235531
sensor_only,rule,91,123,0,1,0,19.37006469972912,55.15131562571353
sensor_only,rule,92,135,0,1,0,14.034528279978987,41.71349061020416
sensor_only,rule,93,124,0,1,0,14.155419517117261,56.43316901213225
sensor_only,rule,94,123,0,1,0,18.825773166680897,55.45308752933519
sensor_only,rule,95,110,0,1,0,22.478569403989308,60.21974002977789
sensor_only,rule,96,121,0,1,0,17.95603028576776,56.996960904544615
sensor_only,rule,97,126,0,1,0,15.553000774308295,52.39258936228874
sensor_only,rule,98,106,0,1,0,19.55695180475111,66.29850826177999
sensor_only,rule,99,124,0,1,0,18.50780510056767,53.93197367350225
sensor_only,rule,100,121,0,1,0,17.745469582039792,57.99295294611278
sensor_only,rule,101,85,0,1,0,9.244225890720998,76.81630728884379
sensor_only,rule,102,128,0,1,0,16.226415265118668,52.15238040132975
sensor_only,rule,103,126,0,1,0,17.412847276392238,51.29275329308918
sensor_only,rule,104,114,0,1,0,18.60216861181456,61.136985036152815
sensor_only,rule,105,106,0,1,0,23.004174555272396,62.99763363209008
sensor_only,rule,106,84,0,1,1,5.783347383753048,80.83432302604919
sensor_only,rule,107,127,0,1,0,16.6745200245052,48.87652968270218
sensor_only,rule,108,116,0,1,0,19.494696934902304,61.0994857247769
sensor_only,rule,109,123,0,1,0,19.446873652658546,53.9570769739775
sensor_only,rule,110,130,0,1,0,12.317863966876514,51.81450743259144
sensor_only,rule,111,135,0,1,0,14.31897670179542,45.01788998943236
sensor_only,rule,112,123,0,1,0,19.143167980099552,56.05682559867819
sensor_only,rule,113,129,0,1,0,17.49617499724813,49.23994879233253
sensor_only,rule,114,87,0,1,1,6.044505995511578,80.76869288144309
sensor_only,rule,115,126,0,1,0,17.253096821222847,53.399495209675514
sensor_only,rule,116,126,0,1,0,18.13030214720471,52.194227906348544
sensor_only,rule,117,86,0,1,0,9.941581004767782,76.79672184397955
sensor_only,rule,118,108,0,1,0,18.948546975478056,65.25210813431968
sensor_only,rule,119,127,0,1,0,12.480560258176274,56.37643612902784
sensor_only,rule,120,86,0,1,1,6.359561095295548,80.79959075752532
sensor_only,rule,121,89,0,1,1,7.420094468833499,78.73084556117576
sensor_only,rule,122,86,0,1,1,5.428594886942555,80.79325302758002
sensor_only,rule,123,132,0,1,0,13.806989971438488,45.272121901073625
sensor_only,rule,124,127,0,1,0,14.243526772128707,53.37949405558049
sensor_only,rule,125,122,0,1,0,15.223579412088265,58.970757400050275
sensor_only,rule,126,107,0,1,0,23.90910951406598,60.47185492496859
sensor_only,rule,127,128,0,1,0,16.59063411491,52.75146641312684
sensor_only,rule,128,125,0,1,0,16.542396283238904,52.412922346610436
sensor_only,rule,129,91,0,1,0,8.65788293083585,79.2928694938414
sensor_only,rule,130,134,0,1,0,15.083000879944086,43.23147613663541
sensor_only,rule,131,123,0,1,0,17.11173415947761,54.95317936220824
sensor_only,rule,132,123,0,1,0,18.99135774118305,56.05215155706314
sensor_only,rule,133,122,0,1,0,14.477691255523178,59.972298571042636
sensor_only,rule,134,126,0,1,0,13.045504495461552,56.39074899359322
sensor_only,rule,135,91,0,1,1,7.733287934754903,78.69584324724278
sensor_only,rule,136,130,0,1,0,16.813797171226593,48.917568066235745
sensor_only,rule,137,131,0,1,0,13.156373794946225,48.29748373345155
sensor_only,rule,138,121,0,1,0,19.865637605040217,54.999278150806795
sensor_only,rule,139,116,0,1,0,20.609861463700295,57.398648600749205
sensor_only,rule,140,127,0,1,0,16.336826765866626,52.37958440413402
sensor_only,rule,141,104,0,1,0,22.712627378212403,62.63820332883507
sensor_only,rule,142,92,0,1,1,6.988813215944578,83.37679437976551
sensor_only,rule,143,114,0,1,0,21.867173772461378,58.43297656976728
sensor_only,rule,144,86,0,1,1,6.442374407751477,80.78832821862385
sensor_only,rule,145,90,0,1,0,8.335965493012036,78.71530896017839
sensor_only,rule,146,126,0,1,0,14.48401714788551,54.39220161709515
sensor_only,rule,147,122,0,1,0,14.635341256845873,59.977849243003504
sensor_only,rule,148,127,0,1,0,15.355596592399529,51.371419536612976
sensor_only,rule,149,126,0,1,0,17.639712980146943,52.79569027994201
sensor_only,rule,150,122,0,1,0,20.39262348371649,57.67866709545872
sensor_only,rule,151,133,0,1,0,14.572497238756503,43.25669371905389
sensor_only,rule,152,125,0,1,0,19.206659623655263,51.919833776014
sensor_only,rule,153,116,0,1,0,17.75963285985906,61.09214578912797
sensor_only,rule,154,115,0,1,0,20.625104440386853,57.112827259675996
sensor_only,rule,155,114,0,1,0,21.531471500813534,59.03151110576198
sensor_only,rule,156,132,0,1,0,15.624939971969981,45.379591467694226
sensor_only,rule,157,114,0,1,0,21.664142410464393,59.331453964671404
sensor_only,rule,158,120,0,1,0,15.034759304816795,61.01272526282236
sensor_only,rule,159,122,0,1,0,17.53230190158153,55.47344918658993
sensor_only,rule,160,121,0,1,0,19.742828506465433,54.9921663695748
sensor_only,rule,161,114,0,1,0,21.119332751490756,58.13504923358249
sensor_only,rule,162,134,0,1,0,14.016884074514119,45.632123098949165
sensor_only,rule,163,87,0,1,0,11.580031115672151,76.77658257809871
sensor_only,rule,164,126,0,1,0,17.823458972494088,52.792096111782925
sensor_only,rule,165,128,0,1,0,16.691871226845194,50.35731384483176
sensor_only,rule,166,88,0,1,0,9.453389537228317,76.75214254706572
sensor_only,rule,167,124,0,1,0,19.210680488260987,53.53176154096838
sensor_only,rule,168,92,0,1,0,11.589760445352859,77.87575368181946
sensor_only,rule,169,120,0,1,0,21.057234356082756,55.01489128443804
sensor_only,rule,170,123,0,1,0,16.403022358614898,56.95940818322092
sensor_only,rule,171,121,0,1,0,20.783620090890807,57.090877824188425
sensor_only,rule,172,116,0,1,0,20.61046585277887,58.89672441324656
sensor_only,rule,173,123,0,1,0,20.257820655578012,56.3562668225345
sensor_only,rule,174,124,0,1,0,13.017896118293452,58.936327662477765
sensor_only,rule,175,116,0,1,0,20.53648449340167,57.094967043620805
sensor_only,rule,176,86,0,1,0,15.735807285337382,70.79631560038946
sensor_only,rule,177,133,0,1,0,15.015172276213448,43.25424553373743
sensor_only,rule,178,127,0,1,0,15.422554495859663,50.87044567589698
sensor_only,rule,179,124,0,1,0,14.550649519364812,56.43447216647448
sensor_only,rule,180,124,0,1,0,18.732436892523737,51.43537578003233
sensor_only,rule,181,123,0,1,0,16.789052069962125,56.958143904998146
sensor_only,rule,182,130,0,1,0,16.58795018684543,48.613955421309555
sensor_only,rule,183,119,0,1,0,15.516338628899094,61.03158621067108
sensor_only,rule,184,131,0,1,0,15.684927664278097,51.9990771702881
sensor_only,rule,185,122,0,1,0,19.51043826597834,55.47046063967684
sensor_only,rule,186,129,0,1,0,16.170745595473033,49.339035415726585
sensor_only,rule,187,130,0,1,0,16.82683930739886,48.01085622258752
sensor_only,rule,188,127,0,1,0,17.572461857513176,52.77539194521535
sensor_only,rule,189,133,0,1,0,13.934983725758904,43.25461105843893
sensor_only,rule,190,92,0,1,0,13.483440125602545,74.67637440879176
sensor_only,rule,191,109,0,1,0,19.159225591089044,65.23516753519371
sensor_only,rule,192,112,0,1,0,20.473030502253255,60.174892311876626
sensor_only,rule,193,137,0,1,0,13.840133799595057,39.677975506319704
sensor_only,rule,194,111,0,1,0,19.525310276031767,63.199104718562026
sensor_only,rule,195,92,0,1,0,9.85124754022728,81.37586551086456
sensor_only,rule,196,85,0,1,1,6.478167899411958,78.80897912953094
sensor_only,rule,197,123,0,1,0,14.000074492340412,58.9507746203912
sensor_only,rule,198,108,0,1,0,20.778156203538384,63.25583582482406
sensor_only,rule,199,114,0,1,0,20.381470196835856,59.133456206761196
