mode,policy,episode,steps,collision,arrived,near_miss,min_distance,reward
perfect_v2v,random,0,700,0,0,0,37.40479436415662,-514.5537761089644
perfect_v2v,random,1,700,0,0,0,28.241553350510127,-484.8172986782736
perfect_v2v,random,2,66,1,0,1,3.86536306872639,-152.45771402822842
perfect_v2v,random,3,700,0,0,0,25.66666161658652,-523.3677279595646
perfect_v2v,random,4,700,0,0,0,17.986105530800927,-545.2027061544906
perfect_v2v,random,5,700,0,0,0,36.35192823229115,-481.02812634399027
perfect_v2v,random,6,700,0,0,0,15.852931338796973,-569.1860439559433
perfect_v2v,random,7,700,0,0,0,40.44670854027654,-467.5867422617975
perfect_v2v,random,8,700,0,0,0,40.506873269770445,-502.0811612837352
perfect_v2v,random,9,700,0,0,0,20.205464138424787,-487.76374730938414
perfect_v2v,random,10,68,1,0,1,4.052263612169755,-128.25405970036664
perfect_v2v,random,11,163,0,1,0,11.26722406658118,-174.39075616854635
perfect_v2v,random,12,700,0,0,0,44.75328380696783,-489.39841473097016
perfect_v2v,random,13,193,0,1,0,20.071810820152983,-148.94008508761115
perfect_v2v,random,14,700,0,0,0,38.50847573848613,-478.8381473712318
perfect_v2v,random,15,700,0,0,0,24.9116059218522,-522.3936063667534
perfect_v2v,random,16,700,0,0,0,47.75256820209197,-499.36927908923275
perfect_v2v,random,17,68,1,0,1,3.6140829076351677,-211.1797278932724
perfect_v2v,random,18,700,0,0,0,29.60468927518866,-520.5474130707854
perfect_v2v,random,19,700,0,0,0,38.15942765838814,-473.52153599005163
perfect_v2v,random,20,700,0,0,0,35.57962038888611,-524.2119140361472
perfect_v2v,random,21,59,1,0,1,4.325638349338119,-228.82195372654638
perfect_v2v,random,22,700,0,0,0,27.402770976731222,-523.4252115180795
perfect_v2v,random,23,700,0,0,0,28.675594864571444,-485.09541654558893
perfect_v2v,random,24,700,0,0,0,58.3578082124595,-483.97763095839855
perfect_v2v,random,25,700,0,0,0,37.52875774789547,-489.87009592074065
perfect_v2v,random,26,700,0,0,0,51.951239222075735,-474.2625092675947
perfect_v2v,random,27,700,0,0,0,16.014134047538768,-557.0126966968262
perfect_v2v,random,28,55,1,0,1,4.048297631016014,-266.2881692875868
perfect_v2v,random,29,700,0,0,0,50.11104300752846,-477.07453114141396
perfect_v2v,random,30,700,0,0,0,39.31612097858545,-517.8733808382201
perfect_v2v,random,31,700,0,0,0,11.174497184909187,-513.0235491059843
perfect_v2v,random,32,700,0,0,0,39.137493407790984,-486.8085984608752
perfect_v2v,random,33,700,0,0,0,18.679501324951797,-578.2636844870417
perfect_v2v,random,34,559,0,1,0,30.92607730978407,-314.4604142151093
perfect_v2v,random,35,133,0,1,1,5.0411326453571625,-153.6975903189825
perfect_v2v,random,36,700,0,0,0,35.30294441326011,-506.0198900966428
perfect_v2v,random,37,700,0,0,0,36.777534049048896,-514.4818874611008
perfect_v2v,random,38,700,0,0,0,41.367059812195805,-504.31803155626415
perfect_v2v,random,39,700,0,0,0,35.4102868120396,-530.1278194777527
perfect_v2v,random,40,700,0,0,0,19.185150125683524,-541.7377817512005
perfect_v2v,random,41,700,0,0,0,27.718469521842444,-508.7305764352724
perfect_v2v,random,42,700,0,0,0,16.01092174239228,-577.8728427197999
perfect_v2v,random,43,700,0,0,0,32.811387987757776,-520.0872935517622
perfect_v2v,random,44,700,0,0,0,51.12178056167472,-510.2444916998209
perfect_v2v,random,45,700,0,0,0,23.209759758055643,-545.3911134831962
perfect_v2v,random,46,700,0,0,0,17.13168626634575,-456.68702223945365
perfect_v2v,random,47,700,0,0,0,33.25189069265593,-518.2489822902519
perfect_v2v,random,48,700,0,0,0,21.467941550006366,-588.77941963525
perfect_v2v,random,49,313,0,1,0,19.374131936611462,-230.64058016385957
perfect_v2v,random,50,550,0,1,0,15.148774763641777,-422.08177351189363
perfect_v2v,random,51,700,0,0,0,15.583944079127482,-551.8803431289913
perfect_v2v,random,52,700,0,0,0,24.62474975423713,-503.03220345578285
perfect_v2v,random,53,700,0,0,0,27.876789219897198,-558.7871035320356
perfect_v2v,random,54,700,0,0,0,32.93407360553475,-477.93626865643006
perfect_v2v,random,55,700,0,0,0,31.53539432917602,-494.8802391859898
perfect_v2v,random,56,700,0,0,0,38.5983936413916,-472.9671113952204
perfect_v2v,random,57,700,0,0,0,22.839113234487687,-490.1387199649698
perfect_v2v,random,58,700,0,0,0,25.73177939219174,-535.403482618314
perfect_v2v,random,59,467,0,1,0,21.802514380454237,-346.32169595513676
perfect_v2v,random,60,700,0,0,0,16.207741817264754,-615.2976794120216
perfect_v2v,random,61,700,0,0,0,44.549927896038014,-487.7107945438651
perfect_v2v,random,62,112,0,1,0,10.052468081292524,-109.98646843019634
perfect_v2v,random,63,700,0,0,0,42.076788149698224,-481.24438551844344
perfect_v2v,random,64,700,0,0,0,38.95832123095368,-504.78445337675925
perfect_v2v,random,65,700,0,0,0,39.84294051627886,-486.871958130466
perfect_v2v,random,66,700,0,0,0,20.925739858672358,-531.4332103937786
perfect_v2v,random,67,700,0,0,0,23.02796863652892,-502.75582285930994
perfect_v2v,random,68,700,0,0,0,18.857235666330006,-581.0315685796797
perfect_v2v,random,69,700,0,0,0,13.813882610524914,-582.4850037009288
perfect_v2v,random,70,700,0,0,0,37.13544431154875,-508.02177280414276
perfect_v2v,random,71,700,0,0,0,31.796915601029315,-529.5032616679076
perfect_v2v,random,72,700,0,0,0,28.8838242697209,-474.8946306615179
perfect_v2v,random,73,700,0,0,0,43.47557144768865,-486.3526639365585
perfect_v2v,random,74,529,0,1,0,21.381340255759675,-318.1132895758412
perfect_v2v,random,75,700,0,0,0,30.11188387209615,-526.4536347818828
perfect_v2v,random,76,700,0,0,0,20.05228610729975,-581.0322068839395
perfect_v2v,random,77,700,0,0,0,43.73818759832845,-456.65073784076554
perfect_v2v,random,78,700,0,0,0,43.046245904610686,-479.3745450906209
perfect_v2v,random,79,103,0,1,0,14.422215840172774,38.34319465771941
perfect_v2v,random,80,700,0,0,0,15.906296644771665,-550.9375973715677
perfect_v2v,random,81,700,0,0,0,26.553357923206715,-522.0672634552145
perfect_v2v,random,82,700,0,0,0,31.46343989201367,-464.40003209435133
perfect_v2v,random,83,75,1,0,1,4.328362826156268,-169.47697926717785
perfect_v2v,random,84,700,0,0,0,24.921236292145707,-517.1709665425673
perfect_v2v,random,85,700,0,0,0,31.987497346380994,-548.3672099284375
perfect_v2v,random,86,700,0,0,0,46.06309398854384,-460.61695682815576
perfect_v2v,random,87,322,0,1,0,19.061225177772418,-242.22170926366573
perfect_v2v,random,88,700,0,0,0,40.60954058411282,-478.138243241873
perfect_v2v,random,89,572,0,1,0,25.028331703713892,-376.07041916512753
perfect_v2v,random,90,129,0,1,0,11.239056265594403,-103.06087748012862
perfect_v2v,random,91,700,0,0,0,32.30659104725445,-500.6736850699317
perfect_v2v,random,92,588,0,1,0,18.38645288295124,-377.9445237107363
perfect_v2v,random,93,552,0,1,0,13.637495791912848,-382.9222228701849
perfect_v2v,random,94,700,0,0,0,49.37839476619849,-512.5921061833415
perfect_v2v,random,95,700,0,0,0,35.74166875469817,-513.1590649974673
perfect_v2v,random,96,700,0,0,0,25.182010781012945,-519.7821973542066
perfect_v2v,random,97,60,1,0,1,3.2896135071180477,-278.46865154299917
perfect_v2v,random,98,700,0,0,0,41.76925146959431,-494.16303254450264
perfect_v2v,random,99,700,0,0,0,40.45923210158612,-487.8168010800549
perfect_v2v,random,100,700,0,0,0,44.02935074124008,-469.99628487334445
perfect_v2v,random,101,700,0,0,0,26.8866702512522,-447.4396129705055
perfect_v2v,random,102,700,0,0,0,10.248689448346296,-585.311882455979
perfect_v2v,random,103,700,0,0,0,26.18959296157613,-496.37542455437125
perfect_v2v,random,104,700,0,0,0,21.365773180348835,-514.3415022240994
perfect_v2v,random,105,700,0,0,0,40.58609378076353,-508.2149794622373
perfect_v2v,random,106,700,0,0,0,29.687081254074908,-467.34520845875505
perfect_v2v,random,107,700,0,0,0,24.096352680322184,-537.8283946897692
perfect_v2v,random,108,700,0,0,0,46.2319320670343,-497.023549695401
perfect_v2v,random,109,700,0,0,0,32.683239159219696,-532.4615048366752
perfect_v2v,random,110,700,0,0,0,15.743194633913829,-556.0921632868933
perfect_v2v,random,111,700,0,0,0,45.083135215775066,-504.46870569435436
perfect_v2v,random,112,700,0,0,0,53.11403782875097,-500.1073716998554
perfect_v2v,random,113,700,0,0,0,56.276951271777705,-484.4738400588054
perfect_v2v,random,114,397,0,1,0,14.237218836851115,-302.12107315011804
perfect_v2v,random,115,126,0,1,0,8.04195979472879,-120.8053543709735
perfect_v2v,random,116,682,0,1,0,27.53537761745811,-385.8730300297162
perfect_v2v,random,117,66,1,0,1,4.469154873614095,-123.52767266171391
perfect_v2v,random,118,700,0,0,0,28.16558494555907,-468.81961325292207
perfect_v2v,random,119,304,0,1,0,11.498444028666144,-234.01019225807823
perfect_v2v,random,120,60,1,0,1,4.488867016753442,-95.10108078082631
perfect_v2v,random,121,700,0,0,0,13.568485012661709,-530.9509161882394
perfect_v2v,random,122,64,1,0,1,3.652520672022211,-174.59850676143333
perfect_v2v,random,123,660,0,1,0,18.12604945644728,-472.3825146486149
perfect_v2v,random,124,700,0,0,0,48.87068530444161,-442.7197494959978
perfect_v2v,random,125,700,0,0,0,40.27678757780436,-481.3815058875303
perfect_v2v,random,126,700,0,0,0,49.17075877944662,-487.5074431606924
perfect_v2v,random,127,480,0,1,0,22.17234738761593,-338.7308955243084
perfect_v2v,random,128,700,0,0,0,34.81476512304824,-508.8186765988373
perfect_v2v,random,129,700,0,0,0,32.97637936903884,-473.2136733379042
perfect_v2v,random,130,700,0,0,0,39.17297935870655,-486.0326857376573
perfect_v2v,random,131,700,0,0,0,26.915909220065497,-478.19268205866075
perfect_v2v,random,132,700,0,0,0,45.71649924921569,-515.9011334188375
perfect_v2v,random,133,700,0,0,0,28.852839625828047,-505.80787814772845
perfect_v2v,random,134,700,0,0,0,32.05061230705875,-531.5295624756859
perfect_v2v,random,135,700,0,0,0,37.80765005090279,-503.29233691614655
perfect_v2v,random,136,700,0,0,0,40.094099225944234,-511.1237907543298
perfect_v2v,random,137,700,0,0,0,20.124014929689785,-497.5670834459215
perfect_v2v,random,138,700,0,0,0,18.81346131864191,-560.1169757787289
perfect_v2v,random,139,700,0,0,0,43.769249747791584,-481.95666111874937
perfect_v2v,random,140,700,0,0,0,17.463400445040033,-572.1101817024754
perfect_v2v,random,141,700,0,0,0,38.57416708136474,-448.12115544409903
perfect_v2v,random,142,700,0,0,0,44.79997317573801,-504.05163506050945
perfect_v2v,random,143,700,0,0,0,35.63337513699382,-466.54882776137083
perfect_v2v,random,144,67,1,0,1,4.20216262615037,-224.87458609817645
perfect_v2v,random,145,700,0,0,0,11.21995042091117,-458.07641650564534
perfect_v2v,random,146,700,0,0,0,42.52490408751394,-470.1310454773309
perfect_v2v,random,147,129,0,1,1,4.754638979849404,-100.16091876600535
perfect_v2v,random,148,700,0,0,0,23.364557852084516,-533.9688794651033
perfect_v2v,random,149,700,0,0,0,57.97175512438581,-502.0258197910997
perfect_v2v,random,150,700,0,0,0,61.18003800170577,-525.9516265439837
perfect_v2v,random,151,66,1,0,1,3.690100137547077,-257.9450406423067
perfect_v2v,random,152,700,0,0,0,26.542293979829736,-527.8874824793058
perfect_v2v,random,153,700,0,0,0,28.786832580679217,-501.95339128214033
perfect_v2v,random,154,700,0,0,0,51.31208257199023,-475.7628834614615
perfect_v2v,random,155,693,0,1,0,24.694931986171767,-474.7408299842773
perfect_v2v,random,156,700,0,0,0,56.36786363478472,-533.5431783319772
perfect_v2v,random,157,700,0,0,0,44.687415949207406,-489.10042485179764
perfect_v2v,random,158,52,1,0,1,4.028151203307357,-239.37010816483348
perfect_v2v,random,159,439,0,1,0,13.797976026728676,-328.060371146395
perfect_v2v,random,160,700,0,0,0,30.513675047856136,-501.2905581461746
perfect_v2v,random,161,700,0,0,0,28.571903276730286,-507.10064712484325
perfect_v2v,random,162,700,0,0,0,31.13765924911907,-499.74673126647554
perfect_v2v,random,163,370,0,1,1,6.445186686108265,-175.5803181736311
perfect_v2v,random,164,700,0,0,0,41.26134694508128,-489.3973779452797
perfect_v2v,random,165,700,0,0,0,27.335988875201412,-495.3785733528266
perfect_v2v,random,166,700,0,0,0,22.261633412693865,-539.8020679631974
perfect_v2v,random,167,700,0,0,0,31.15026479550125,-469.41389143627686
perfect_v2v,random,168,700,0,0,0,23.236356995162353,-469.5512576520313
perfect_v2v,random,169,700,0,0,0,39.79975051304991,-488.3271230467336
perfect_v2v,random,170,700,0,0,0,42.26832591299709,-493.96940537802845
perfect_v2v,random,171,700,0,0,0,59.11212626639734,-499.5443706109732
perfect_v2v,random,172,700,0,0,0,51.536272573602474,-495.2650904811718
perfect_v2v,random,173,700,0,0,0,40.19692744806573,-486.01381603699105
perfect_v2v,random,174,55,1,0,1,3.7038457374648295,-207.43296946464062
perfect_v2v,random,175,655,0,1,0,18.21548027164767,-464.1806389643813
perfect_v2v,random,176,700,0,0,1,4.8504036275566005,-474.0104219031097
perfect_v2v,random,177,700,0,0,0,17.148272567499493,-576.209704290028
perfect_v2v,random,178,700,0,0,0,21.42707794361487,-510.36969535965954
perfect_v2v,random,179,700,0,0,0,23.359051697451488,-523.4882548622012
perfect_v2v,random,180,700,0,0,0,42.57623985656168,-507.2022433741089
perfect_v2v,random,181,56,1,0,1,3.878868839212178,-259.80151094815824
perfect_v2v,random,182,700,0,0,0,29.32080905061528,-518.3986762125081
perfect_v2v,random,183,700,0,0,0,34.503679388686955,-480.12867412181834
perfect_v2v,random,184,700,0,0,0,35.3019232913374,-505.730449607027
perfect_v2v,random,185,700,0,0,0,52.77877882210192,-479.33285021126125
perfect_v2v,random,186,700,0,0,0,33.164864661589846,-491.6884794550632
perfect_v2v,random,187,700,0,0,0,39.94772982286915,-524.6885784956391
perfect_v2v,random,188,700,0,0,0,42.333207964575884,-495.4942560900028
perfect_v2v,random,189,700,0,0,0,30.61248217065107,-500.4669884877581
perfect_v2v,random,190,700,0,0,0,31.976529828564708,-506.9821438046541
perfect_v2v,random,191,700,0,0,0,28.86536185725726,-480.87401050279954
perfect_v2v,random,192,700,0,0,0,38.395188087839585,-478.0286221954867
perfect_v2v,random,193,649,0,1,1,4.6749058781255375,-406.7104657511481
perfect_v2v,random,194,123,0,1,0,14.665363528606457,-83.2924290273298
perfect_v2v,random,195,700,0,0,0,50.15360773421309,-494.2325634674056
perfect_v2v,random,196,645,0,1,0,10.959177487565801,-437.685232941931
perfect_v2v,random,197,700,0,0,0,23.117263514018255,-521.7109968756425
perfect_v2v,random,198,700,0,0,0,31.028918570563487,-512.7664974003549
perfect_v2v,random,199,700,0,0,0,30.906147257428202,-495.53707592054036
perfect_v2v,hold,0,100,0,1,1,7.216323861413761,-56.99863161236989
perfect_v2v,hold,1,104,0,1,0,20.350521052200765,-35.081910777496105
perfect_v2v,hold,2,69,1,0,1,3.7804303466934157,-235.55721959876195
perfect_v2v,hold,3,121,0,1,1,4.896775744537401,-89.42133215945
perfect_v2v,hold,4,91,0,1,1,6.879013972613114,22.174800475214568
perfect_v2v,hold,5,95,0,1,0,8.084426946095652,-50.89756536161252
perfect_v2v,hold,6,103,0,1,1,5.312930822346507,-67.06502946703834
perfect_v2v,hold,7,100,0,1,0,8.949189757776587,-57.0099092685393
perfect_v2v,hold,8,111,0,1,0,21.712587868603425,-39.214717275904334
perfect_v2v,hold,9,93,0,1,1,4.83670990446788,21.636604096946346
perfect_v2v,hold,10,91,0,1,0,11.443173335569103,22.685985477119434
perfect_v2v,hold,11,119,0,1,0,12.671293025750227,-67.38235567430306
perfect_v2v,hold,12,114,0,1,0,24.026158274541974,-37.27590562784346
perfect_v2v,hold,13,57,1,0,1,3.853317138464181,-209.31108481722003
perfect_v2v,hold,14,61,1,0,1,4.434351050204733,-129.28135360831985
perfect_v2v,hold,15,98,0,1,0,12.418808436531815,-44.96691737575114
perfect_v2v,hold,16,102,0,1,0,10.801466935820075,-53.04631743302235
perfect_v2v,hold,17,94,0,1,1,6.509952305358764,21.626482775010068
perfect_v2v,hold,18,108,0,1,0,16.33934393908495,-47.161833113859615
perfect_v2v,hold,19,108,0,1,0,19.706874035411605,-39.14018690102661
perfect_v2v,hold,20,113,0,1,0,15.758880269467285,-51.25086232498025
perfect_v2v,hold,21,58,1,0,1,4.054616651745194,-213.34457245539915
perfect_v2v,hold,22,110,0,1,0,9.326854992484172,-63.18065458769172
perfect_v2v,hold,23,98,0,1,0,12.343250067808967,-44.965809515291795
perfect_v2v,hold,24,111,0,1,1,7.230612154308038,-71.21123610847728
perfect_v2v,hold,25,118,0,1,1,6.374315413669682,-79.35147791083426
perfect_v2v,hold,26,105,0,1,0,8.341950951327009,-61.093187640663075
perfect_v2v,hold,27,98,0,1,1,6.00695496617326,-58.962268035216624
perfect_v2v,hold,28,94,0,1,1,5.135208306918052,-56.86748266195532
perfect_v2v,hold,29,123,0,1,0,15.478298308278937,-63.45338498832166
perfect_v2v,hold,30,115,0,1,0,16.33249015028442,-53.28594178801298
perfect_v2v,hold,31,92,0,1,0,11.398353248225382,22.153010894015157
perfect_v2v,hold,32,118,0,1,0,16.573204950450982,-57.35201525292345
perfect_v2v,hold,33,65,1,0,1,3.984296742447084,-225.47142620961023
perfect_v2v,hold,34,125,0,1,0,26.57110804150521,50.50079522105412
perfect_v2v,hold,35,67,1,0,1,3.9656304300276535,-231.52187515949146
perfect_v2v,hold,36,117,0,1,1,5.3867604900667825,-83.33484698961257
perfect_v2v,hold,37,98,0,1,0,13.43861623121763,-42.95629269696116
perfect_v2v,hold,38,65,1,0,1,4.312590062009257,-227.4455484140517
perfect_v2v,hold,39,105,0,1,0,13.342583441004951,-49.08309078197982
perfect_v2v,hold,40,59,1,0,1,4.434729375753078,-215.36159251783644
perfect_v2v,hold,41,91,0,1,0,10.864527985848095,-40.81561344704069
perfect_v2v,hold,42,62,1,0,1,4.296520764494491,-129.80277133796565
perfect_v2v,hold,43,60,1,0,1,4.350316324701112,-217.39453769760615
perfect_v2v,hold,44,120,0,1,0,10.344446034716725,-73.38398116174858
perfect_v2v,hold,45,62,1,0,1,3.7961096457257177,-221.42037468729166
perfect_v2v,hold,46,92,0,1,1,4.622245412025673,22.155135896116608
perfect_v2v,hold,47,97,0,1,0,8.780321261613187,-50.93235528173729
perfect_v2v,hold,48,109,0,1,0,11.017043968251864,-59.16603277241455
perfect_v2v,hold,49,110,0,1,0,13.095625886180828,-55.18430937320261
perfect_v2v,hold,50,96,0,1,0,8.37724602068488,-50.90187050499962
perfect_v2v,hold,51,56,1,0,1,3.490398442176297,-209.28239104836922
perfect_v2v,hold,52,101,0,1,1,6.602565251780321,-61.008867563389856
perfect_v2v,hold,53,125,0,1,0,22.732773650595103,-49.49075442567029
perfect_v2v,hold,54,115,0,1,0,18.47983795190747,-47.30054902951075
perfect_v2v,hold,55,94,0,1,0,13.050168522868205,-38.88496525061106
perfect_v2v,hold,56,97,0,1,0,15.01764701670992,20.553197767646406
perfect_v2v,hold,57,62,1,0,1,3.1338020712408037,-221.35535197863226
perfect_v2v,hold,58,112,0,1,0,21.229987694978764,-41.22671702531679
perfect_v2v,hold,59,102,0,1,0,17.452569502547043,-39.0261203549574
perfect_v2v,hold,60,111,0,1,1,6.618926593591141,-71.21755629378774
perfect_v2v,hold,61,109,0,1,0,12.466842908361633,-57.179848743512835
perfect_v2v,hold,62,101,0,1,1,6.3433241098063675,-63.0150526398167
perfect_v2v,hold,63,103,0,1,0,19.573215580029604,-35.04357027903957
perfect_v2v,hold,64,91,0,1,1,7.462216898258298,-46.82482165683216
perfect_v2v,hold,65,123,0,1,0,17.710919318936828,-59.456495092224884
perfect_v2v,hold,66,92,0,1,0,10.738017955112289,-40.82902608423508
perfect_v2v,hold,67,66,1,0,1,3.7180966811222214,-229.48145714406087
perfect_v2v,hold,68,105,0,1,0,11.886229313117731,-55.10040826191333
perfect_v2v,hold,69,62,1,0,1,4.031001786990233,-221.41613393707377
perfect_v2v,hold,70,109,0,1,0,16.20431287694482,-49.173254112481274
perfect_v2v,hold,71,114,0,1,0,8.623956412625484,-71.27309684271634
perfect_v2v,hold,72,94,0,1,1,4.581343722559835,21.620020636538253
perfect_v2v,hold,73,105,0,1,1,6.732280424537028,-65.09215202861441
perfect_v2v,hold,74,58,1,0,1,3.0093497151105937,-213.2825962115103
perfect_v2v,hold,75,70,1,0,1,4.054179157866692,-237.58271559015702
perfect_v2v,hold,76,95,0,1,0,8.868653653165522,-50.89636644613668
perfect_v2v,hold,77,96,0,1,1,7.5316195330903914,-52.90322973460948
perfect_v2v,hold,78,108,0,1,0,16.304388560892228,-47.141743836181135
perfect_v2v,hold,79,92,0,1,0,15.650340821817824,22.167364645612373
perfect_v2v,hold,80,59,1,0,1,4.2060675118700805,-215.35792162670788
perfect_v2v,hold,81,70,1,0,1,4.17390583297412,-133.4364433559716
perfect_v2v,hold,82,90,0,1,0,10.393602608928688,-40.79161744996169
perfect_v2v,hold,83,70,1,0,1,3.375298711911292,-237.51440715453077
perfect_v2v,hold,84,97,0,1,1,7.5994901434975635,-54.94129826300383
perfect_v2v,hold,85,123,0,1,0,15.649660084738581,-63.460088912693564
perfect_v2v,hold,86,65,1,0,1,3.8164719349058913,-131.36585995164523
perfect_v2v,hold,87,102,0,1,0,16.205107054029064,-41.04259456506959
perfect_v2v,hold,88,116,0,1,0,14.049791571579142,-61.3123051779922
perfect_v2v,hold,89,102,0,1,0,8.055821427772798,-59.03772648330121
perfect_v2v,hold,90,109,0,1,0,12.893056966171608,-57.18196537385815
perfect_v2v,hold,91,113,0,1,0,14.723470738353402,-57.247629096395315
perfect_v2v,hold,92,63,1,0,1,3.662432710165935,-223.39436557091048
perfect_v2v,hold,93,55,1,0,1,3.5444890643590656,-207.27312178889912
perfect_v2v,hold,94,115,0,1,0,14.582340364336794,-59.28170413907711
perfect_v2v,hold,95,103,0,1,0,18.154336140204727,-39.06180578796297
perfect_v2v,hold,96,97,0,1,1,7.407881116875455,-54.943997829092936
perfect_v2v,hold,97,60,1,0,1,3.8278963347904793,-217.3820915429991
perfect_v2v,hold,98,91,0,1,0,13.25555264684587,-34.824681612565584
perfect_v2v,hold,99,104,0,1,0,8.351499745782021,-61.08763686900629
perfect_v2v,hold,100,94,0,1,1,7.044414012429536,-52.88252840028798
perfect_v2v,hold,101,91,0,1,1,7.165399360691749,22.17521208484744
perfect_v2v,hold,102,118,0,1,0,10.819707897355775,-71.35229794593153
perfect_v2v,hold,103,112,0,1,0,9.38583074973205,-65.22280474721052
perfect_v2v,hold,104,94,0,1,0,9.815446920612716,-44.87932933551623
perfect_v2v,hold,105,100,0,1,0,19.686303657247773,-32.99745915494532
perfect_v2v,hold,106,58,1,0,1,4.2752639512221196,-127.73442642149045
perfect_v2v,hold,107,61,1,0,1,4.339795184767751,-215.3864433104253
perfect_v2v,hold,108,94,0,1,0,9.93684518012093,-44.86376871988864
perfect_v2v,hold,109,103,0,1,0,9.665231020284326,-57.059567589860094
perfect_v2v,hold,110,58,1,0,1,3.698920771303622,-213.26283433354155
perfect_v2v,hold,111,118,0,1,1,6.248869831471508,-81.35940756499417
perfect_v2v,hold,112,120,0,1,0,17.00377754366657,-59.39095722354057
perfect_v2v,hold,113,122,0,1,0,12.686916079153137,-67.43401647174426
perfect_v2v,hold,114,62,1,0,1,3.9017867453813886,-129.82974862644716
perfect_v2v,hold,115,98,0,1,1,5.421423224729802,-60.957982831875725
perfect_v2v,hold,116,117,0,1,0,14.496953430886814,-63.34404902872548
perfect_v2v,hold,117,93,0,1,1,7.7703297401071305,21.640810386497293
perfect_v2v,hold,118,92,0,1,0,11.904592780308873,-38.82294952645573
perfect_v2v,hold,119,56,1,0,1,3.614428120544197,-209.27510506913012
perfect_v2v,hold,120,61,1,0,1,3.9989985071734844,-128.76824486185728
perfect_v2v,hold,121,66,1,0,1,4.219677648360441,-130.8451229352966
perfect_v2v,hold,122,60,1,0,1,3.814652743393003,-128.79652030039
perfect_v2v,hold,123,61,1,0,1,3.8347281913610702,-219.36696532676893
perfect_v2v,hold,124,58,1,0,1,4.135139162769351,-213.34230949599805
perfect_v2v,hold,125,57,1,0,1,3.7630064913924146,-209.31809947761627
perfect_v2v,hold,126,125,0,1,0,29.775253707663683,50.50335200083309
perfect_v2v,hold,127,122,0,1,0,11.930083855427487,-71.44343883492061
perfect_v2v,hold,128,99,0,1,1,5.10339698264603,-62.98784411368153
perfect_v2v,hold,129,69,1,0,1,3.621215440187077,-133.4771182724348
perfect_v2v,hold,130,65,1,0,1,3.232256698225866,-227.4655045245563
perfect_v2v,hold,131,100,0,1,1,6.4132885637991475,-60.98960106085343
perfect_v2v,hold,132,119,0,1,0,16.452350830490282,-59.36646121966956
perfect_v2v,hold,133,55,1,0,1,3.546896530448555,-207.27848158257106
perfect_v2v,hold,134,56,1,0,1,3.609208543117365,-209.26864652845705
perfect_v2v,hold,135,68,1,0,1,4.344463211962191,-131.87937691614636
perfect_v2v,hold,136,119,0,1,0,10.173437817144938,-71.38363367870146
perfect_v2v,hold,137,59,1,0,1,3.2242407018802264,-215.29016423368802
perfect_v2v,hold,138,102,0,1,0,10.762245495475876,-53.040302669212934
perfect_v2v,hold,139,108,0,1,0,15.402457495633929,-47.14390155790899
perfect_v2v,hold,140,60,1,0,1,4.30001554250623,-215.3858600037164
perfect_v2v,hold,141,97,0,1,0,19.610212187155305,-28.937429138790947
perfect_v2v,hold,142,124,0,1,1,5.292364906824348,-91.48167989047366
perfect_v2v,hold,143,108,0,1,0,17.626412484971734,-45.14743753190004
perfect_v2v,hold,144,61,1,0,1,4.468298229977095,-129.30336918016044
perfect_v2v,hold,145,101,0,1,1,5.065885930195634,18.976605334324546
perfect_v2v,hold,146,58,1,0,1,3.705303187767103,-213.33396418781388
perfect_v2v,hold,147,55,1,0,1,3.445843078284572,-207.27105010440837
perfect_v2v,hold,148,61,1,0,1,3.453485102587722,-219.3928292334101
perfect_v2v,hold,149,122,0,1,0,13.807940986899979,-65.42071894704831
perfect_v2v,hold,150,125,0,1,0,20.94154275877668,-55.49825983875523
perfect_v2v,hold,151,64,1,0,1,3.6204407390194793,-225.4505630840818
perfect_v2v,hold,152,115,0,1,0,13.766146190905884,-59.304837811316546
perfect_v2v,hold,153,91,0,1,1,7.252702327790309,-46.832005538568836
perfect_v2v,hold,154,102,0,1,0,13.311090008595285,-47.02990228349243
perfect_v2v,hold,155,112,0,1,0,18.790245876096265,-45.224087095409104
perfect_v2v,hold,156,119,0,1,0,8.705011443379908,-75.37085786592571
perfect_v2v,hold,157,114,0,1,0,19.76261634359582,-45.26259810598546
perfect_v2v,hold,158,55,1,0,1,4.129413630789599,-205.28160224725013
perfect_v2v,hold,159,95,0,1,1,5.9576077552515825,-54.893109168443104
perfect_v2v,hold,160,103,0,1,0,10.278711168379717,-55.04893575758429
perfect_v2v,hold,161,106,0,1,0,15.875061266871159,-45.10764151700464
perfect_v2v,hold,162,122,0,1,1,7.3470809786661775,-83.43269259459669
perfect_v2v,hold,163,95,0,1,0,9.229968487311691,21.10391294047686
perfect_v2v,hold,164,122,0,1,0,13.974689946216932,-65.43115641138205
perfect_v2v,hold,165,106,0,1,1,5.638414180850526,-69.11361684155868
perfect_v2v,hold,166,98,0,1,1,6.711950403885734,20.054963869156495
perfect_v2v,hold,167,120,0,1,0,16.284564995053252,-59.39187650304288
perfect_v2v,hold,168,73,1,0,1,4.458593385453566,-135.52522077115503
perfect_v2v,hold,169,105,0,1,0,13.361287034716254,-51.108262178616485
perfect_v2v,hold,170,96,0,1,1,6.25867844914757,-56.901874326082094
perfect_v2v,hold,171,121,0,1,0,18.99667826319218,-55.40192652743502
perfect_v2v,hold,172,118,0,1,0,20.03373524363738,-49.34079835609097
perfect_v2v,hold,173,122,0,1,0,18.33789554807445,-55.43665527393439
perfect_v2v,hold,174,56,1,0,1,3.962075099708243,-209.29384337960312
perfect_v2v,hold,175,103,0,1,0,13.00310054694255,-47.04043621436571
perfect_v2v,hold,176,92,0,1,0,13.824526308883485,22.157924684437823
perfect_v2v,hold,177,64,1,0,1,3.565794569239033,-225.45406844033062
perfect_v2v,hold,178,59,1,0,1,3.1315200608525027,-215.34437120947544
perfect_v2v,hold,179,56,1,0,1,3.437515086622103,-209.2952592888758
perfect_v2v,hold,180,102,0,1,0,8.591195256873712,-59.03745576138407
perfect_v2v,hold,181,96,0,1,1,5.198482065361002,-56.902958910454956
perfect_v2v,hold,182,118,0,1,0,9.861702915930604,-71.34557431876256
perfect_v2v,hold,183,91,0,1,1,5.094168960547339,-52.817950195921696
perfect_v2v,hold,184,125,0,1,0,12.940788896204191,-73.4828327127136
perfect_v2v,hold,185,115,0,1,0,15.00657228311993,-57.30369372917825
perfect_v2v,hold,186,63,1,0,1,3.9188576189536932,-221.4262741615224
perfect_v2v,hold,187,114,0,1,0,8.4507536250864,-71.27223736854963
perfect_v2v,hold,188,121,0,1,0,14.587414861083658,-65.40928015652736
perfect_v2v,hold,189,64,1,0,1,4.364874637978073,-225.45354507541686
perfect_v2v,hold,190,104,0,1,0,10.260424243463147,18.437689700282498
perfect_v2v,hold,191,90,0,1,0,11.400308014794406,-38.8130180379935
perfect_v2v,hold,192,99,0,1,0,13.969513307421574,-42.98797171448905
perfect_v2v,hold,193,65,1,0,1,3.700810760218431,-227.43310752048995
perfect_v2v,hold,194,93,0,1,0,11.860258236509175,-40.86827106978977
perfect_v2v,hold,195,75,1,0,1,3.9832507094509015,-247.6795974840011
perfect_v2v,hold,196,60,1,0,1,4.439743286094411,-128.76441136325565
perfect_v2v,hold,197,56,1,0,1,3.167999241190596,-209.28654907897902
perfect_v2v,hold,198,95,0,1,0,14.582629769953204,-36.90335605046346
perfect_v2v,hold,199,99,0,1,0,12.790981254558268,-44.97395854170125
perfect_v2v,full,0,51,1,0,1,3.73823738350962,-55.21172134241372
perfect_v2v,full,1,80,0,1,1,7.665610134229053,-206.68857861162616
perfect_v2v,full,2,80,0,1,0,14.904292171260828,137.2858177178655
perfect_v2v,full,3,81,0,1,0,15.566082720466843,131.2827112480641
perfect_v2v,full,4,79,0,1,0,14.452750332626028,151.32286669306745
perfect_v2v,full,5,49,1,0,1,4.170954073757171,-387.23667183159205
perfect_v2v,full,6,80,0,1,1,7.212461973554881,113.31369739996717
perfect_v2v,full,7,51,1,0,1,4.029828365351161,-63.21263266816475
perfect_v2v,full,8,80,0,1,1,6.098561814088082,-218.7069117275907
perfect_v2v,full,9,79,0,1,0,12.775312424475517,151.31908635414868
perfect_v2v,full,10,79,0,1,0,18.35654938294394,151.32348808206217
perfect_v2v,full,11,81,0,1,1,6.861882621105369,83.28820556130557
perfect_v2v,full,12,80,0,1,1,7.638376921754023,-212.71542502242613
perfect_v2v,full,13,79,0,1,1,5.073862125348359,119.31877234101215
perfect_v2v,full,14,79,0,1,0,12.851037688459517,151.316824639168
perfect_v2v,full,15,48,1,0,1,4.472243510606533,-381.26263730934005
perfect_v2v,full,16,50,1,0,1,2.6880704083706823,-393.23581838512064
perfect_v2v,full,17,79,0,1,0,14.607387919018963,151.31763630806515
perfect_v2v,full,18,49,1,0,1,3.8664832638644304,-387.2696733107704
perfect_v2v,full,19,80,0,1,1,5.489328662380125,-218.69724363561022
perfect_v2v,full,20,50,1,0,1,3.4236684387422103,-393.2640552491048
perfect_v2v,full,21,79,0,1,0,8.051810685243225,135.31377110196854
perfect_v2v,full,22,80,0,1,1,4.965564536074543,89.29724623426964
perfect_v2v,full,23,48,1,0,1,4.370149232589207,-381.2625459394053
perfect_v2v,full,24,80,0,1,0,8.871799258335152,105.29343638915228
perfect_v2v,full,25,81,0,1,0,10.880186561803654,115.29221800990734
perfect_v2v,full,26,52,1,0,1,4.290594858884828,-61.20560650390993
perfect_v2v,full,27,51,1,0,1,4.347683985043926,-47.2070538585746
perfect_v2v,full,28,51,1,0,1,4.200046879253521,-39.19717436528743
perfect_v2v,full,29,81,0,1,1,5.121669894074794,59.27792631281558
perfect_v2v,full,30,50,1,0,1,3.6729011761056043,-393.2691559776854
perfect_v2v,full,31,79,0,1,0,18.665692682214765,151.3209522469239
perfect_v2v,full,32,51,1,0,1,3.9117811331098458,-399.259841694769
perfect_v2v,full,33,80,0,1,0,11.300459044024963,129.3049896547484
perfect_v2v,full,34,81,0,1,1,6.340003796693127,-220.22825860407477
perfect_v2v,full,35,80,0,1,0,13.739122367899226,129.29424747341812
perfect_v2v,full,36,81,0,1,0,13.883850659165267,123.29470300978477
perfect_v2v,full,37,48,1,0,1,4.449607695406313,-381.2618009162753
perfect_v2v,full,38,80,0,1,0,14.886491894973368,153.30903306030444
perfect_v2v,full,39,49,1,0,1,3.807129041347791,-387.2598520869019
perfect_v2v,full,40,79,0,1,0,9.95667216354785,135.31032917888177
perfect_v2v,full,41,48,1,0,1,4.332676501229475,-375.2470007470576
perfect_v2v,full,42,79,0,1,0,13.77301983791272,151.31328984646296
perfect_v2v,full,43,79,0,1,1,7.533386582716606,127.30465658337542
perfect_v2v,full,44,81,0,1,0,8.501634215690247,91.28745617560728
perfect_v2v,full,45,80,0,1,0,10.047576266248072,127.31671848876026
perfect_v2v,full,46,79,0,1,0,11.544109387991005,151.32106900528112
perfect_v2v,full,47,49,1,0,1,4.430476998113521,-387.2408709059598
perfect_v2v,full,48,53,1,0,1,4.2210108971191085,-69.19729889348663
perfect_v2v,full,49,51,1,0,1,3.4111964328925772,-399.23672259729545
perfect_v2v,full,50,49,1,0,1,4.2669720662583295,-387.237805195105
perfect_v2v,full,51,79,0,1,1,6.640358187085341,135.32283717742098
perfect_v2v,full,52,79,0,1,1,5.253163424957413,103.30185059492882
perfect_v2v,full,53,50,1,0,1,4.161769604113053,-393.2977045319304
perfect_v2v,full,54,50,1,0,1,3.013165384839577,-393.2706935820536
perfect_v2v,full,55,79,0,1,1,4.585920480307177,-218.6831022742332
perfect_v2v,full,56,79,0,1,0,24.92049324639549,63.31007567055753
perfect_v2v,full,57,79,0,1,0,12.722323876188252,151.30710400280233
perfect_v2v,full,58,80,0,1,1,5.557123452847013,-224.70880835386043
perfect_v2v,full,59,80,0,1,1,5.854156775488638,-218.68201864549144
perfect_v2v,full,60,80,0,1,1,7.852800107833682,105.29280437062124
perfect_v2v,full,61,52,1,0,1,3.668478650907926,-77.21710607572811
perfect_v2v,full,62,80,0,1,1,6.106781732733,103.31975578881466
perfect_v2v,full,63,80,0,1,1,7.440633380846817,-206.68440914226846
perfect_v2v,full,64,48,1,0,1,4.130722192911268,-381.24751231426825
perfect_v2v,full,65,52,1,0,1,3.6455539163290935,-405.25603058435354
perfect_v2v,full,66,48,1,0,1,4.122200280639833,-375.2484607738588
perfect_v2v,full,67,80,0,1,0,13.858358354972303,145.3021758239906
perfect_v2v,full,68,51,1,0,1,3.1124494520504076,-399.22470079441456
perfect_v2v,full,69,80,0,1,0,11.72016283825072,135.31734417321863
perfect_v2v,full,70,49,1,0,1,4.123893967823248,-387.2716344003451
perfect_v2v,full,71,80,0,1,0,9.225304804885203,105.28487325564078
perfect_v2v,full,72,79,0,1,0,12.24818752938441,151.31721939590568
perfect_v2v,full,73,80,0,1,1,6.194728836876294,105.30969307417165
perfect_v2v,full,74,79,0,1,0,9.295318717220658,151.32047618826206
perfect_v2v,full,75,81,0,1,0,15.388737148684307,137.2986512017118
perfect_v2v,full,76,49,1,0,1,3.7170318149667922,-387.2365953050723
perfect_v2v,full,77,49,1,0,1,4.391333462568028,-387.23790534886575
perfect_v2v,full,78,49,1,0,1,3.878973775659969,-387.26778914356805
perfect_v2v,full,79,79,0,1,0,22.931605752918905,151.32174091459407
perfect_v2v,full,80,79,0,1,0,8.483181149024986,143.31077221746625
perfect_v2v,full,81,80,0,1,0,18.869456425741244,153.30407487594613
perfect_v2v,full,82,48,1,0,1,4.281203109324296,-375.2449133398853
perfect_v2v,full,83,80,0,1,0,17.426036482230217,153.29197335217626
perfect_v2v,full,84,51,1,0,1,3.4731762500080863,-399.20472299834387
perfect_v2v,full,85,81,0,1,1,4.856376774994838,59.27715701001877
perfect_v2v,full,86,79,0,1,0,14.948738498409549,151.30182750604433
perfect_v2v,full,87,49,1,0,1,4.298021679117186,-375.2538866444119
perfect_v2v,full,88,81,0,1,1,4.523183625133106,65.29783945968776
perfect_v2v,full,89,80,0,1,1,4.835300083824566,95.31694714505238
perfect_v2v,full,90,51,1,0,1,3.8885615582357067,-399.23572165844837
perfect_v2v,full,91,52,1,0,1,3.321120503465882,-405.2269088317565
perfect_v2v,full,92,80,0,1,0,12.491888527168905,151.319106377947
perfect_v2v,full,93,79,0,1,1,5.4360365319041115,135.32490353806492
perfect_v2v,full,94,52,1,0,1,4.19420050689054,-93.2319099093765
perfect_v2v,full,95,80,0,1,1,5.727190030435803,-218.68601815776168
perfect_v2v,full,96,51,1,0,1,3.271728125006463,-399.2049198417045
perfect_v2v,full,97,79,0,1,0,8.155395017370692,127.30634419755943
perfect_v2v,full,98,79,0,1,1,6.344492999273925,-206.67710453403163
perfect_v2v,full,99,80,0,1,1,5.0617695476332765,97.31092105028097
perfect_v2v,full,100,49,1,0,1,4.238422348913727,-387.2349450580829
perfect_v2v,full,101,79,0,1,0,14.39989268060739,151.3228895602693
perfect_v2v,full,102,81,0,1,0,8.814607221858592,91.29212689489654
perfect_v2v,full,103,80,0,1,1,5.968391790760155,89.29157934937552
perfect_v2v,full,104,48,1,0,1,4.117577044816982,-381.2531386668073
perfect_v2v,full,105,79,0,1,0,8.806626648496584,-200.69642659837862
perfect_v2v,full,106,79,0,1,0,9.816018736023123,151.32475557706223
perfect_v2v,full,107,79,0,1,1,6.921083423750561,119.30436755860994
perfect_v2v,full,108,48,1,0,1,3.9376129809819664,-381.2521347561216
perfect_v2v,full,109,52,1,0,1,3.8423636775469165,-61.20102066969349
perfect_v2v,full,110,79,0,1,0,10.077802510732171,151.32226365495248
perfect_v2v,full,111,81,0,1,0,12.173230354912521,115.29133693722285
perfect_v2v,full,112,52,1,0,1,4.434460358488899,-101.24690591517664
perfect_v2v,full,113,81,0,1,1,6.1985861792142805,75.2806856974841
perfect_v2v,full,114,79,0,1,0,12.720905046373366,151.31019409204703
perfect_v2v,full,115,79,0,1,1,5.283582424782443,111.30847711522547
perfect_v2v,full,116,81,0,1,1,5.269372795925075,67.29367174678075
perfect_v2v,full,117,79,0,1,0,15.519188834681788,151.31936067738025
perfect_v2v,full,118,79,0,1,1,4.731675311687293,-218.67772689705822
perfect_v2v,full,119,79,0,1,1,7.568312019871343,143.32349953916997
perfect_v2v,full,120,79,0,1,0,11.535251528306823,151.31813551381427
perfect_v2v,full,121,79,0,1,0,15.895728724576383,151.30316025411733
perfect_v2v,full,122,79,0,1,0,11.197065160376784,151.3165003084349
perfect_v2v,full,123,79,0,1,0,10.840793844512154,151.30696462309743
perfect_v2v,full,124,79,0,1,0,8.669674808104599,135.31404900926339
perfect_v2v,full,125,79,0,1,1,5.098038757381135,119.3180207702554
perfect_v2v,full,126,81,0,1,0,10.30662062297649,-191.727969935389
perfect_v2v,full,127,81,0,1,1,7.542463032027294,83.27959550670336
perfect_v2v,full,128,79,0,1,1,5.898730724983597,111.30518497031169
perfect_v2v,full,129,80,0,1,0,18.030245296685663,153.29914380887084
perfect_v2v,full,130,80,0,1,0,11.40197996234798,137.30591491803807
perfect_v2v,full,131,79,0,1,1,5.033662809722861,103.30420839912293
perfect_v2v,full,132,52,1,0,1,4.280079732884589,-101.24364335470932
perfect_v2v,full,133,52,1,0,1,4.397557698070122,-23.17239273912695
perfect_v2v,full,134,79,0,1,1,7.531149890239329,143.3240866792312
perfect_v2v,full,135,80,0,1,0,17.38695684666613,153.31456727992062
perfect_v2v,full,136,81,0,1,1,7.575052972210433,91.2880647642108
perfect_v2v,full,137,79,0,1,0,10.031815423363984,151.3183912861702
perfect_v2v,full,138,50,1,0,1,3.856959122885477,-393.2352824160683
perfect_v2v,full,139,49,1,0,1,3.8620974810187256,-387.26799079980435
perfect_v2v,full,140,79,0,1,1,7.511276358641728,119.30583321983505
perfect_v2v,full,141,79,0,1,0,10.183211068394725,-188.68924087470273
perfect_v2v,full,142,81,0,1,0,15.615813044863634,131.2741957848241
perfect_v2v,full,143,49,1,0,1,3.7833489931198696,-387.2683212646633
perfect_v2v,full,144,79,0,1,0,12.26540104680337,151.31455359564794
perfect_v2v,full,145,80,0,1,0,17.246486480054465,151.31908842674596
perfect_v2v,full,146,79,0,1,1,7.833849382225484,135.3150690328617
perfect_v2v,full,147,51,1,0,1,3.9891118263066514,-31.19010463929709
perfect_v2v,full,148,79,0,1,0,9.315681848373698,127.30351610221199
perfect_v2v,full,149,81,0,1,1,5.215448151240309,67.28222425406051
perfect_v2v,full,150,51,1,0,1,4.287863676762813,-399.2801519172786
perfect_v2v,full,151,80,0,1,0,12.414837319909909,137.30961220887588
perfect_v2v,full,152,51,1,0,1,4.350710331017912,-95.25274503277014
perfect_v2v,full,153,48,1,0,1,4.3651880432187,-381.24791141880917
perfect_v2v,full,154,49,1,0,1,3.1300899826077355,-387.25275564902387
perfect_v2v,full,155,49,1,0,1,4.19320665980066,-387.2789477301755
perfect_v2v,full,156,81,0,1,0,8.637986212782069,99.2894722690082
perfect_v2v,full,157,49,1,0,1,4.423030258864436,-387.2844118342638
perfect_v2v,full,158,50,1,0,1,4.401466635664795,-41.20948168956021
perfect_v2v,full,159,50,1,0,1,4.327843305903215,-49.217987393730425
perfect_v2v,full,160,50,1,0,1,4.171273187017158,-393.23688256684545
perfect_v2v,full,161,49,1,0,1,3.5376641505030055,-387.26301347780975
perfect_v2v,full,162,81,0,1,0,12.937440039831042,115.28083887335237
perfect_v2v,full,163,79,0,1,0,17.6133411362265,151.31542252811553
perfect_v2v,full,164,81,0,1,1,5.721142343891933,67.28101661355905
perfect_v2v,full,165,80,0,1,0,8.969297465872378,113.30681744366103
perfect_v2v,full,166,79,0,1,0,16.766078818912327,151.30941141323808
perfect_v2v,full,167,52,1,0,1,4.4977647903269355,-101.24700634066855
perfect_v2v,full,168,80,0,1,0,20.713936406890298,153.28680987147416
perfect_v2v,full,169,50,1,0,1,2.7957541066150653,-393.2438559787129
perfect_v2v,full,170,51,1,0,1,4.347285268400024,-47.20100547665869
perfect_v2v,full,171,51,1,0,1,3.2407568395310107,-399.26704870713854
perfect_v2v,full,172,50,1,0,1,3.4197657608073473,-393.2769953728988
perfect_v2v,full,173,51,1,0,1,3.798882014395326,-399.27161961847156
perfect_v2v,full,174,79,0,1,1,7.265534806875737,135.3217960563997
perfect_v2v,full,175,49,1,0,1,3.2670970993732222,-387.2545326071497
perfect_v2v,full,176,79,0,1,0,21.35996384643393,151.32122223540867
perfect_v2v,full,177,80,0,1,0,11.396334713061671,137.30905580312213
perfect_v2v,full,178,79,0,1,1,7.3480755891434315,135.3124076126495
perfect_v2v,full,179,79,0,1,1,5.891506507031017,127.32166733737493
perfect_v2v,full,180,52,1,0,1,3.9988665499407365,-63.19822873121241
perfect_v2v,full,181,52,1,0,1,4.117098493931374,-39.18268539340196
perfect_v2v,full,182,81,0,1,0,8.532835396016148,99.29287396458193
perfect_v2v,full,183,50,1,0,1,3.500376555469524,-393.2103305664399
perfect_v2v,full,184,81,0,1,0,9.293975366560217,83.27358985501616
perfect_v2v,full,185,51,1,0,1,4.247486820141297,-399.2526246030712
perfect_v2v,full,186,80,0,1,0,9.640408097004377,121.31448278300482
perfect_v2v,full,187,80,0,1,0,8.631800520577224,105.28496452723371
perfect_v2v,full,188,81,0,1,1,6.207345620005815,75.28411731507177
perfect_v2v,full,189,80,0,1,0,12.800956585055559,145.30913887691793
perfect_v2v,full,190,80,0,1,0,23.263945934308644,153.31313405148097
perfect_v2v,full,191,79,0,1,1,4.933832527554326,-218.67571562011221
perfect_v2v,full,192,49,1,0,1,3.645208901005108,-381.2468254460805
perfect_v2v,full,193,80,0,1,0,14.60063688794104,153.3109192549311
perfect_v2v,full,194,48,1,0,1,4.219411341517313,-375.2516315915078
perfect_v2v,full,195,81,0,1,0,18.498383291316326,139.275816692216
perfect_v2v,full,196,79,0,1,0,12.191407343389052,151.31976562407567
perfect_v2v,full,197,79,0,1,1,6.245664271301934,135.32245917463825
perfect_v2v,full,198,79,0,1,1,5.829624617306584,-212.68505502503473
perfect_v2v,full,199,48,1,0,1,4.4080160579066465,-381.264081513608
perfect_v2v,rule,0,128,0,1,0,27.64824737114179,28.05706368918222
perfect_v2v,rule,1,119,0,1,0,33.43948363478803,34.6279515364604
perfect_v2v,rule,2,141,0,1,0,26.062473928068037,13.294966708430977
perfect_v2v,rule,3,141,0,1,0,25.338137120550638,8.574952480640988
perfect_v2v,rule,4,79,0,1,0,14.452750332626028,151.2228666930675
perfect_v2v,rule,5,125,0,1,0,31.09951887526558,32.7918754804265
perfect_v2v,rule,6,132,0,1,0,27.78871524655596,23.569435488411038
perfect_v2v,rule,7,128,0,1,0,31.394137528651502,28.055556392884327
perfect_v2v,rule,8,121,0,1,0,33.71345258534028,25.588832062649633
perfect_v2v,rule,9,79,0,1,0,12.775312424475517,151.21908635414866
perfect_v2v,rule,10,79,0,1,0,18.35654938294394,151.2234880820622
perfect_v2v,rule,11,132,0,1,0,28.57375183764279,16.560249887002385
perfect_v2v,rule,12,121,0,1,0,34.01808669246583,28.49758977574098
perfect_v2v,rule,13,129,0,1,0,30.950053070881,33.025543274925965
perfect_v2v,rule,14,79,0,1,0,12.851037688459517,151.216824639168
perfect_v2v,rule,15,123,0,1,0,32.008634893176755,33.547181032560786
perfect_v2v,rule,16,127,0,1,0,29.75636509764792,27.076942608308517
perfect_v2v,rule,17,79,0,1,0,14.607387919018963,151.21763630806515
perfect_v2v,rule,18,123,0,1,0,31.107577003296132,28.544786916907615
perfect_v2v,rule,19,121,0,1,0,33.32301403422853,27.580756372680028
perfect_v2v,rule,20,126,0,1,0,29.85789653879132,22.083291155156154
perfect_v2v,rule,21,132,0,1,0,29.003319357138157,26.576893479696913
perfect_v2v,rule,22,130,0,1,0,26.980732705245945,22.292244020071088
perfect_v2v,rule,23,123,0,1,0,31.261006100869302,29.852894424065823
perfect_v2v,rule,24,134,0,1,0,27.62418256817977,17.836407250659278
perfect_v2v,rule,25,137,0,1,0,24.048100538883663,13.058957642107565
perfect_v2v,rule,26,129,0,1,0,27.633056321101556,24.31719674995283
perfect_v2v,rule,27,128,0,1,0,27.87692400005852,30.0495599951285
perfect_v2v,rule,28,128,0,1,0,31.23544471811362,31.043995934749393
perfect_v2v,rule,29,131,0,1,0,28.956814678861214,15.573178619001993
perfect_v2v,rule,30,126,0,1,0,29.75483917631496,18.377198565774997
perfect_v2v,rule,31,79,0,1,0,18.665692682214765,151.2209522469239
perfect_v2v,rule,32,128,0,1,0,29.887849233741196,18.34944805879293
perfect_v2v,rule,33,135,0,1,0,28.18181662238367,20.80318137362871
perfect_v2v,rule,34,122,0,1,0,33.42960200434873,20.956839207641455
perfect_v2v,rule,35,137,0,1,0,26.769323417936835,16.051306944078547
perfect_v2v,rule,36,139,0,1,0,26.976374180177885,8.612422719253871
perfect_v2v,rule,37,122,0,1,0,31.54277255679111,32.559864161522285
perfect_v2v,rule,38,141,0,1,0,26.18160637176003,16.297662844262163
perfect_v2v,rule,39,125,0,1,0,30.239137810788318,27.80427791379297
perfect_v2v,rule,40,133,0,1,0,28.96507272467372,26.54796737319951
perfect_v2v,rule,41,122,0,1,0,32.4231612541978,39.27522192120066
perfect_v2v,rule,42,79,0,1,0,13.77301983791272,151.21328984646294
perfect_v2v,rule,43,133,0,1,0,25.391269281134704,24.54467362569465
perfect_v2v,rule,44,135,0,1,0,27.027060877369898,12.10774827164429
perfect_v2v,rule,45,134,0,1,0,28.177258138321186,24.528253222790656
perfect_v2v,rule,46,79,0,1,0,11.544109387991005,151.22106900528112
perfect_v2v,rule,47,126,0,1,0,31.195001246565123,32.79880239357105
perfect_v2v,rule,48,128,0,1,0,29.330899429681214,25.034923684290586
perfect_v2v,rule,49,127,0,1,0,29.53954213217611,24.066268430977264
perfect_v2v,rule,50,125,0,1,0,31.322895104586458,32.80262797242179
perfect_v2v,rule,51,130,0,1,0,27.427068177265806,32.294319177461276
perfect_v2v,rule,52,130,0,1,0,29.36843438128364,26.31648084322725
perfect_v2v,rule,53,125,0,1,0,31.753666990117395,18.096765574329332
perfect_v2v,rule,54,124,0,1,0,30.021011600206705,23.826670783948625
perfect_v2v,rule,55,120,0,1,0,32.33837784960188,36.301164894378914
perfect_v2v,rule,56,81,0,1,0,24.154927671055635,63.19510480637197
perfect_v2v,rule,57,137,0,1,0,27.74811404943462,21.066528047639938
perfect_v2v,rule,58,121,0,1,0,32.926754604589384,25.5724615942523
perfect_v2v,rule,59,120,0,1,0,32.936888473688725,33.30168235406039
perfect_v2v,rule,60,134,0,1,0,25.09911407317781,17.8330855720571
perfect_v2v,rule,61,128,0,1,0,30.637952161121227,21.34171712568443
perfect_v2v,rule,62,131,0,1,0,30.669850393497498,23.57995156823864
perfect_v2v,rule,63,120,0,1,0,34.072555510454535,34.01615467445358
perfect_v2v,rule,64,123,0,1,0,29.72508623598265,36.549019531849524
perfect_v2v,rule,65,128,0,1,0,29.153858351910237,16.35105969907707
perfect_v2v,rule,66,121,0,1,0,31.713582520822552,39.27406142738214
perfect_v2v,rule,67,140,0,1,0,25.001023969344754,15.310803953469637
perfect_v2v,rule,68,127,0,1,0,31.246059977275507,25.073569990374477
perfect_v2v,rule,69,135,0,1,0,27.7614314506344,21.79619102347744
perfect_v2v,rule,70,125,0,1,0,31.586347952969412,25.818186759744165
perfect_v2v,rule,71,134,0,1,0,28.178623855674743,15.821798583351878
perfect_v2v,rule,72,79,0,1,0,12.24818752938441,151.2172193959057
perfect_v2v,rule,73,131,0,1,0,27.872564614444794,21.57784996423162
perfect_v2v,rule,74,133,0,1,0,28.51982261698584,29.546636141765838
perfect_v2v,rule,75,142,0,1,0,25.114077466401934,9.565351620113717
perfect_v2v,rule,76,125,0,1,0,32.32125932431939,32.79489702850104
perfect_v2v,rule,77,125,0,1,0,29.691548432738585,32.79509382008892
perfect_v2v,rule,78,124,0,1,0,32.396575508192285,26.819553534110053
perfect_v2v,rule,79,79,0,1,0,22.931605752918905,151.22174091459408
perfect_v2v,rule,80,134,0,1,0,25.4128497886303,23.823712131859278
perfect_v2v,rule,81,80,0,1,0,18.869456425741244,153.20407487594613
perfect_v2v,rule,82,121,0,1,0,32.573164349221635,39.29919984274779
perfect_v2v,rule,83,144,0,1,0,23.748597435033716,12.522213578291371
perfect_v2v,rule,84,127,0,1,0,31.509186324678755,30.058826029807236
perfect_v2v,rule,85,131,0,1,0,28.78580127829328,11.897715093031167
perfect_v2v,rule,86,79,0,1,0,14.948738498409549,151.20182750604434
perfect_v2v,rule,87,122,0,1,0,32.71680988281546,30.56283066957039
perfect_v2v,rule,88,129,0,1,0,29.750256303747186,19.312154236669738
perfect_v2v,rule,89,129,0,1,0,30.36379321342985,28.03087495185617
perfect_v2v,rule,90,128,0,1,0,30.79721957600088,21.339228125184913
perfect_v2v,rule,91,128,0,1,0,31.29841001986607,20.357614863908637
perfect_v2v,rule,92,139,0,1,0,25.163145216842313,21.030585019585978
perfect_v2v,rule,93,129,0,1,0,28.99172811477321,34.03129057446165
perfect_v2v,rule,94,128,0,1,0,30.67884010665998,19.335406792432064
perfect_v2v,rule,95,121,0,1,0,33.75894805244275,28.58919789651416
perfect_v2v,rule,96,127,0,1,0,30.823072995172577,30.055282849315606
perfect_v2v,rule,97,132,0,1,0,27.84003464133622,24.563486235035768
perfect_v2v,rule,98,119,0,1,0,32.89712973217668,40.03425299685819
perfect_v2v,rule,99,130,0,1,0,29.19716383451005,24.313548387360726
perfect_v2v,rule,100,126,0,1,0,30.49637339561193,33.78485795660242
perfect_v2v,rule,101,79,0,1,0,14.39989268060739,151.2228895602693
perfect_v2v,rule,102,135,0,1,0,29.235333133752054,12.1093326089334
perfect_v2v,rule,103,131,0,1,0,26.670468248362333,18.58222867443829
perfect_v2v,rule,104,123,0,1,0,31.03732692228196,35.5538071082472
perfect_v2v,rule,105,118,0,1,0,34.451075337170764,38.04386099870127
perfect_v2v,rule,106,79,0,1,0,9.816018736023123,151.22475557706224
perfect_v2v,rule,107,130,0,1,0,28.235246756888415,27.295146882585293
perfect_v2v,rule,108,123,0,1,0,30.988773371373128,35.54301995885527
perfect_v2v,rule,109,127,0,1,0,30.65828972245377,27.05851062429099
perfect_v2v,rule,110,133,0,1,0,27.76717639349347,29.54632049074585
perfect_v2v,rule,111,139,0,1,0,25.717979163698654,10.325650564365752
perfect_v2v,rule,112,129,0,1,0,30.98522849418084,18.3304648351838
perfect_v2v,rule,113,133,0,1,0,26.528656454502432,12.851996576278701
perfect_v2v,rule,114,79,0,1,0,12.720905046373366,151.21019409204706
perfect_v2v,rule,115,130,0,1,0,29.70003356592282,27.306095409155386
perfect_v2v,rule,116,130,0,1,0,30.6968234789512,19.30306271805504
perfect_v2v,rule,117,79,0,1,0,15.519188834681788,151.21936067738025
perfect_v2v,rule,118,120,0,1,0,32.71495191980161,38.303219850019765
perfect_v2v,rule,119,131,0,1,0,29.637209683174696,32.28522801841955
perfect_v2v,rule,120,79,0,1,0,11.535251528306823,151.21813551381427
perfect_v2v,rule,121,79,0,1,0,15.895728724576383,151.20316025411734
perfect_v2v,rule,122,79,0,1,0,11.197065160376784,151.21650030843492
perfect_v2v,rule,123,136,0,1,0,24.764277445446083,23.793928014769545
perfect_v2v,rule,124,132,0,1,0,29.55262359863709,30.279214316215292
perfect_v2v,rule,125,129,0,1,0,28.896210509531883,33.01382976544882
perfect_v2v,rule,126,119,0,1,0,34.315650866282645,40.3249162588573
perfect_v2v,rule,127,135,0,1,0,27.150969694303846,10.110596992732042
perfect_v2v,rule,128,131,0,1,0,28.840143232976526,27.294655767565082
perfect_v2v,rule,129,80,0,1,0,18.030245296685663,153.19914380887084
perfect_v2v,rule,130,137,0,1,0,24.97326496939928,18.054042885317575
perfect_v2v,rule,131,128,0,1,0,29.23135961784657,26.333128336076644
perfect_v2v,rule,132,128,0,1,0,30.569022275284844,18.344739534762766
perfect_v2v,rule,133,129,0,1,0,29.50682905802349,34.0301058783502
perfect_v2v,rule,134,131,0,1,0,28.24374596789615,32.290413660010785
perfect_v2v,rule,135,80,0,1,0,17.38695684666613,153.21456727992063
perfect_v2v,rule,136,133,0,1,0,25.193384119612325,14.83477452890984
perfect_v2v,rule,137,135,0,1,0,26.738394231832842,29.518525391134855
perfect_v2v,rule,138,127,0,1,0,31.1316737696843,27.077246175041388
perfect_v2v,rule,139,124,0,1,0,30.6346587442315,26.817073162403886
perfect_v2v,rule,140,131,0,1,0,28.845387216345575,27.28934982231957
perfect_v2v,rule,141,117,0,1,0,34.85548845415684,42.06617979062737
perfect_v2v,rule,142,143,0,1,0,24.62609309282844,3.848145817501525
perfect_v2v,rule,143,123,0,1,0,32.77657180969169,28.541520571104623
perfect_v2v,rule,144,79,0,1,0,12.26540104680337,151.21455359564794
perfect_v2v,rule,145,80,0,1,0,17.246486480054465,151.21908842674594
perfect_v2v,rule,146,132,0,1,0,27.689921308510048,30.259993884147203
perfect_v2v,rule,147,127,0,1,0,30.61091022237553,36.763923089713444
perfect_v2v,rule,148,133,0,1,0,28.38907258286473,24.551295686497898
perfect_v2v,rule,149,131,0,1,0,26.938936288204534,15.595808073419107
perfect_v2v,rule,150,127,0,1,0,31.6748057597551,15.353672744490922
perfect_v2v,rule,151,137,0,1,0,26.76794758084911,18.076966040712094
perfect_v2v,rule,152,129,0,1,0,28.070837606451406,19.32725298378531
perfect_v2v,rule,153,123,0,1,0,29.692850495184963,36.539281381050856
perfect_v2v,rule,154,123,0,1,0,30.954532472523137,31.53532120211755
perfect_v2v,rule,155,123,0,1,0,31.766599558536075,27.54464517441503
perfect_v2v,rule,156,135,0,1,0,24.843162890579165,12.104049542084653
perfect_v2v,rule,157,123,0,1,0,32.19086060900993,23.83693301831616
perfect_v2v,rule,158,127,0,1,0,30.780401369665103,33.06090142308288
perfect_v2v,rule,159,127,0,1,0,29.61887956128322,33.76226473166118
perfect_v2v,rule,160,127,0,1,0,29.900630790758242,27.06204406416063
perfect_v2v,rule,161,124,0,1,0,31.79992130892323,26.838454222937408
perfect_v2v,rule,162,140,0,1,0,26.338122779812842,6.606740242569913
perfect_v2v,rule,163,79,0,1,0,17.6133411362265,151.21542252811554
perfect_v2v,rule,164,131,0,1,0,27.43427732861922,15.584594268762565
perfect_v2v,rule,165,134,0,1,0,28.958010676352657,18.831232000691934
perfect_v2v,rule,166,79,0,1,0,16.766078818912327,151.2094114132381
perfect_v2v,rule,167,129,0,1,0,29.804402196144398,18.32947603034032
perfect_v2v,rule,168,80,0,1,0,20.713936406890298,153.18680987147417
perfect_v2v,rule,169,125,0,1,0,31.03479934656219,27.799225863957616
perfect_v2v,rule,170,127,0,1,0,31.19579009894539,33.76766142014357
perfect_v2v,rule,171,128,0,1,0,31.489711126553694,16.35392109179825
perfect_v2v,rule,172,125,0,1,0,32.042879873259764,19.1148010585019
perfect_v2v,rule,173,128,0,1,0,29.654749865305135,16.356879175292057
perfect_v2v,rule,174,130,0,1,0,30.114610249833873,33.997698255112994
perfect_v2v,rule,175,124,0,1,0,30.22541085759245,27.82304103561815
perfect_v2v,rule,176,79,0,1,0,21.35996384643393,151.22122223540867
perfect_v2v,rule,177,137,0,1,0,27.03039359753674,18.07947892246115
perfect_v2v,rule,178,132,0,1,0,25.428553488026132,26.551376751012082
perfect_v2v,rule,179,130,0,1,0,31.14903568269545,30.314537304273376
perfect_v2v,rule,180,128,0,1,0,30.040994398637245,28.03800790400262
perfect_v2v,rule,181,128,0,1,0,29.961332780100822,31.032170719707363
perfect_v2v,rule,182,135,0,1,0,27.345732002327857,12.117033173383241
perfect_v2v,rule,183,126,0,1,0,31.25589108651406,35.7767758389971
perfect_v2v,rule,184,135,0,1,0,28.69266417871698,10.1011143265832
perfect_v2v,rule,185,128,0,1,0,29.363750122745735,22.05410961749483
perfect_v2v,rule,186,134,0,1,0,29.1711927871748,20.837454459960263
perfect_v2v,rule,187,134,0,1,0,27.302575781425148,15.822810176840527
perfect_v2v,rule,188,131,0,1,0,29.621393258082623,15.594666497095254
perfect_v2v,rule,189,138,0,1,0,25.407316903523984,19.03504261377581
perfect_v2v,rule,190,80,0,1,0,23.263945934308644,153.21313405148098
perfect_v2v,rule,191,121,0,1,0,32.900849217702174,39.28762511731248
perfect_v2v,rule,192,123,0,1,0,31.627120313963612,31.55571194726889
perfect_v2v,rule,193,140,0,1,0,25.971383813480646,16.29537960393605
perfect_v2v,rule,194,121,0,1,0,32.39165305586583,37.274728169839385
perfect_v2v,rule,195,146,0,1,0,24.022681747141245,3.083975740808782
perfect_v2v,rule,196,79,0,1,0,12.191407343389052,151.2197656240757
perfect_v2v,rule,197,130,0,1,0,30.246457876790867,34.019126705667254
perfect_v2v,rule,198,120,0,1,0,33.266286053267024,36.30590457441294
perfect_v2v,rule,199,122,0,1,0,30.80887347935482,32.5521271066754
lossy_v2v,random,0,700,0,0,0,36.615754588345666,-503.22224691392114
lossy_v2v,random,1,700,0,0,0,33.24966294617418,-482.6786009922301
lossy_v2v,random,2,700,0,0,0,23.450208683779216,-560.0043395329458
lossy_v2v,random,3,700,0,0,0,37.89463820362312,-469.6766391195879
lossy_v2v,random,4,392,0,1,1,4.881510171704229,-280.3709592396567
lossy_v2v,random,5,700,0,0,0,40.6975129148559,-480.79094155808787
lossy_v2v,random,6,700,0,0,0,21.876084232375007,-539.5818167114903
lossy_v2v,random,7,700,0,0,0,10.007752427318982,-574.0045556838948
lossy_v2v,random,8,700,0,0,0,37.70362348232368,-510.72300554831435
lossy_v2v,random,9,700,0,0,0,27.289735660602478,-490.5321854342768
lossy_v2v,random,10,700,0,0,0,28.201583243024025,-539.281397316779
lossy_v2v,random,11,700,0,0,0,49.510645868476544,-517.3855663026708
lossy_v2v,random,12,700,0,0,0,37.98324041384839,-485.4485914125879
lossy_v2v,random,13,458,0,1,0,14.36858365081786,-339.1426720430497
lossy_v2v,random,14,640,0,1,1,4.944179024443651,-434.4822067355306
lossy_v2v,random,15,700,0,0,0,18.48148378785652,-539.836171321766
lossy_v2v,random,16,700,0,0,0,33.81446284097012,-491.9477206627805
lossy_v2v,random,17,700,0,0,0,24.72511031516598,-470.0186988671957
lossy_v2v,random,18,700,0,0,0,25.218984371357564,-538.799653193855
lossy_v2v,random,19,700,0,0,0,39.41874350293953,-480.5748378120017
lossy_v2v,random,20,700,0,0,0,37.3236496587083,-457.30589945132215
lossy_v2v,random,21,700,0,0,0,40.16170540643954,-480.9143000822827
lossy_v2v,random,22,700,0,0,0,40.256498451129644,-498.8261225943821
lossy_v2v,random,23,700,0,0,0,40.51832263945593,-482.79846290920364
lossy_v2v,random,24,700,0,0,0,21.203673861608934,-520.3859855276448
lossy_v2v,random,25,700,0,0,0,42.626834504187585,-492.2478460928778
lossy_v2v,random,26,700,0,0,0,37.34389103948364,-518.3226770722858
lossy_v2v,random,27,700,0,0,0,40.079156544634046,-468.9008220503892
lossy_v2v,random,28,700,0,0,0,30.399936788453132,-511.0420506908819
lossy_v2v,random,29,700,0,0,0,45.8841625138285,-499.4084515923295
lossy_v2v,random,30,700,0,0,0,46.131286754857705,-487.03392852906074
lossy_v2v,random,31,700,0,0,0,11.691368000007527,-583.9484482072157
lossy_v2v,random,32,700,0,0,0,29.70954225164951,-541.431398564639
lossy_v2v,random,33,700,0,0,0,18.976338322352795,-562.5171286251416
lossy_v2v,random,34,700,0,0,0,47.37041990344664,-493.8842037183353
lossy_v2v,random,35,700,0,0,0,51.26419676711876,-485.7373387378578
lossy_v2v,random,36,700,0,0,0,27.224489325504237,-525.2326507761558
lossy_v2v,random,37,700,0,0,0,30.704348333417066,-541.678332042479
lossy_v2v,random,38,67,1,0,1,3.444383570711715,-210.44494180199075
lossy_v2v,random,39,700,0,0,0,28.144652233128202,-484.95339652113444
lossy_v2v,random,40,61,1,0,1,4.211566892093862,-254.35677846672752
lossy_v2v,random,41,700,0,0,0,22.683097493022846,-523.49317150469
lossy_v2v,random,42,66,1,0,1,3.8964282289410024,-225.39753142570106
lossy_v2v,random,43,694,0,1,0,12.154833897315195,-470.2619690617099
lossy_v2v,random,44,700,0,0,0,24.988490454707748,-530.2138535129633
lossy_v2v,random,45,700,0,0,0,31.45524120921049,-503.40405770977065
lossy_v2v,random,46,389,0,1,1,4.985595929704428,-175.41058667958993
lossy_v2v,random,47,630,0,1,0,17.841956843135826,-466.88650878599515
lossy_v2v,random,48,700,0,0,0,53.92910566577735,-481.5349440613024
lossy_v2v,random,49,700,0,0,0,33.69946849818315,-468.4654105776273
lossy_v2v,random,50,700,0,0,0,43.015784797602784,-480.0266223412621
lossy_v2v,random,51,128,0,1,1,7.724346853509707,-98.34393569350709
lossy_v2v,random,52,700,0,0,0,34.155446022643666,-514.2098872943726
lossy_v2v,random,53,700,0,0,0,58.15233439266328,-495.5734040319828
lossy_v2v,random,54,700,0,0,0,42.587866474312875,-505.18715256197993
lossy_v2v,random,55,414,0,1,0,22.281528207464532,-291.0623776139026
lossy_v2v,random,56,700,0,0,0,33.149341822301025,-488.01747896498176
lossy_v2v,random,57,700,0,0,0,24.944497762629123,-504.1267599667222
lossy_v2v,random,58,576,0,1,0,19.170138443716876,-432.2103756448856
lossy_v2v,random,59,700,0,0,0,32.75277534164801,-535.7525678094212
lossy_v2v,random,60,700,0,0,0,17.54400810153023,-527.8005712969721
lossy_v2v,random,61,700,0,0,0,39.14852238762588,-496.2511025300967
lossy_v2v,random,62,700,0,0,0,23.084891670075738,-517.9603947438433
lossy_v2v,random,63,700,0,0,0,51.309362177452535,-461.4832548536097
lossy_v2v,random,64,700,0,0,0,27.23811029851171,-482.0660019540022
lossy_v2v,random,65,700,0,0,0,48.746513222818365,-497.6653877130708
lossy_v2v,random,66,332,0,1,0,11.114958937685527,-257.9704223215775
lossy_v2v,random,67,700,0,0,0,31.306519040881284,-493.47583208969047
lossy_v2v,random,68,700,0,0,0,43.50100594584977,-504.44771548146133
lossy_v2v,random,69,700,0,0,0,19.215716585035867,-529.7619150394491
lossy_v2v,random,70,700,0,0,0,40.19151626296741,-478.4986864020713
lossy_v2v,random,71,700,0,0,0,28.240851001437633,-531.2261773270533
lossy_v2v,random,72,645,0,1,1,6.795180363361175,-489.78180480031074
lossy_v2v,random,73,700,0,0,0,20.67551089296794,-539.3329371805354
lossy_v2v,random,74,289,0,1,0,15.203181340305965,-202.96163941895605
lossy_v2v,random,75,700,0,0,0,20.804069830473114,-534.8883363770327
lossy_v2v,random,76,700,0,0,0,25.64852606616915,-526.5087351466198
lossy_v2v,random,77,700,0,0,0,37.41600474585357,-475.08741548217864
lossy_v2v,random,78,700,0,0,0,33.170715769320836,-491.21536554904344
lossy_v2v,random,79,664,0,1,0,10.164090398124058,-455.76045804974126
lossy_v2v,random,80,700,0,0,0,10.066698059065207,-579.3548697688262
lossy_v2v,random,81,700,0,0,0,30.852924295989737,-554.739823455215
lossy_v2v,random,82,700,0,0,0,41.10837221845998,-464.62304412973333
lossy_v2v,random,83,76,1,0,1,4.465444969342217,-213.29346168970721
lossy_v2v,random,84,700,0,0,0,40.438895225626624,-478.11570412322243
lossy_v2v,random,85,700,0,0,0,58.15188890771416,-489.02301946350303
lossy_v2v,random,86,69,1,0,1,4.079901830891614,-270.16382619862304
lossy_v2v,random,87,700,0,0,0,27.611859331048063,-521.2985130885328
lossy_v2v,random,88,700,0,0,0,32.805927497480305,-520.8294439622894
lossy_v2v,random,89,700,0,0,0,25.78447372161134,-545.270437760704
lossy_v2v,random,90,700,0,0,0,21.19198711670641,-540.8809286907557
lossy_v2v,random,91,700,0,0,0,13.415714604408816,-585.4373187069813
lossy_v2v,random,92,68,1,0,1,3.939319301797837,-298.9346440846937
lossy_v2v,random,93,700,0,0,0,32.74676737633182,-500.3132440985743
lossy_v2v,random,94,700,0,0,0,46.3382399537976,-484.9580893656349
lossy_v2v,random,95,700,0,0,0,39.767979440024966,-500.5939953497366
lossy_v2v,random,96,251,0,1,0,11.776915776439393,-195.1506769923893
lossy_v2v,random,97,700,0,0,0,35.715678874367036,-507.80988685154085
lossy_v2v,random,98,545,0,1,0,19.823949935142736,-376.5863952146599
lossy_v2v,random,99,700,0,0,0,40.78232144367588,-491.3257873867031
lossy_v2v,random,100,700,0,0,0,17.821057143139175,-560.3637600475938
lossy_v2v,random,101,64,1,0,1,3.242131287417616,-116.80439154060673
lossy_v2v,random,102,62,1,0,1,4.48273693398679,-268.8357491854855
lossy_v2v,random,103,700,0,0,0,48.488596117555595,-503.0764338073274
lossy_v2v,random,104,700,0,0,0,35.38527846341406,-491.39186311289467
lossy_v2v,random,105,353,0,1,0,18.80049473593108,-268.64129874522155
lossy_v2v,random,106,435,0,1,1,6.356495860864468,-336.2824438809695
lossy_v2v,random,107,700,0,0,0,19.911312224974154,-577.5746985105039
lossy_v2v,random,108,693,0,1,0,20.951498155497955,-493.44127628110823
lossy_v2v,random,109,101,0,1,1,6.415943978496289,-109.51800744103892
lossy_v2v,random,110,700,0,0,0,8.001838487921605,-512.3405159769877
lossy_v2v,random,111,700,0,0,0,28.566695572652495,-514.4370936081142
lossy_v2v,random,112,700,0,0,0,31.350071626160545,-529.0603473866626
lossy_v2v,random,113,700,0,0,0,43.54679710671581,-477.0449960143755
lossy_v2v,random,114,700,0,0,1,7.863275415004567,-552.8412795290358
lossy_v2v,random,115,700,0,0,0,30.91588652267314,-501.0545790676163
lossy_v2v,random,116,136,0,1,0,11.414570004432115,-127.6070087834307
lossy_v2v,random,117,700,0,0,0,22.88364130992353,-516.087105210531
lossy_v2v,random,118,700,0,0,0,31.780535648053096,-516.9734488352816
lossy_v2v,random,119,245,0,1,1,5.747786154206095,-208.43061308757257
lossy_v2v,random,120,135,0,1,1,5.161081257711321,-73.68286685814786
lossy_v2v,random,121,700,0,0,0,44.150357136142325,-483.4711775858853
lossy_v2v,random,122,700,0,0,0,31.760849012523398,-482.42850429395344
lossy_v2v,random,123,700,0,0,0,10.43256192543429,-551.1953610555072
lossy_v2v,random,124,700,0,0,0,35.97633648781387,-490.3951530475763
lossy_v2v,random,125,700,0,0,0,23.856889949567634,-509.69754702959375
lossy_v2v,random,126,700,0,0,0,44.933223225844365,-493.37480116090023
lossy_v2v,random,127,700,0,0,0,39.878972302697186,-527.4949786150863
lossy_v2v,random,128,136,0,1,1,5.679484736115299,-134.00106362598996
lossy_v2v,random,129,700,0,0,0,34.11664774922978,-524.3875371467749
lossy_v2v,random,130,700,0,0,0,46.462326717101796,-496.2308696065183
lossy_v2v,random,131,700,0,0,0,28.78294429519908,-487.69897550986695
lossy_v2v,random,132,700,0,0,0,37.67263890236669,-496.15769190997287
lossy_v2v,random,133,123,0,1,1,7.85145896343529,-95.89174283469742
lossy_v2v,random,134,700,0,0,0,20.521440155976176,-513.3729957964541
lossy_v2v,random,135,700,0,0,0,15.934304467081542,-488.465767174418
lossy_v2v,random,136,700,0,0,0,49.43447807725251,-539.682540943157
lossy_v2v,random,137,700,0,0,0,12.649643442496114,-489.78378311365196
lossy_v2v,random,138,700,0,0,0,40.030431625686944,-491.10482955969655
lossy_v2v,random,139,700,0,0,0,16.900553691544264,-600.5721222374984
lossy_v2v,random,140,134,0,1,0,16.342596515822663,-94.17110272024226
lossy_v2v,random,141,700,0,0,0,42.05840238065497,-473.1382539952565
lossy_v2v,random,142,700,0,0,0,45.417109499465134,-492.9560272449457
lossy_v2v,random,143,700,0,0,0,31.6215596563926,-513.7802822437748
lossy_v2v,random,144,700,0,0,0,19.13509777842334,-534.4763873000969
lossy_v2v,random,145,700,0,0,0,16.646879004587912,-500.5467027986623
lossy_v2v,random,146,700,0,0,0,35.789975359920724,-457.87212708610997
lossy_v2v,random,147,700,0,0,0,22.583200327435375,-539.5169741267079
lossy_v2v,random,148,700,0,0,0,34.827464926695896,-482.97623069507995
lossy_v2v,random,149,700,0,0,0,35.81564067631366,-464.6506497953258
lossy_v2v,random,150,700,0,0,0,56.939494894745756,-485.1178494602128
lossy_v2v,random,151,700,0,0,0,52.89909192258072,-510.02139116449604
lossy_v2v,random,152,700,0,0,0,34.06950653272641,-489.5655006269417
lossy_v2v,random,153,133,0,1,0,11.379580963144754,-93.34294145656801
lossy_v2v,random,154,700,0,0,0,34.03095699573005,-492.51921153820643
lossy_v2v,random,155,700,0,0,0,23.567609607992424,-541.7200299842768
lossy_v2v,random,156,700,0,0,0,29.33276473528837,-521.394253237953
lossy_v2v,random,157,700,0,0,0,44.485948113685225,-515.7953396446276
lossy_v2v,random,158,700,0,0,0,23.36309304168728,-529.7116923846114
lossy_v2v,random,159,700,0,0,0,26.623842996465285,-526.9035374495298
lossy_v2v,random,160,700,0,0,0,35.67374737443236,-466.32453319073784
lossy_v2v,random,161,700,0,0,0,27.981035839310223,-507.50734264807045
lossy_v2v,random,162,700,0,0,0,41.588156615107586,-477.69213034130195
lossy_v2v,random,163,700,0,0,0,28.971191599927863,-477.506979625126
lossy_v2v,random,164,700,0,0,0,46.90418326364891,-512.4857640523006
lossy_v2v,random,165,700,0,0,0,37.04463547990722,-500.549470916908
lossy_v2v,random,166,700,0,0,0,19.21858884437612,-552.9985618911292
lossy_v2v,random,167,700,0,0,0,53.89028794943215,-482.34142874051827
lossy_v2v,random,168,700,0,0,0,44.41065190823627,-493.5472755783661
lossy_v2v,random,169,700,0,0,0,33.926405871267164,-522.9509597871306
lossy_v2v,random,170,700,0,0,0,16.399535445494827,-555.2109237146401
lossy_v2v,random,171,700,0,0,0,57.943407277158805,-499.8698906109737
lossy_v2v,random,172,684,0,1,0,20.492695667437143,-512.46151659987
lossy_v2v,random,173,700,0,0,0,40.812233973011466,-496.9966291939052
lossy_v2v,random,174,508,0,1,0,13.107599922850664,-360.5929669839285
lossy_v2v,random,175,700,0,0,0,42.29576393506078,-448.8671262619875
lossy_v2v,random,176,89,0,1,0,19.020781283455523,52.17426672996164
lossy_v2v,random,177,700,0,0,0,43.777986305289936,-492.844410761579
lossy_v2v,random,178,700,0,0,0,16.11827482501392,-509.51191681421324
lossy_v2v,random,179,105,0,1,1,7.335622884820188,-88.24987938260136
lossy_v2v,random,180,700,0,0,0,47.43079215888324,-501.23470196434505
lossy_v2v,random,181,700,0,0,0,33.01528213912392,-518.17683634156
lossy_v2v,random,182,700,0,0,0,31.41933099247114,-523.1527256612342
lossy_v2v,random,183,322,0,1,0,18.405359960838297,-213.2242125400515
lossy_v2v,random,184,700,0,0,0,28.775852410090646,-528.0804022777627
lossy_v2v,random,185,700,0,0,0,54.60184351425422,-507.7561340604941
lossy_v2v,random,186,700,0,0,0,22.051332031019907,-494.2377603827316
lossy_v2v,random,187,700,0,0,0,26.18000559043828,-521.4205939731238
lossy_v2v,random,188,700,0,0,0,55.31187826514571,-497.00472005869756
lossy_v2v,random,189,700,0,0,0,9.629679296014501,-578.6101284446636
lossy_v2v,random,190,645,0,1,0,9.27626779904711,-493.180020588857
lossy_v2v,random,191,700,0,0,0,37.12157877188143,-491.01168805363466
lossy_v2v,random,192,700,0,0,0,25.146242906346366,-539.4403885104498
lossy_v2v,random,193,415,0,1,0,12.494111382893498,-326.48146263127035
lossy_v2v,random,194,700,0,0,0,14.024799251592507,-575.8646114499755
lossy_v2v,random,195,700,0,0,0,18.068354813423852,-627.6774138632998
lossy_v2v,random,196,700,0,0,0,33.74077555841117,-460.60025698733114
lossy_v2v,random,197,700,0,0,0,43.739850024459166,-490.6644752249195
lossy_v2v,random,198,700,0,0,0,22.82048379135275,-508.4814375004924
lossy_v2v,random,199,700,0,0,0,45.212114789136976,-477.47571097365983
lossy_v2v,hold,0,100,0,1,1,7.216323861413761,-56.99863161236989
lossy_v2v,hold,1,104,0,1,0,20.350521052200765,-33.08191077749612
lossy_v2v,hold,2,69,1,0,1,3.7804303466934157,-235.55721959876195
lossy_v2v,hold,3,121,0,1,1,4.896775744537401,-87.42133215945
lossy_v2v,hold,4,91,0,1,1,6.879013972613114,22.174800475214568
lossy_v2v,hold,5,95,0,1,0,8.084426946095652,-50.89756536161252
lossy_v2v,hold,6,103,0,1,1,5.312930822346507,-67.06502946703834
lossy_v2v,hold,7,100,0,1,0,8.949189757776587,-57.0099092685393
lossy_v2v,hold,8,111,0,1,0,21.712587868603425,-35.21471727590435
lossy_v2v,hold,9,93,0,1,1,4.83670990446788,24.13660409694635
lossy_v2v,hold,10,91,0,1,0,11.443173335569103,22.685985477119434
lossy_v2v,hold,11,119,0,1,0,12.671293025750227,-67.38235567430306
lossy_v2v,hold,12,114,0,1,0,24.026158274541974,-37.27590562784346
lossy_v2v,hold,13,57,1,0,1,3.853317138464181,-209.31108481722003
lossy_v2v,hold,14,61,1,0,1,4.434351050204733,-125.28135360831986
lossy_v2v,hold,15,98,0,1,0,12.418808436531815,-44.96691737575114
lossy_v2v,hold,16,102,0,1,0,10.801466935820075,-53.04631743302235
lossy_v2v,hold,17,94,0,1,1,6.509952305358764,22.126482775010068
lossy_v2v,hold,18,108,0,1,0,16.33934393908495,-47.161833113859615
lossy_v2v,hold,19,108,0,1,0,19.706874035411605,-39.14018690102661
lossy_v2v,hold,20,113,0,1,0,15.758880269467285,-47.25086232498023
lossy_v2v,hold,21,58,1,0,1,4.054616651745194,-213.34457245539915
lossy_v2v,hold,22,110,0,1,0,9.326854992484172,-53.180654587691734
lossy_v2v,hold,23,98,0,1,0,12.343250067808967,-44.965809515291795
lossy_v2v,hold,24,111,0,1,1,7.230612154308038,-63.21123610847728
lossy_v2v,hold,25,118,0,1,1,6.374315413669682,-79.35147791083426
lossy_v2v,hold,26,105,0,1,0,8.341950951327009,-53.093187640663075
lossy_v2v,hold,27,98,0,1,1,6.00695496617326,-58.962268035216624
lossy_v2v,hold,28,94,0,1,1,5.135208306918052,-56.86748266195532
lossy_v2v,hold,29,123,0,1,0,15.478298308278937,-63.45338498832166
lossy_v2v,hold,30,115,0,1,0,16.33249015028442,-47.28594178801299
lossy_v2v,hold,31,92,0,1,0,11.398353248225382,23.15301089401516
lossy_v2v,hold,32,118,0,1,0,16.573204950450982,-57.35201525292345
lossy_v2v,hold,33,65,1,0,1,3.984296742447084,-225.47142620961023
lossy_v2v,hold,34,125,0,1,0,26.57110804150521,50.50079522105412
lossy_v2v,hold,35,67,1,0,1,3.9656304300276535,-229.5218751594915
lossy_v2v,hold,36,117,0,1,1,5.3867604900667825,-73.33484698961257
lossy_v2v,hold,37,98,0,1,0,13.43861623121763,-40.95629269696116
lossy_v2v,hold,38,65,1,0,1,4.312590062009257,-223.44554841405167
lossy_v2v,hold,39,105,0,1,0,13.342583441004951,-49.08309078197982
lossy_v2v,hold,40,59,1,0,1,4.434729375753078,-215.36159251783644
lossy_v2v,hold,41,91,0,1,0,10.864527985848095,-36.815613447040704
lossy_v2v,hold,42,62,1,0,1,4.296520764494491,-129.30277133796565
lossy_v2v,hold,43,60,1,0,1,4.350316324701112,-213.39453769760615
lossy_v2v,hold,44,120,0,1,0,10.344446034716725,-71.38398116174858
lossy_v2v,hold,45,62,1,0,1,3.7961096457257177,-197.4203746872916
lossy_v2v,hold,46,92,0,1,1,4.622245412025673,23.155135896116608
lossy_v2v,hold,47,97,0,1,0,8.780321261613187,-50.93235528173729
lossy_v2v,hold,48,109,0,1,0,11.017043968251864,-47.16603277241454
lossy_v2v,hold,49,110,0,1,0,13.095625886180828,-51.184309373202595
lossy_v2v,hold,50,96,0,1,0,8.37724602068488,-48.90187050499962
lossy_v2v,hold,51,56,1,0,1,3.490398442176297,-209.28239104836922
lossy_v2v,hold,52,101,0,1,1,6.602565251780321,-61.008867563389856
lossy_v2v,hold,53,125,0,1,0,22.732773650595103,-47.49075442567029
lossy_v2v,hold,54,115,0,1,0,18.47983795190747,-45.30054902951072
lossy_v2v,hold,55,94,0,1,0,13.050168522868205,-38.88496525061106
lossy_v2v,hold,56,97,0,1,0,15.01764701670992,21.553197767646413
lossy_v2v,hold,57,62,1,0,1,3.1338020712408037,-217.35535197863226
lossy_v2v,hold,58,112,0,1,0,21.229987694978764,-41.22671702531679
lossy_v2v,hold,59,102,0,1,0,17.452569502547043,-39.0261203549574
lossy_v2v,hold,60,111,0,1,1,6.618926593591141,-61.21755629378772
lossy_v2v,hold,61,109,0,1,0,12.466842908361633,-47.17984874351281
lossy_v2v,hold,62,101,0,1,1,6.3433241098063675,-63.0150526398167
lossy_v2v,hold,63,103,0,1,0,19.573215580029604,-33.04357027903957
lossy_v2v,hold,64,91,0,1,1,7.462216898258298,-46.82482165683216
lossy_v2v,hold,65,123,0,1,0,17.710919318936828,-59.456495092224884
lossy_v2v,hold,66,92,0,1,0,10.738017955112289,-34.82902608423508
lossy_v2v,hold,67,66,1,0,1,3.7180966811222214,-229.48145714406087
lossy_v2v,hold,68,105,0,1,0,11.886229313117731,-49.100408261913316
lossy_v2v,hold,69,62,1,0,1,4.031001786990233,-211.41613393707374
lossy_v2v,hold,70,109,0,1,0,16.20431287694482,-43.17325411248126
lossy_v2v,hold,71,114,0,1,0,8.623956412625484,-69.27309684271634
lossy_v2v,hold,72,94,0,1,1,4.581343722559835,21.620020636538253
lossy_v2v,hold,73,105,0,1,1,6.732280424537028,-63.09215202861441
lossy_v2v,hold,74,58,1,0,1,3.0093497151105937,-207.28259621151028
lossy_v2v,hold,75,70,1,0,1,4.054179157866692,-225.58271559015708
lossy_v2v,hold,76,95,0,1,0,8.868653653165522,-48.89636644613668
lossy_v2v,hold,77,96,0,1,1,7.5316195330903914,-52.90322973460948
lossy_v2v,hold,78,108,0,1,0,16.304388560892228,-45.141743836181135
lossy_v2v,hold,79,92,0,1,0,15.650340821817824,22.167364645612373
lossy_v2v,hold,80,59,1,0,1,4.2060675118700805,-211.35792162670788
lossy_v2v,hold,81,70,1,0,1,4.17390583297412,-131.4364433559716
lossy_v2v,hold,82,90,0,1,0,10.393602608928688,-34.791617449961706
lossy_v2v,hold,83,70,1,0,1,3.375298711911292,-237.51440715453077
lossy_v2v,hold,84,97,0,1,1,7.5994901434975635,-52.94129826300383
lossy_v2v,hold,85,123,0,1,0,15.649660084738581,-57.460088912693564
lossy_v2v,hold,86,65,1,0,1,3.8164719349058913,-129.36585995164523
lossy_v2v,hold,87,102,0,1,0,16.205107054029064,-37.04259456506958
lossy_v2v,hold,88,116,0,1,0,14.049791571579142,-57.31230517799219
lossy_v2v,hold,89,102,0,1,0,8.055821427772798,-59.03772648330121
lossy_v2v,hold,90,109,0,1,0,12.893056966171608,-53.18196537385816
lossy_v2v,hold,91,113,0,1,0,14.723470738353402,-57.247629096395315
lossy_v2v,hold,92,63,1,0,1,3.662432710165935,-223.39436557091048
lossy_v2v,hold,93,55,1,0,1,3.5444890643590656,-203.27312178889912
lossy_v2v,hold,94,115,0,1,0,14.582340364336794,-59.28170413907711
lossy_v2v,hold,95,103,0,1,0,18.154336140204727,-39.06180578796297
lossy_v2v,hold,96,97,0,1,1,7.407881116875455,-48.943997829092936
lossy_v2v,hold,97,60,1,0,1,3.8278963347904793,-215.3820915429991
lossy_v2v,hold,98,91,0,1,0,13.25555264684587,-34.824681612565584
lossy_v2v,hold,99,104,0,1,0,8.351499745782021,-55.0876368690063
lossy_v2v,hold,100,94,0,1,1,7.044414012429536,-52.88252840028798
lossy_v2v,hold,101,91,0,1,1,7.165399360691749,22.675212084847445
lossy_v2v,hold,102,118,0,1,0,10.819707897355775,-71.35229794593153
lossy_v2v,hold,103,112,0,1,0,9.38583074973205,-61.22280474721052
lossy_v2v,hold,104,94,0,1,0,9.815446920612716,-44.87932933551623
lossy_v2v,hold,105,100,0,1,0,19.686303657247773,-30.997459154945304
lossy_v2v,hold,106,58,1,0,1,4.2752639512221196,-126.73442642149045
lossy_v2v,hold,107,61,1,0,1,4.339795184767751,-211.3864433104253
lossy_v2v,hold,108,94,0,1,0,9.93684518012093,-44.86376871988864
lossy_v2v,hold,109,103,0,1,0,9.665231020284326,-57.059567589860094
lossy_v2v,hold,110,58,1,0,1,3.698920771303622,-211.26283433354155
lossy_v2v,hold,111,118,0,1,1,6.248869831471508,-77.35940756499417
lossy_v2v,hold,112,120,0,1,0,17.00377754366657,-59.39095722354057
lossy_v2v,hold,113,122,0,1,0,12.686916079153137,-59.43401647174423
lossy_v2v,hold,114,62,1,0,1,3.9017867453813886,-126.82974862644716
lossy_v2v,hold,115,98,0,1,1,5.421423224729802,-58.957982831875725
lossy_v2v,hold,116,117,0,1,0,14.496953430886814,-57.34404902872549
lossy_v2v,hold,117,93,0,1,1,7.7703297401071305,22.64081038649729
lossy_v2v,hold,118,92,0,1,0,11.904592780308873,-38.82294952645573
lossy_v2v,hold,119,56,1,0,1,3.614428120544197,-209.27510506913012
lossy_v2v,hold,120,61,1,0,1,3.9989985071734844,-126.76824486185728
lossy_v2v,hold,121,66,1,0,1,4.219677648360441,-128.3451229352966
lossy_v2v,hold,122,60,1,0,1,3.814652743393003,-128.79652030039
lossy_v2v,hold,123,61,1,0,1,3.8347281913610702,-219.36696532676893
lossy_v2v,hold,124,58,1,0,1,4.135139162769351,-207.34230949599802
lossy_v2v,hold,125,57,1,0,1,3.7630064913924146,-209.31809947761627
lossy_v2v,hold,126,125,0,1,0,29.775253707663683,50.50335200083309
lossy_v2v,hold,127,122,0,1,0,11.930083855427487,-69.44343883492063
lossy_v2v,hold,128,99,0,1,1,5.10339698264603,-60.98784411368155
lossy_v2v,hold,129,69,1,0,1,3.621215440187077,-131.4771182724348
lossy_v2v,hold,130,65,1,0,1,3.232256698225866,-221.46550452455634
lossy_v2v,hold,131,100,0,1,1,6.4132885637991475,-60.98960106085343
lossy_v2v,hold,132,119,0,1,0,16.452350830490282,-47.36646121966953
lossy_v2v,hold,133,55,1,0,1,3.546896530448555,-203.27848158257103
lossy_v2v,hold,134,56,1,0,1,3.609208543117365,-207.26864652845705
lossy_v2v,hold,135,68,1,0,1,4.344463211962191,-131.37937691614636
lossy_v2v,hold,136,119,0,1,0,10.173437817144938,-71.38363367870146
lossy_v2v,hold,137,59,1,0,1,3.2242407018802264,-207.290164233688
lossy_v2v,hold,138,102,0,1,0,10.762245495475876,-45.04030266921292
lossy_v2v,hold,139,108,0,1,0,15.402457495633929,-47.14390155790899
lossy_v2v,hold,140,60,1,0,1,4.30001554250623,-215.3858600037164
lossy_v2v,hold,141,97,0,1,0,19.610212187155305,-28.937429138790947
lossy_v2v,hold,142,124,0,1,1,5.292364906824348,-85.48167989047366
lossy_v2v,hold,143,108,0,1,0,17.626412484971734,-39.14743753190004
lossy_v2v,hold,144,61,1,0,1,4.468298229977095,-129.30336918016044
lossy_v2v,hold,145,101,0,1,1,5.065885930195634,18.976605334324546
lossy_v2v,hold,146,58,1,0,1,3.705303187767103,-213.33396418781388
lossy_v2v,hold,147,55,1,0,1,3.445843078284572,-203.2710501044084
lossy_v2v,hold,148,61,1,0,1,3.453485102587722,-211.39282923341008
lossy_v2v,hold,149,122,0,1,0,13.807940986899979,-61.420718947048314
lossy_v2v,hold,150,125,0,1,0,20.94154275877668,-55.49825983875523
lossy_v2v,hold,151,64,1,0,1,3.6204407390194793,-219.4505630840818
lossy_v2v,hold,152,115,0,1,0,13.766146190905884,-51.30483781131653
lossy_v2v,hold,153,91,0,1,1,7.252702327790309,-44.83200553856885
lossy_v2v,hold,154,102,0,1,0,13.311090008595285,-47.02990228349243
lossy_v2v,hold,155,112,0,1,0,18.790245876096265,-43.22408709540912
lossy_v2v,hold,156,119,0,1,0,8.705011443379908,-75.37085786592571
lossy_v2v,hold,157,114,0,1,0,19.76261634359582,-45.26259810598546
lossy_v2v,hold,158,55,1,0,1,4.129413630789599,-199.28160224725016
lossy_v2v,hold,159,95,0,1,1,5.9576077552515825,-54.893109168443104
lossy_v2v,hold,160,103,0,1,0,10.278711168379717,-51.04893575758429
lossy_v2v,hold,161,106,0,1,0,15.875061266871159,-45.10764151700464
lossy_v2v,hold,162,122,0,1,1,7.3470809786661775,-81.43269259459669
lossy_v2v,hold,163,95,0,1,0,9.229968487311691,21.603912940476864
lossy_v2v,hold,164,122,0,1,0,13.974689946216932,-65.43115641138205
lossy_v2v,hold,165,106,0,1,1,5.638414180850526,-65.1136168415587
lossy_v2v,hold,166,98,0,1,1,6.711950403885734,20.054963869156495
lossy_v2v,hold,167,120,0,1,0,16.284564995053252,-59.39187650304288
lossy_v2v,hold,168,73,1,0,1,4.458593385453566,-134.52522077115503
lossy_v2v,hold,169,105,0,1,0,13.361287034716254,-49.108262178616485
lossy_v2v,hold,170,96,0,1,1,6.25867844914757,-54.90187432608211
lossy_v2v,hold,171,121,0,1,0,18.99667826319218,-55.40192652743502
lossy_v2v,hold,172,118,0,1,0,20.03373524363738,-49.34079835609097
lossy_v2v,hold,173,122,0,1,0,18.33789554807445,-53.43665527393439
lossy_v2v,hold,174,56,1,0,1,3.962075099708243,-207.29384337960312
lossy_v2v,hold,175,103,0,1,0,13.00310054694255,-47.04043621436571
lossy_v2v,hold,176,92,0,1,0,13.824526308883485,24.157924684437827
lossy_v2v,hold,177,64,1,0,1,3.565794569239033,-221.45406844033062
lossy_v2v,hold,178,59,1,0,1,3.1315200608525027,-213.34437120947544
lossy_v2v,hold,179,56,1,0,1,3.437515086622103,-209.2952592888758
lossy_v2v,hold,180,102,0,1,0,8.591195256873712,-59.03745576138407
lossy_v2v,hold,181,96,0,1,1,5.198482065361002,-46.90295891045497
lossy_v2v,hold,182,118,0,1,0,9.861702915930604,-71.34557431876256
lossy_v2v,hold,183,91,0,1,1,5.094168960547339,-52.817950195921696
lossy_v2v,hold,184,125,0,1,0,12.940788896204191,-69.48283271271362
lossy_v2v,hold,185,115,0,1,0,15.00657228311993,-55.30369372917825
lossy_v2v,hold,186,63,1,0,1,3.9188576189536932,-215.4262741615224
lossy_v2v,hold,187,114,0,1,0,8.4507536250864,-71.27223736854963
lossy_v2v,hold,188,121,0,1,0,14.587414861083658,-57.40928015652736
lossy_v2v,hold,189,64,1,0,1,4.364874637978073,-223.45354507541686
lossy_v2v,hold,190,104,0,1,0,10.260424243463147,20.437689700282494
lossy_v2v,hold,191,90,0,1,0,11.400308014794406,-32.81301803799349
lossy_v2v,hold,192,99,0,1,0,13.969513307421574,-42.98797171448905
lossy_v2v,hold,193,65,1,0,1,3.700810760218431,-227.43310752048995
lossy_v2v,hold,194,93,0,1,0,11.860258236509175,-34.86827106978977
lossy_v2v,hold,195,75,1,0,1,3.9832507094509015,-247.6795974840011
lossy_v2v,hold,196,60,1,0,1,4.439743286094411,-128.26441136325565
lossy_v2v,hold,197,56,1,0,1,3.167999241190596,-207.28654907897902
lossy_v2v,hold,198,95,0,1,0,14.582629769953204,-28.903356050463472
lossy_v2v,hold,199,99,0,1,0,12.790981254558268,-44.97395854170125
lossy_v2v,full,0,51,1,0,1,3.73823738350962,-55.21172134241372
lossy_v2v,full,1,80,0,1,1,7.665610134229053,-200.6885786116251
lossy_v2v,full,2,80,0,1,0,14.904292171260828,137.2858177178655
lossy_v2v,full,3,81,0,1,0,15.566082720466843,137.58271124806407
lossy_v2v,full,4,79,0,1,0,14.452750332626028,151.32286669306745
lossy_v2v,full,5,49,1,0,1,4.170954073757171,-387.23667183159205
lossy_v2v,full,6,80,0,1,1,7.212461973554881,113.31369739996717
lossy_v2v,full,7,51,1,0,1,4.029828365351161,-63.21263266816475
lossy_v2v,full,8,80,0,1,1,6.098561814088082,-206.40691172759063
lossy_v2v,full,9,79,0,1,0,12.775312424475517,141.31908635414868
lossy_v2v,full,10,79,0,1,0,18.35654938294394,151.32348808206217
lossy_v2v,full,11,81,0,1,1,6.861882621105369,83.28820556130557
lossy_v2v,full,12,80,0,1,1,7.638376921754023,-212.71542502242613
lossy_v2v,full,13,79,0,1,1,5.073862125348359,119.31877234101215
lossy_v2v,full,14,79,0,1,0,12.851037688459517,135.316824639168
lossy_v2v,full,15,48,1,0,1,4.472243510606533,-381.26263730934005
lossy_v2v,full,16,50,1,0,1,2.6880704083706823,-393.23581838512064
lossy_v2v,full,17,79,0,1,0,14.607387919018963,149.31763630806515
lossy_v2v,full,18,49,1,0,1,3.8664832638644304,-387.2696733107704
lossy_v2v,full,19,80,0,1,1,5.489328662380125,-218.69724363561022
lossy_v2v,full,20,50,1,0,1,3.4236684387422103,-380.66405524910476
lossy_v2v,full,21,79,0,1,0,8.051810685243225,135.31377110196854
lossy_v2v,full,22,80,0,1,1,4.965564536074543,119.59724623426962
lossy_v2v,full,23,48,1,0,1,4.370149232589207,-381.2625459394053
lossy_v2v,full,24,80,0,1,0,8.871799258335152,129.59343638915226
lossy_v2v,full,25,81,0,1,0,10.880186561803654,115.29221800990734
lossy_v2v,full,26,52,1,0,1,4.290594858884828,-37.205606503909934
lossy_v2v,full,27,51,1,0,1,4.347683985043926,-47.2070538585746
lossy_v2v,full,28,51,1,0,1,4.200046879253521,-39.19717436528743
lossy_v2v,full,29,81,0,1,1,5.121669894074794,59.27792631281558
lossy_v2v,full,30,50,1,0,1,3.6729011761056043,-374.66915597768536
lossy_v2v,full,31,79,0,1,0,18.665692682214765,147.3209522469239
lossy_v2v,full,32,51,1,0,1,3.9117811331098458,-399.259841694769
lossy_v2v,full,33,80,0,1,0,11.300459044024963,129.3049896547484
lossy_v2v,full,34,81,0,1,1,6.340003796693127,-163.52825860407387
lossy_v2v,full,35,80,0,1,0,13.739122367899226,135.5942474734181
lossy_v2v,full,36,81,0,1,0,13.883850659165267,146.19470300978475
lossy_v2v,full,37,48,1,0,1,4.449607695406313,-375.2618009162753
lossy_v2v,full,38,80,0,1,0,14.886491894973368,149.30903306030444
lossy_v2v,full,39,49,1,0,1,3.807129041347791,-387.2598520869019
lossy_v2v,full,40,79,0,1,0,9.95667216354785,135.31032917888177
lossy_v2v,full,41,48,1,0,1,4.332676501229475,-363.24700074705754
lossy_v2v,full,42,79,0,1,0,13.77301983791272,149.31328984646296
lossy_v2v,full,43,79,0,1,1,7.533386582716606,139.30465658337542
lossy_v2v,full,44,81,0,1,0,8.501634215690247,97.58745617560729
lossy_v2v,full,45,80,0,1,0,10.047576266248072,127.31671848876026
lossy_v2v,full,46,79,0,1,0,11.544109387991005,147.32106900528112
lossy_v2v,full,47,49,1,0,1,4.430476998113521,-387.2408709059598
lossy_v2v,full,48,53,1,0,1,4.2210108971191085,-32.89729889348665
lossy_v2v,full,49,51,1,0,1,3.4111964328925772,-386.93672259729544
lossy_v2v,full,50,49,1,0,1,4.2669720662583295,-381.237805195105
lossy_v2v,full,51,79,0,1,1,6.640358187085341,135.32283717742098
lossy_v2v,full,52,79,0,1,1,5.253163424957413,103.30185059492882
lossy_v2v,full,53,50,1,0,1,4.161769604113053,-386.99770453193037
lossy_v2v,full,54,50,1,0,1,3.013165384839577,-386.97069358205357
lossy_v2v,full,55,79,0,1,1,4.585920480307177,-218.6831022742332
lossy_v2v,full,56,79,0,1,0,24.92049324639549,59.31007567055753
lossy_v2v,full,57,79,0,1,0,12.722323876188252,147.30710400280233
lossy_v2v,full,58,80,0,1,1,5.557123452847013,-224.70880835386043
lossy_v2v,full,59,80,0,1,1,5.854156775488638,-218.68201864549144
lossy_v2v,full,60,80,0,1,1,7.852800107833682,135.59280437062125
lossy_v2v,full,61,52,1,0,1,3.668478650907926,-46.91710607572812
lossy_v2v,full,62,80,0,1,1,6.106781732733,103.31975578881466
lossy_v2v,full,63,80,0,1,1,7.440633380846817,-200.68440914226744
lossy_v2v,full,64,48,1,0,1,4.130722192911268,-381.24751231426825
lossy_v2v,full,65,52,1,0,1,3.6455539163290935,-405.25603058435354
lossy_v2v,full,66,48,1,0,1,4.122200280639833,-357.2484607738588
lossy_v2v,full,67,80,0,1,0,13.858358354972303,145.3021758239906
lossy_v2v,full,68,51,1,0,1,3.1124494520504076,-381.2247007944145
lossy_v2v,full,69,80,0,1,0,11.72016283825072,141.31734417321863
lossy_v2v,full,70,49,1,0,1,4.123893967823248,-368.971634400345
lossy_v2v,full,71,80,0,1,0,9.225304804885203,111.58487325564077
lossy_v2v,full,72,79,0,1,0,12.24818752938441,151.31721939590568
lossy_v2v,full,73,80,0,1,1,6.194728836876294,111.30969307417166
lossy_v2v,full,74,79,0,1,0,9.295318717220658,145.32047618826206
lossy_v2v,full,75,81,0,1,0,15.388737148684307,141.8986512017118
lossy_v2v,full,76,49,1,0,1,3.7170318149667922,-381.2365953050723
lossy_v2v,full,77,49,1,0,1,4.391333462568028,-387.23790534886575
lossy_v2v,full,78,49,1,0,1,3.878973775659969,-381.26778914356805
lossy_v2v,full,79,79,0,1,0,22.931605752918905,151.32174091459407
lossy_v2v,full,80,79,0,1,0,8.483181149024986,147.31077221746625
lossy_v2v,full,81,80,0,1,0,18.869456425741244,145.30407487594613
lossy_v2v,full,82,48,1,0,1,4.281203109324296,-357.2449133398852
lossy_v2v,full,83,80,0,1,0,17.426036482230217,153.29197335217626
lossy_v2v,full,84,51,1,0,1,3.4731762500080863,-393.20472299834387
lossy_v2v,full,85,81,0,1,1,4.856376774994838,78.17715701001875
lossy_v2v,full,86,79,0,1,0,14.948738498409549,143.30182750604433
lossy_v2v,full,87,49,1,0,1,4.298021679117186,-363.25388664441186
lossy_v2v,full,88,81,0,1,1,4.523183625133106,77.89783945968779
lossy_v2v,full,89,80,0,1,1,4.835300083824566,95.31694714505238
lossy_v2v,full,90,51,1,0,1,3.8885615582357067,-386.93572165844836
lossy_v2v,full,91,52,1,0,1,3.321120503465882,-405.2269088317565
lossy_v2v,full,92,80,0,1,0,12.491888527168905,151.319106377947
lossy_v2v,full,93,79,0,1,1,5.4360365319041115,147.32490353806492
lossy_v2v,full,94,52,1,0,1,4.19420050689054,-93.2319099093765
lossy_v2v,full,95,80,0,1,1,5.727190030435803,-218.68601815776168
lossy_v2v,full,96,51,1,0,1,3.271728125006463,-381.20491984170445
lossy_v2v,full,97,79,0,1,0,8.155395017370692,133.30634419755944
lossy_v2v,full,98,79,0,1,1,6.344492999273925,-206.67710453403163
lossy_v2v,full,99,80,0,1,1,5.0617695476332765,115.31092105028098
lossy_v2v,full,100,49,1,0,1,4.238422348913727,-387.2349450580829
lossy_v2v,full,101,79,0,1,0,14.39989268060739,149.3228895602693
lossy_v2v,full,102,81,0,1,0,8.814607221858592,91.29212689489654
lossy_v2v,full,103,80,0,1,1,5.968391790760155,101.59157934937554
lossy_v2v,full,104,48,1,0,1,4.117577044816982,-381.2531386668073
lossy_v2v,full,105,79,0,1,0,8.806626648496584,-194.69642659837862
lossy_v2v,full,106,79,0,1,0,9.816018736023123,147.32475557706223
lossy_v2v,full,107,79,0,1,1,6.921083423750561,131.30436755860993
lossy_v2v,full,108,48,1,0,1,3.9376129809819664,-381.2521347561216
lossy_v2v,full,109,52,1,0,1,3.8423636775469165,-61.20102066969349
lossy_v2v,full,110,79,0,1,0,10.077802510732171,149.32226365495248
lossy_v2v,full,111,81,0,1,0,12.173230354912521,127.89133693722285
lossy_v2v,full,112,52,1,0,1,4.434460358488899,-101.24690591517664
lossy_v2v,full,113,81,0,1,1,6.1985861792142805,100.48068569748409
lossy_v2v,full,114,79,0,1,0,12.720905046373366,139.31019409204703
lossy_v2v,full,115,79,0,1,1,5.283582424782443,117.30847711522547
lossy_v2v,full,116,81,0,1,1,5.269372795925075,86.19367174678074
lossy_v2v,full,117,79,0,1,0,15.519188834681788,147.31936067738025
lossy_v2v,full,118,79,0,1,1,4.731675311687293,-218.67772689705822
lossy_v2v,full,119,79,0,1,1,7.568312019871343,143.32349953916997
lossy_v2v,full,120,79,0,1,0,11.535251528306823,143.31813551381427
lossy_v2v,full,121,79,0,1,0,15.895728724576383,141.30316025411733
lossy_v2v,full,122,79,0,1,0,11.197065160376784,151.3165003084349
lossy_v2v,full,123,79,0,1,0,10.840793844512154,151.30696462309743
lossy_v2v,full,124,79,0,1,0,8.669674808104599,145.31404900926339
lossy_v2v,full,125,79,0,1,1,5.098038757381135,119.3180207702554
lossy_v2v,full,126,81,0,1,0,10.30662062297649,-189.927969935389
lossy_v2v,full,127,81,0,1,1,7.542463032027294,89.57959550670336
lossy_v2v,full,128,79,0,1,1,5.898730724983597,117.30518497031169
lossy_v2v,full,129,80,0,1,0,18.030245296685663,145.59914380887085
lossy_v2v,full,130,80,0,1,0,11.40197996234798,147.30591491803807
lossy_v2v,full,131,79,0,1,1,5.033662809722861,103.30420839912293
lossy_v2v,full,132,52,1,0,1,4.280079732884589,-64.34364335470931
lossy_v2v,full,133,52,1,0,1,4.397557698070122,-11.172392739126948
lossy_v2v,full,134,79,0,1,1,7.531149890239329,149.3240866792312
lossy_v2v,full,135,80,0,1,0,17.38695684666613,151.31456727992062
lossy_v2v,full,136,81,0,1,1,7.575052972210433,91.2880647642108
lossy_v2v,full,137,79,0,1,0,10.031815423363984,143.3183912861702
lossy_v2v,full,138,50,1,0,1,3.856959122885477,-369.23528241606823
lossy_v2v,full,139,49,1,0,1,3.8620974810187256,-387.26799079980435
lossy_v2v,full,140,79,0,1,1,7.511276358641728,119.30583321983505
lossy_v2v,full,141,79,0,1,0,10.183211068394725,-188.68924087470273
lossy_v2v,full,142,81,0,1,0,15.615813044863634,150.17419578482406
lossy_v2v,full,143,49,1,0,1,3.7833489931198696,-369.2683212646633
lossy_v2v,full,144,79,0,1,0,12.26540104680337,151.31455359564794
lossy_v2v,full,145,80,0,1,0,17.246486480054465,151.31908842674596
lossy_v2v,full,146,79,0,1,1,7.833849382225484,135.3150690328617
lossy_v2v,full,147,51,1,0,1,3.9891118263066514,-19.19010463929709
lossy_v2v,full,148,79,0,1,0,9.315681848373698,143.30351610221197
lossy_v2v,full,149,81,0,1,1,5.215448151240309,79.88222425406049
lossy_v2v,full,150,51,1,0,1,4.287863676762813,-399.2801519172786
lossy_v2v,full,151,80,0,1,0,12.414837319909909,147.30961220887588
lossy_v2v,full,152,51,1,0,1,4.350710331017912,-70.65274503277013
lossy_v2v,full,153,48,1,0,1,4.3651880432187,-375.24791141880917
lossy_v2v,full,154,49,1,0,1,3.1300899826077355,-387.25275564902387
lossy_v2v,full,155,49,1,0,1,4.19320665980066,-380.97894773017543
lossy_v2v,full,156,81,0,1,0,8.637986212782069,99.2894722690082
lossy_v2v,full,157,49,1,0,1,4.423030258864436,-387.2844118342638
lossy_v2v,full,158,50,1,0,1,4.401466635664795,-23.209481689560207
lossy_v2v,full,159,50,1,0,1,4.327843305903215,-49.217987393730425
lossy_v2v,full,160,50,1,0,1,4.171273187017158,-381.23688256684545
lossy_v2v,full,161,49,1,0,1,3.5376641505030055,-387.26301347780975
lossy_v2v,full,162,81,0,1,0,12.937440039831042,121.58083887335236
lossy_v2v,full,163,79,0,1,0,17.6133411362265,149.31542252811553
lossy_v2v,full,164,81,0,1,1,5.721142343891933,67.28101661355905
lossy_v2v,full,165,80,0,1,0,8.969297465872378,125.30681744366105
lossy_v2v,full,166,79,0,1,0,16.766078818912327,151.30941141323808
lossy_v2v,full,167,52,1,0,1,4.4977647903269355,-101.24700634066855
lossy_v2v,full,168,80,0,1,0,20.713936406890298,149.88680987147416
lossy_v2v,full,169,50,1,0,1,2.7957541066150653,-387.2438559787129
lossy_v2v,full,170,51,1,0,1,4.347285268400024,-41.20100547665869
lossy_v2v,full,171,51,1,0,1,3.2407568395310107,-399.26704870713854
lossy_v2v,full,172,50,1,0,1,3.4197657608073473,-393.2769953728988
lossy_v2v,full,173,51,1,0,1,3.798882014395326,-392.97161961847155
lossy_v2v,full,174,79,0,1,1,7.265534806875737,141.3217960563997
lossy_v2v,full,175,49,1,0,1,3.2670970993732222,-387.2545326071497
lossy_v2v,full,176,79,0,1,0,21.35996384643393,143.32122223540867
lossy_v2v,full,177,80,0,1,0,11.396334713061671,149.30905580312213
lossy_v2v,full,178,79,0,1,1,7.3480755891434315,141.31240761264948
lossy_v2v,full,179,79,0,1,1,5.891506507031017,127.32166733737493
lossy_v2v,full,180,52,1,0,1,3.9988665499407365,-63.19822873121241
lossy_v2v,full,181,52,1,0,1,4.117098493931374,-9.182685393401968
lossy_v2v,full,182,81,0,1,0,8.532835396016148,99.29287396458193
lossy_v2v,full,183,50,1,0,1,3.500376555469524,-393.2103305664399
lossy_v2v,full,184,81,0,1,0,9.293975366560217,95.87358985501615
lossy_v2v,full,185,51,1,0,1,4.247486820141297,-392.9526246030711
lossy_v2v,full,186,80,0,1,0,9.640408097004377,139.31448278300482
lossy_v2v,full,187,80,0,1,0,8.631800520577224,105.28496452723371
lossy_v2v,full,188,81,0,1,1,6.207345620005815,100.48411731507177
lossy_v2v,full,189,80,0,1,0,12.800956585055559,151.30913887691793
lossy_v2v,full,190,80,0,1,0,23.263945934308644,145.31313405148097
lossy_v2v,full,191,79,0,1,1,4.933832527554326,-200.67571562011122
lossy_v2v,full,192,49,1,0,1,3.645208901005108,-381.2468254460805
lossy_v2v,full,193,80,0,1,0,14.60063688794104,153.3109192549311
lossy_v2v,full,194,48,1,0,1,4.219411341517313,-357.25163159150776
lossy_v2v,full,195,81,0,1,0,18.498383291316326,139.275816692216
lossy_v2v,full,196,79,0,1,0,12.191407343389052,149.31976562407567
lossy_v2v,full,197,79,0,1,1,6.245664271301934,141.32245917463825
lossy_v2v,full,198,79,0,1,1,5.829624617306584,-188.6850550250338
lossy_v2v,full,199,48,1,0,1,4.4080160579066465,-381.264081513608
lossy_v2v,rule,0,128,0,1,0,27.82037707101819,26.049383689182225
lossy_v2v,rule,1,120,0,1,0,33.94446990393683,32.01958502405762
lossy_v2v,rule,2,140,0,1,0,25.813542536730342,8.199015231942184
lossy_v2v,rule,3,141,0,1,0,25.073378992288855,6.4840724806409895
lossy_v2v,rule,4,79,0,1,0,14.313743683656035,148.71752003168098
lossy_v2v,rule,5,125,0,1,0,30.935150706993248,30.794755480426492
lossy_v2v,rule,6,132,0,1,0,27.691011155763714,21.569435488411045
lossy_v2v,rule,7,128,0,1,0,31.315689328889807,26.053636392884325
lossy_v2v,rule,8,120,0,1,0,32.97632413786037,28.504733128794225
lossy_v2v,rule,9,80,0,1,0,11.97246962705486,140.70121270829736
lossy_v2v,rule,10,79,0,1,0,18.249512960221782,148.71826569847462
lossy_v2v,rule,11,133,0,1,0,29.013847373019082,8.747724160948962
lossy_v2v,rule,12,120,0,1,0,33.85114877811936,25.19406186094314
lossy_v2v,rule,13,129,0,1,0,30.87048188120237,31.023143274925957
lossy_v2v,rule,14,81,0,1,0,11.518043865808648,134.69582159792003
lossy_v2v,rule,15,122,0,1,0,31.49848413185444,34.25813069622832
lossy_v2v,rule,16,125,0,1,0,28.910793626791218,27.791177805002032
lossy_v2v,rule,17,79,0,1,0,14.353888419767076,146.7050617440869
lossy_v2v,rule,18,124,0,1,0,31.60631978480818,20.734380252292105
lossy_v2v,rule,19,121,0,1,0,33.308248320070575,25.181236372680026
lossy_v2v,rule,20,125,0,1,0,29.189826443668096,24.998682425914918
lossy_v2v,rule,21,132,0,1,0,29.049118926611232,28.27065347969691
lossy_v2v,rule,22,130,0,1,0,26.257362833291356,29.214804020071085
lossy_v2v,rule,23,122,0,1,0,30.657867533874075,34.266712666491564
lossy_v2v,rule,24,134,0,1,0,27.551710683873644,26.02584725065943
lossy_v2v,rule,25,138,0,1,0,24.58556099404528,8.942900565946609
lossy_v2v,rule,26,128,0,1,0,26.77910826157541,28.63631740034383
lossy_v2v,rule,27,128,0,1,0,27.78316533304735,28.0509999951285
lossy_v2v,rule,28,128,0,1,0,30.89025654434528,30.05455593474939
lossy_v2v,rule,29,131,0,1,0,28.98531010898474,9.472218619001993
lossy_v2v,rule,30,125,0,1,0,28.83222802129591,25.301654897248817
lossy_v2v,rule,31,79,0,1,0,18.31803516065645,144.70376359507827
lossy_v2v,rule,32,128,0,1,0,29.87348877448759,15.949928058793077
lossy_v2v,rule,33,135,0,1,0,28.166518278359913,14.703661373628876
lossy_v2v,rule,34,121,0,1,0,31.773098297116785,41.99840053650402
lossy_v2v,rule,35,138,0,1,0,27.213907581017676,12.235991259843821
lossy_v2v,rule,36,139,0,1,0,26.30611056895733,18.12826271925385
lossy_v2v,rule,37,122,0,1,0,31.48974958331872,34.25938416152228
lossy_v2v,rule,38,139,0,1,0,25.16452958876748,21.62353623220111
lossy_v2v,rule,39,125,0,1,0,30.196243566740765,25.804277913792973
lossy_v2v,rule,40,133,0,1,0,28.88756169698037,24.545567373199507
lossy_v2v,rule,41,121,0,1,0,31.629658248725608,39.992302070612226
lossy_v2v,rule,42,80,0,1,0,13.433646184654265,146.71774980259522
lossy_v2v,rule,43,132,0,1,0,24.86446093170716,28.95601155277273
lossy_v2v,rule,44,135,0,1,0,27.027060877369966,10.007748271644324
lossy_v2v,rule,45,132,0,1,0,25.82967062560788,39.069729114177164
lossy_v2v,rule,46,79,0,1,0,11.202019664857138,144.70395040844983
lossy_v2v,rule,47,126,0,1,0,31.17073110141075,30.796402393571057
lossy_v2v,rule,48,128,0,1,0,28.58881773296393,31.95028368429057
lossy_v2v,rule,49,127,0,1,0,29.384764363090714,24.26722843097723
lossy_v2v,rule,50,125,0,1,0,31.18688962849239,30.800227972421794
lossy_v2v,rule,51,129,0,1,0,26.773394842325,33.01343174197708
lossy_v2v,rule,52,130,0,1,0,29.339581876446953,24.31456084322725
lossy_v2v,rule,53,125,0,1,0,31.258172964877406,16.013085574329338
lossy_v2v,rule,54,123,0,1,0,29.62132249164377,21.73157524911978
lossy_v2v,rule,55,120,0,1,0,32.39702210296387,37.99828489437892
lossy_v2v,rule,56,81,0,1,0,23.74529727268882,62.67494480637197
lossy_v2v,rule,57,136,0,1,0,27.207468000584942,25.474680047289635
lossy_v2v,rule,58,121,0,1,0,32.65764656095602,24.182061594252296
lossy_v2v,rule,59,120,0,1,0,33.154213688295705,31.293522354060393
lossy_v2v,rule,60,133,0,1,0,24.411766978688455,28.748052447455
lossy_v2v,rule,61,128,0,1,0,30.042026330947333,31.952757125684442
lossy_v2v,rule,62,130,0,1,0,29.80352701591283,24.306582094636806
lossy_v2v,rule,63,119,0,1,0,33.61448088136415,32.02261791248338
lossy_v2v,rule,64,123,0,1,0,29.7393112035236,38.247099531849535
lossy_v2v,rule,65,129,0,1,0,29.66196373940033,12.2382346573375
lossy_v2v,rule,66,121,0,1,0,31.232492043560516,39.98798142738224
lossy_v2v,rule,67,140,0,1,0,25.028817403545535,12.909843953469633
lossy_v2v,rule,68,127,0,1,0,30.985326507807162,27.674529990374474
lossy_v2v,rule,69,135,0,1,0,27.156411185650505,27.204831023477446
lossy_v2v,rule,70,124,0,1,0,30.852231960678562,32.732611705230084
lossy_v2v,rule,71,134,0,1,0,28.220553453353716,15.712678583351888
lossy_v2v,rule,72,79,0,1,0,12.128266377214906,148.71086262855664
lossy_v2v,rule,73,130,0,1,0,27.187958067521606,24.19264065681446
lossy_v2v,rule,74,132,0,1,0,27.659607745243893,33.95949011038882
lossy_v2v,rule,75,82,0,1,0,14.487555956295207,144.07484160228242
lossy_v2v,rule,76,125,0,1,0,31.992608706652547,34.49777702850105
lossy_v2v,rule,77,125,0,1,0,29.60479544680332,30.796053820088925
lossy_v2v,rule,78,124,0,1,0,31.990453716979736,24.73251353411006
lossy_v2v,rule,79,79,0,1,0,22.808541295842733,148.7161690975129
lossy_v2v,rule,80,133,0,1,0,24.92322082263643,28.23328181507839
lossy_v2v,rule,81,81,0,1,0,18.024783820364334,144.8849048263246
lossy_v2v,rule,82,119,0,1,0,31.521200117574313,43.712365178702036
lossy_v2v,rule,83,80,0,1,0,17.311589345043952,153.18637092964684
lossy_v2v,rule,84,127,0,1,0,31.04892778368706,30.777066029807234
lossy_v2v,rule,85,130,0,1,0,28.084802501489634,18.815369592315715
lossy_v2v,rule,86,81,0,1,0,14.043397622957354,142.69616969732206
lossy_v2v,rule,87,121,0,1,0,32.13762557678078,31.27255140783841
lossy_v2v,rule,88,130,0,1,0,29.943014566920322,19.508534191643733
lossy_v2v,rule,89,129,0,1,0,30.33385120360847,26.028474951856168
lossy_v2v,rule,90,127,0,1,0,29.78862024649254,24.26573373049841
lossy_v2v,rule,91,127,0,1,0,30.93218598305959,17.96001726655485
lossy_v2v,rule,92,139,0,1,0,25.23858024667313,19.024345019586004
lossy_v2v,rule,93,129,0,1,0,28.75428912761015,36.73081057446165
lossy_v2v,rule,94,128,0,1,0,30.449125157570627,17.945966792432074
lossy_v2v,rule,95,120,0,1,0,32.95556085003114,29.308799914043206
lossy_v2v,rule,96,127,0,1,0,30.04224869850686,30.77592284931561
lossy_v2v,rule,97,131,0,1,0,27.417904237766116,28.971733210340815
lossy_v2v,rule,98,119,0,1,0,32.79250827966435,38.03665299685821
lossy_v2v,rule,99,129,0,1,0,28.71177941055279,28.717650492885046
lossy_v2v,rule,100,126,0,1,0,30.366181931880202,31.786297956602414
lossy_v2v,rule,101,79,0,1,0,14.17353152209745,146.71220538437703
lossy_v2v,rule,102,134,0,1,0,28.876384091790797,9.711956693941367
lossy_v2v,rule,103,131,0,1,0,26.806451047493912,18.773588674438276
lossy_v2v,rule,104,123,0,1,0,31.165442226460797,33.548047108247204
lossy_v2v,rule,105,118,0,1,0,34.01380054242826,35.75874099870127
lossy_v2v,rule,106,79,0,1,0,9.51605061760493,144.70984892329957
lossy_v2v,rule,107,131,0,1,0,28.494469730432716,25.284252827411535
lossy_v2v,rule,108,123,0,1,0,30.94655637027895,33.543499958855186
lossy_v2v,rule,109,127,0,1,0,30.781910242147276,25.05131062429099
lossy_v2v,rule,110,134,0,1,0,28.0020714306485,31.23861322173635
lossy_v2v,rule,111,138,0,1,0,24.968728075508807,13.24705541534859
lossy_v2v,rule,112,128,0,1,0,30.649236996859862,12.232066828658802
lossy_v2v,rule,113,132,0,1,0,26.13576200335441,18.354999026458415
lossy_v2v,rule,114,81,0,1,0,11.606704673717406,140.6951081840941
lossy_v2v,rule,115,129,0,1,0,29.016519625560814,28.022712964123183
lossy_v2v,rule,116,130,0,1,0,30.135910316897743,20.81650271805504
lossy_v2v,rule,117,80,0,1,0,15.114013307600676,144.71976101607038
lossy_v2v,rule,118,120,0,1,0,32.73007844456627,40.00129985001977
lossy_v2v,rule,119,131,0,1,0,29.66861001515782,30.279468018419553
lossy_v2v,rule,120,80,0,1,0,10.90568215068564,142.70551510865948
lossy_v2v,rule,121,81,0,1,0,14.762762558757874,142.69001044470534
lossy_v2v,rule,122,79,0,1,0,11.064059858571037,148.71002369317407
lossy_v2v,rule,123,136,0,1,0,24.663151170666932,21.795368014769558
lossy_v2v,rule,124,131,0,1,0,29.023340795323264,30.98111588632051
lossy_v2v,rule,125,130,0,1,0,29.010646506110678,31.015926560491383
lossy_v2v,rule,126,119,0,1,0,34.31565086628262,33.42491625885723
lossy_v2v,rule,127,134,0,1,0,26.35945830825034,9.032397313681798
lossy_v2v,rule,128,130,0,1,0,28.063326253298943,28.01456764627612
lossy_v2v,rule,129,81,0,1,0,17.26973397058278,145.18397212038107
lossy_v2v,rule,130,137,0,1,0,24.284810158602276,22.379002885317718
lossy_v2v,rule,131,129,0,1,0,29.40835854426316,28.033254385967012
lossy_v2v,rule,132,128,0,1,0,30.020605379198784,25.44473953476277
lossy_v2v,rule,133,128,0,1,0,28.53995726418787,35.75658442617558
lossy_v2v,rule,134,131,0,1,0,28.32066667167838,33.980333660010785
lossy_v2v,rule,135,80,0,1,0,16.979605895778903,148.69629334212522
lossy_v2v,rule,136,133,0,1,0,25.156922156926896,12.436214528909836
lossy_v2v,rule,137,134,0,1,0,25.894935403255403,33.93076684343982
lossy_v2v,rule,138,127,0,1,0,30.869986471172858,31.4782061750414
lossy_v2v,rule,139,124,0,1,0,30.251055119040387,20.730033162403878
lossy_v2v,rule,140,131,0,1,0,28.91969300254241,25.28358982231956
lossy_v2v,rule,141,117,0,1,0,34.870420017817445,38.065219790627374
lossy_v2v,rule,142,143,0,1,0,24.617451485443343,8.039025817501496
lossy_v2v,rule,143,123,0,1,0,32.235431657129745,31.455920571104617
lossy_v2v,rule,144,79,0,1,0,12.138421917837015,148.70776410931194
lossy_v2v,rule,145,80,0,1,0,17.045438861212737,150.7104544800892
lossy_v2v,rule,146,132,0,1,0,27.68992130851003,28.2571138841472
lossy_v2v,rule,147,127,0,1,0,30.400793318882855,34.75672308971344
lossy_v2v,rule,148,132,0,1,0,27.45262988087736,29.96805617372139
lossy_v2v,rule,149,131,0,1,0,27.3324498391708,15.777568073419118
lossy_v2v,rule,150,127,0,1,0,31.414649767919897,12.96183274449092
lossy_v2v,rule,151,137,0,1,0,26.447964048797324,20.677926040712094
lossy_v2v,rule,152,128,0,1,0,27.36464908990583,24.84179506984949
lossy_v2v,rule,153,124,0,1,0,29.92797120692386,38.23737909728898
lossy_v2v,rule,154,124,0,1,0,31.189474871647423,29.53484613000376
lossy_v2v,rule,155,124,0,1,0,32.25951043105382,22.732915380762673
lossy_v2v,rule,156,135,0,1,0,24.548779812296036,9.715569542084658
lossy_v2v,rule,157,123,0,1,0,32.17561688816268,21.437413018316157
lossy_v2v,rule,158,127,0,1,0,30.086567763420064,37.47818142308279
lossy_v2v,rule,159,127,0,1,0,29.457648416240556,31.76514473166118
lossy_v2v,rule,160,127,0,1,0,29.511997737446134,27.77500406416064
lossy_v2v,rule,161,123,0,1,0,31.576316622035975,24.43667557071841
lossy_v2v,rule,162,139,0,1,0,25.623481036665225,9.226531751616172
lossy_v2v,rule,163,79,0,1,0,17.34363467271969,146.7021100374874
lossy_v2v,rule,164,131,0,1,0,27.38068278218498,13.186514268762572
lossy_v2v,rule,165,133,0,1,0,28.05936232259672,24.159270256325847
lossy_v2v,rule,166,79,0,1,0,16.60885759702806,148.70188732941494
lossy_v2v,rule,167,128,0,1,0,29.487337006187868,12.231085748853161
lossy_v2v,rule,168,81,0,1,0,20.387679791600185,151.78860402743032
lossy_v2v,rule,169,125,0,1,0,30.8688374438551,29.402105863957615
lossy_v2v,rule,170,127,0,1,0,31.043180616497043,31.763821420143554
lossy_v2v,rule,171,127,0,1,0,31.07565170905546,14.960937146193523
lossy_v2v,rule,172,124,0,1,0,31.809504617517987,17.71540685641721
lossy_v2v,rule,173,127,0,1,0,29.38257443247354,15.258943433754332
lossy_v2v,rule,174,130,0,1,0,29.515008960458612,33.011138255112996
lossy_v2v,rule,175,124,0,1,0,30.184205222315438,25.823521035618153
lossy_v2v,rule,176,80,0,1,0,20.745913267493233,142.71124447081735
lossy_v2v,rule,177,135,0,1,0,26.07110076129085,22.39766776183671
lossy_v2v,rule,178,132,0,1,0,24.77521794124499,30.977776751012083
lossy_v2v,rule,179,129,0,1,0,30.395624750113004,34.73820383679839
lossy_v2v,rule,180,129,0,1,0,30.276860368675447,26.036018044979016
lossy_v2v,rule,181,126,0,1,0,28.31635782998934,39.17099511782212
lossy_v2v,rule,182,134,0,1,0,27.17768728601117,9.713839791492319
lossy_v2v,rule,183,127,0,1,0,31.42499984902306,33.77694972570908
lossy_v2v,rule,184,135,0,1,0,28.30918851054169,13.017914326583238
lossy_v2v,rule,185,128,0,1,0,29.370719883374505,18.25026961749483
lossy_v2v,rule,186,133,0,1,0,28.59136059526597,25.241160817404168
lossy_v2v,rule,187,135,0,1,0,27.541567175628327,11.717250554109995
lossy_v2v,rule,188,130,0,1,0,29.080090713166943,21.098863831732785
lossy_v2v,rule,189,138,0,1,0,25.258276171652955,17.940322613775834
lossy_v2v,rule,190,81,0,1,0,22.28008742778547,144.6850529689704
lossy_v2v,rule,191,120,0,1,0,31.892612175814183,40.00884824133487
lossy_v2v,rule,192,122,0,1,0,30.784147646756974,32.27706512802898
lossy_v2v,rule,193,139,0,1,0,25.431032668351715,17.013881908943695
lossy_v2v,rule,194,120,0,1,0,31.48736280808776,42.6945867684241
lossy_v2v,rule,195,146,0,1,0,24.036396887639214,0.6834957408087874
lossy_v2v,rule,196,79,0,1,0,11.899613554697991,146.7079008321009
lossy_v2v,rule,197,128,0,1,0,29.269816201371455,34.73590303581188
lossy_v2v,rule,198,118,0,1,0,31.61721226254368,39.74257172442282
lossy_v2v,rule,199,122,0,1,0,30.79493379231034,30.552127106675407
sensor_only,random,0,700,0,0,0,27.010496424596674,-458.1761554377574
sensor_only,random,1,700,0,0,0,38.88843428112926,-482.6849917030797
sensor_only,random,2,700,0,0,0,49.76769338375602,-472.15525369280664
sensor_only,random,3,700,0,0,0,54.132287096665934,-485.0039905437341
sensor_only,random,4,668,0,1,1,7.92311154123827,-399.84137257827035
sensor_only,random,5,700,0,0,0,19.16469872737643,-496.5242052212713
sensor_only,random,6,468,0,1,0,19.17772587929507,-248.29389317836484
sensor_only,random,7,700,0,0,0,26.895733571988824,-475.93566560262116
sensor_only,random,8,700,0,0,0,33.84387160621044,-447.5806074238563
sensor_only,random,9,68,1,0,1,4.499875570419585,-135.52457571200645
sensor_only,random,10,68,1,0,1,4.112788927384628,-94.96557970036665
sensor_only,random,11,700,0,0,0,14.970132138778524,-451.656435427181
sensor_only,random,12,700,0,0,0,45.44920646141846,-498.50486928253395
sensor_only,random,13,700,0,0,0,50.403030492999136,-494.76879247620747
sensor_only,random,14,65,1,0,1,4.054434748805819,-171.33592384887453
sensor_only,random,15,700,0,0,0,35.48819482548368,-455.2268014117405
sensor_only,random,16,700,0,0,0,31.576660319410745,-486.7542342859256
sensor_only,random,17,700,0,0,0,12.453763610938811,-482.5960445069789
sensor_only,random,18,91,0,1,1,6.490095593106509,9.047480184604005
sensor_only,random,19,700,0,0,0,44.07067901669815,-488.8840458111727
sensor_only,random,20,700,0,0,0,35.59194245443155,-469.8544521589096
sensor_only,random,21,700,0,0,1,5.070144140975561,-472.6713807589984
sensor_only,random,22,700,0,0,0,47.1104146726479,-487.53334715127613
sensor_only,random,23,700,0,0,0,21.868309384311203,-463.1757308486568
sensor_only,random,24,554,0,1,0,15.177425426609382,-325.8177362343327
sensor_only,random,25,700,0,0,0,39.02735377959866,-485.4266919405554
sensor_only,random,26,495,0,1,0,23.77163572378954,-256.9801860137317
sensor_only,random,27,700,0,0,0,28.36015030776944,-458.2073070907563
sensor_only,random,28,700,0,0,0,26.938831979217422,-467.9951849115335
sensor_only,random,29,700,0,0,0,46.74351781126209,-495.2904403194446
sensor_only,random,30,700,0,1,0,38.66177841085702,-388.68042605254374
sensor_only,random,31,700,0,0,0,39.64081043886582,-483.5422112393742
sensor_only,random,32,700,0,0,0,30.741947403185062,-468.1169735581532
sensor_only,random,33,700,0,0,0,36.074062512793844,-495.4220389679339
sensor_only,random,34,700,0,0,0,42.1200365354523,-478.8834155439715
sensor_only,random,35,700,0,0,0,55.583761321243905,-482.899543053623
sensor_only,random,36,700,0,0,0,37.57437045620543,-473.3973506789094
sensor_only,random,37,700,0,0,0,22.1654425542597,-473.8408125660645
sensor_only,random,38,700,0,0,0,26.889686083148693,-484.4449090693203
sensor_only,random,39,700,0,0,0,31.507634883271415,-482.32124860803646
sensor_only,random,40,60,1,0,1,3.3536459968842616,-134.70778549228206
sensor_only,random,41,700,0,0,0,27.987052769796378,-463.8186552399789
sensor_only,random,42,700,0,0,0,22.34347337896433,-478.45733186437815
sensor_only,random,43,119,0,1,0,12.488181026932873,-0.8169953952124018
sensor_only,random,44,700,0,0,0,48.34100268191979,-497.38350203978473
sensor_only,random,45,64,1,0,1,4.065128220429173,-161.44505057867815
sensor_only,random,46,61,1,0,1,3.7544153797231075,-136.3401319366264
sensor_only,random,47,700,0,0,0,27.199728115906996,-457.73515528173726
sensor_only,random,48,700,0,0,0,33.79304866611206,-496.36783882298823
sensor_only,random,49,700,0,0,0,49.16100930028909,-462.7916793854945
sensor_only,random,50,400,0,1,0,12.769067395574917,-213.68500089520995
sensor_only,random,51,700,0,0,0,18.65959203779721,-467.19411056447507
sensor_only,random,52,700,0,0,0,17.7508207264072,-522.9974468339523
sensor_only,random,53,700,0,0,0,54.27856320025726,-482.39951222346104
sensor_only,random,54,700,0,0,0,27.278654806237604,-447.49287953954746
sensor_only,random,55,700,0,0,0,31.392782728313744,-458.9592125973396
sensor_only,random,56,700,0,0,0,43.77377409020642,-493.09051030609703
sensor_only,random,57,700,0,0,0,23.172671428669194,-469.69433595866536
sensor_only,random,58,700,0,0,0,48.78992989868417,-500.87443525601566
sensor_only,random,59,700,0,0,0,30.442366818849607,-493.5487183185285
sensor_only,random,60,193,0,1,0,12.334432192226814,-66.392760076429
sensor_only,random,61,700,0,0,0,26.40767612832809,-443.56608683300925
sensor_only,random,62,700,0,0,0,27.516682184568094,-477.4327484270657
sensor_only,random,63,700,0,0,0,25.521056637185637,-456.07488151569504
sensor_only,random,64,700,0,0,0,27.474497635708243,-460.28221673112495
sensor_only,random,65,700,0,0,0,63.75212542219871,-500.90075679480054
sensor_only,random,66,445,0,1,0,19.15121369415442,-216.7817684058125
sensor_only,random,67,67,1,0,1,4.447828005792832,-164.37915956166194
sensor_only,random,68,314,0,1,0,15.425331458528072,-140.66058199566257
sensor_only,random,69,700,0,0,0,19.62228959208094,-500.92077307098094
sensor_only,random,70,700,0,0,0,47.39915931048139,-484.7894115656139
sensor_only,random,71,700,0,0,0,48.80732590443629,-480.0131064930988
sensor_only,random,72,564,0,1,0,12.661788282814493,-323.3108185471879
sensor_only,random,73,370,0,1,1,6.354452087741889,-219.88166272119742
sensor_only,random,74,173,0,1,0,8.871648389852199,-72.24160260315378
sensor_only,random,75,700,0,0,0,32.97043786199271,-480.38839559015696
sensor_only,random,76,700,0,0,0,21.54963055697888,-478.6541613134064
sensor_only,random,77,700,0,0,0,17.961108719309642,-493.79904478444706
sensor_only,random,78,700,0,0,0,37.81005236299247,-500.0115813752681
sensor_only,random,79,700,0,0,0,14.114404621254543,-504.5935480860624
sensor_only,random,80,700,0,0,0,18.611832241264118,-469.47242180649965
sensor_only,random,81,700,0,0,0,37.24891764146055,-472.1614407939446
sensor_only,random,82,661,0,1,0,17.321603222826468,-369.8060574892751
sensor_only,random,83,700,0,0,0,29.901475796510862,-463.8434616897066
sensor_only,random,84,134,0,1,0,17.97140062292977,-4.671336968536828
sensor_only,random,85,700,0,0,0,39.55637364049923,-482.2676529184184
sensor_only,random,86,700,0,0,0,31.47441238415441,-488.36133146503437
sensor_only,random,87,700,0,0,0,29.09044895491911,-479.0295834910487
sensor_only,random,88,700,0,0,0,17.02524196092521,-455.7303440073154
sensor_only,random,89,518,0,1,0,11.206390372629668,-296.19136171993244
sensor_only,random,90,700,0,0,0,46.718617882775206,-481.5000228197663
sensor_only,random,91,700,0,0,0,41.3744676885881,-496.106073769369
sensor_only,random,92,700,0,0,0,44.06253194016164,-475.51454749020667
sensor_only,random,93,700,0,0,0,20.107663981187187,-459.2798435777983
sensor_only,random,94,700,0,0,0,52.1056540641062,-476.9897354330795
sensor_only,random,95,568,0,1,0,27.464025369890653,-298.19553420866043
sensor_only,random,96,460,0,1,0,15.294712119264737,-246.1801967210253
sensor_only,random,97,599,0,1,0,12.016841505405056,-356.31193654270925
sensor_only,random,98,452,0,1,0,18.980976799136737,-212.4745796481679
sensor_only,random,99,700,0,0,0,32.169269832663396,-483.3001716027144
sensor_only,random,100,700,0,0,0,27.12701288976293,-473.23609675298206
sensor_only,random,101,700,0,0,0,12.163164976007803,-466.9162374754216
sensor_only,random,102,700,0,0,0,13.51697821540324,-458.7330510510345
sensor_only,random,103,617,0,1,0,14.269627605424926,-371.6223972532889
sensor_only,random,104,700,0,0,0,39.37649860929005,-480.80728311395177
sensor_only,random,105,700,0,0,0,37.95541453655317,-476.9897792573765
sensor_only,random,106,59,1,0,1,4.318084645941473,-104.40035530607801
sensor_only,random,107,700,0,0,0,11.38585147273274,-473.235065007067
sensor_only,random,108,700,0,0,0,20.869473730518,-492.1592705289011
sensor_only,random,109,700,0,0,0,50.47370005663754,-494.35166394375017
sensor_only,random,110,390,0,1,0,14.824915337506113,-202.08774308241578
sensor_only,random,111,700,0,0,0,15.935217473559977,-467.25531054533747
sensor_only,random,112,700,0,0,0,38.02579698639187,-463.08809741928576
sensor_only,random,113,700,0,0,0,23.892303736964276,-445.48081322444017
sensor_only,random,114,62,1,0,1,3.93706107716648,-107.49510862644713
sensor_only,random,115,700,0,0,0,37.67910511945444,-470.09361104645666
sensor_only,random,116,700,0,0,0,53.02098781392186,-492.17474026510536
sensor_only,random,117,94,0,1,0,10.440967910539271,33.682081919244055
sensor_only,random,118,106,0,1,0,14.471678338041398,8.647815161782155
sensor_only,random,119,700,0,0,0,11.116853864774601,-477.6214693087662
sensor_only,random,120,568,0,1,1,5.108158422999407,-360.1405386960854
sensor_only,random,121,187,0,1,0,16.56552354813702,-66.82524409177186
sensor_only,random,122,700,0,0,0,22.245341781292275,-489.0648412176492
sensor_only,random,123,700,0,0,0,16.763275753787376,-480.2544952766355
sensor_only,random,124,700,0,0,0,42.08912958231129,-499.7598600753667
sensor_only,random,125,674,0,1,0,9.195778854357647,-415.4109989552317
sensor_only,random,126,700,0,0,0,60.359228744479395,-463.66622980616944
sensor_only,random,127,700,0,0,0,50.13803850919783,-492.42953604748817
sensor_only,random,128,654,0,1,1,7.134698598384105,-387.5104467769668
sensor_only,random,129,700,0,0,0,9.314104739581252,-464.1419317803526
sensor_only,random,130,700,0,0,0,55.09705995153172,-476.60821690161265
sensor_only,random,131,700,0,0,0,32.28876290268191,-489.7477923081125
sensor_only,random,132,610,0,1,0,17.107320840260016,-345.280147929088
sensor_only,random,133,700,0,0,0,16.18248104640625,-505.03298494776067
sensor_only,random,134,700,0,0,0,38.25005675256835,-484.3066091549173
sensor_only,random,135,70,1,0,1,3.7188235758206893,-122.75621085394177
sensor_only,random,136,700,0,0,0,65.93525792075641,-491.7706525941692
sensor_only,random,137,700,0,0,0,17.163688697234473,-456.49704411046076
sensor_only,random,138,700,0,0,0,40.68675352896217,-499.0967393285474
sensor_only,random,139,449,0,1,0,24.637335874772873,-206.26353003681402
sensor_only,random,140,116,0,1,1,6.266561494017011,-28.006467464871108
sensor_only,random,141,700,0,0,0,30.55735703936155,-478.72723001349414
sensor_only,random,142,700,0,0,0,55.128170821523696,-500.20897295292144
sensor_only,random,143,700,0,0,0,24.61584309909476,-480.035755002573
sensor_only,random,144,700,0,0,0,10.197585584600949,-511.41009195596837
sensor_only,random,145,700,0,0,0,34.26545194524772,-461.71340890609133
sensor_only,random,146,700,0,0,0,42.107135731771265,-480.7657461220902
sensor_only,random,147,700,0,0,0,35.19109517183406,-477.060550517315
sensor_only,random,148,700,0,0,0,44.362411064287016,-489.04538923341005
sensor_only,random,149,700,0,0,0,32.84676718372123,-462.6258702215762
sensor_only,random,150,700,0,0,0,33.25745436886951,-474.1286593795904
sensor_only,random,151,636,0,1,0,29.03624640990967,-352.8511139592881
sensor_only,random,152,700,0,0,0,48.60347270189044,-489.7032630777865
sensor_only,random,153,403,0,1,0,19.960186242371538,-204.54477065994945
sensor_only,random,154,700,0,0,0,19.178677129729,-492.42084634601326
sensor_only,random,155,700,0,0,0,47.54391449585342,-493.1676080318352
sensor_only,random,156,700,0,0,0,43.389531968429296,-473.83459666395396
sensor_only,random,157,700,0,0,0,41.27921334485429,-477.1558991713196
sensor_only,random,158,700,0,0,0,17.195533766076775,-499.54511885988416
sensor_only,random,159,700,0,0,0,26.095998274950187,-456.8679287247652
sensor_only,random,160,700,0,0,0,42.15422355962696,-490.4732787641163
sensor_only,random,161,700,0,0,0,33.68864494866674,-482.1586466914138
sensor_only,random,162,700,0,0,0,48.64342610217432,-467.226033560868
sensor_only,random,163,700,0,0,0,9.68607373496531,-492.4424533423249
sensor_only,random,164,700,0,0,0,47.27612040524752,-493.589274385231
sensor_only,random,165,700,0,0,0,21.833344124062897,-465.1289838190234
sensor_only,random,166,700,0,0,0,27.452009188991486,-472.47602953232655
sensor_only,random,167,700,0,0,0,58.497794071667734,-508.7544836737521
sensor_only,random,168,700,0,0,0,46.79923686660945,-501.26401986284765
sensor_only,random,169,700,0,0,0,54.30367157308015,-497.1581807084659
sensor_only,random,170,700,0,0,0,30.06267896202861,-475.59684831028926
sensor_only,random,171,700,0,0,0,32.29005164124424,-489.75981224283254
sensor_only,random,172,700,0,0,0,38.918710516813626,-480.7879362790874
sensor_only,random,173,700,0,0,0,37.89165299449641,-501.1305675200661
sensor_only,random,174,633,0,1,0,8.8733574918951,-407.44077385768605
sensor_only,random,175,700,0,0,0,36.26479180372347,-476.24859583338787
sensor_only,random,176,235,0,1,0,12.074430215999936,-86.08311105836532
sensor_only,random,177,700,0,0,0,17.30295589452338,-510.78522478222186
sensor_only,random,178,700,0,0,0,17.17613833331825,-441.39487792092893
sensor_only,random,179,700,0,0,0,18.159118014713226,-485.542317370476
sensor_only,random,180,700,0,0,0,32.795891983385566,-489.12825463357206
sensor_only,random,181,700,0,0,0,17.613482414687468,-482.6662877066851
sensor_only,random,182,700,0,0,0,31.91980241651811,-505.1845812282168
sensor_only,random,183,700,0,0,0,25.662030279541934,-470.60067865333883
sensor_only,random,184,699,0,1,0,37.961510190794435,-392.56026033194615
sensor_only,random,185,700,0,0,0,26.547840709613997,-458.9766006738026
sensor_only,random,186,700,0,0,0,60.08734758810993,-454.73099972753175
sensor_only,random,187,700,0,0,0,47.597996629397464,-504.53173660929207
sensor_only,random,188,700,0,0,0,29.93068049617661,-470.7248908179767
sensor_only,random,189,65,1,0,1,3.6488077377993675,-161.3607111877252
sensor_only,random,190,700,0,0,0,52.49073366135952,-484.6447297425946
sensor_only,random,191,700,0,0,0,37.722812464976386,-453.39722428603824
sensor_only,random,192,700,0,0,0,45.48967959929607,-471.52271766484495
sensor_only,random,193,700,0,0,0,19.28224608147549,-469.2287643308115
sensor_only,random,194,684,0,1,0,26.56658964993957,-401.460393611761
sensor_only,random,195,77,1,0,1,4.3833154814138835,-167.86797795654164
sensor_only,random,196,700,0,0,0,36.54052509305091,-484.21581417529364
sensor_only,random,197,700,0,0,0,38.01499546261437,-478.9436070598474
sensor_only,random,198,700,0,0,0,34.62922159552313,-489.06568527537974
sensor_only,random,199,306,0,1,0,14.270979351683387,-145.9023457313402
sensor_only,hold,0,100,0,1,1,7.216323861413761,19.001368387630365
sensor_only,hold,1,104,0,1,0,20.350521052200765,40.91808922250367
sensor_only,hold,2,69,1,0,1,3.7804303466934157,-141.55721959876203
sensor_only,hold,3,121,0,1,1,4.896775744537401,10.578667840549414
sensor_only,hold,4,91,0,1,1,6.879013972613114,42.674800475214525
sensor_only,hold,5,95,0,1,0,8.084426946095652,23.10243463838788
sensor_only,hold,6,103,0,1,1,5.312930822346507,14.934970532961238
sensor_only,hold,7,100,0,1,0,8.949189757776587,22.99009073146113
sensor_only,hold,8,111,0,1,0,21.712587868603425,40.785282724095495
sensor_only,hold,9,93,0,1,1,4.83670990446788,42.136604096946364
sensor_only,hold,10,91,0,1,0,11.443173335569103,44.18598547711944
sensor_only,hold,11,119,0,1,0,12.671293025750227,24.617644325696947
sensor_only,hold,12,114,0,1,0,24.026158274541974,44.72409437215606
sensor_only,hold,13,57,1,0,1,3.853317138464181,-133.31108481721986
sensor_only,hold,14,61,1,0,1,4.434351050204733,-108.78135360831988
sensor_only,hold,15,98,0,1,0,12.418808436531815,29.033082624249086
sensor_only,hold,16,102,0,1,0,10.801466935820075,24.95368256697745
sensor_only,hold,17,94,0,1,1,6.509952305358764,42.12648277500996
sensor_only,hold,18,108,0,1,0,16.33934393908495,32.83816688614034
sensor_only,hold,19,108,0,1,0,19.706874035411605,38.85981309897308
sensor_only,hold,20,113,0,1,0,15.758880269467285,32.74913767502004
sensor_only,hold,21,58,1,0,1,4.054616651745194,-133.3445724553991
sensor_only,hold,22,110,0,1,0,9.326854992484172,20.819345412308216
sensor_only,hold,23,98,0,1,0,12.343250067808967,29.034190484708184
sensor_only,hold,24,111,0,1,1,7.230612154308038,16.78876389152275
sensor_only,hold,25,118,0,1,1,6.374315413669682,12.648522089166349
sensor_only,hold,26,105,0,1,0,8.341950951327009,18.906812359336673
sensor_only,hold,27,98,0,1,1,6.00695496617326,17.037731964783283
sensor_only,hold,28,94,0,1,1,5.135208306918052,19.132517338044853
sensor_only,hold,29,123,0,1,0,15.478298308278937,28.54661501167864
sensor_only,hold,30,115,0,1,0,16.33249015028442,30.714058211986945
sensor_only,hold,31,92,0,1,0,11.398353248225382,43.653010894015225
sensor_only,hold,32,118,0,1,0,16.573204950450982,30.647984747076855
sensor_only,hold,33,65,1,0,1,3.984296742447084,-137.47142620961014
sensor_only,hold,34,125,0,1,0,26.57110804150521,50.50079522105412
sensor_only,hold,35,67,1,0,1,3.9656304300276535,-139.52187515949126
sensor_only,hold,36,117,0,1,1,5.3867604900667825,12.665153010387336
sensor_only,hold,37,98,0,1,0,13.43861623121763,29.043707303038623
sensor_only,hold,38,65,1,0,1,4.312590062009257,-137.44554841405161
sensor_only,hold,39,105,0,1,0,13.342583441004951,28.91690921801991
sensor_only,hold,40,59,1,0,1,4.434729375753078,-133.3615925178366
sensor_only,hold,41,91,0,1,0,10.864527985848095,27.184386552959246
sensor_only,hold,42,62,1,0,1,4.296520764494491,-108.80277133796562
sensor_only,hold,43,60,1,0,1,4.350316324701112,-139.3945376976062
sensor_only,hold,44,120,0,1,0,10.344446034716725,18.616018838251417
sensor_only,hold,45,62,1,0,1,3.7961096457257177,-137.42037468729154
sensor_only,hold,46,92,0,1,1,4.622245412025673,41.65513589611663
sensor_only,hold,47,97,0,1,0,8.780321261613187,25.067644718262656
sensor_only,hold,48,109,0,1,0,11.017043968251864,24.83396722758574
sensor_only,hold,49,110,0,1,0,13.095625886180828,26.815690626797664
sensor_only,hold,50,96,0,1,0,8.37724602068488,23.09812949500063
sensor_only,hold,51,56,1,0,1,3.490398442176297,-135.28239104836922
sensor_only,hold,52,101,0,1,1,6.602565251780321,18.99113243661039
sensor_only,hold,53,125,0,1,0,22.732773650595103,40.50924557432926
sensor_only,hold,54,115,0,1,0,18.47983795190747,36.69945097048891
sensor_only,hold,55,94,0,1,0,13.050168522868205,31.11503474938854
sensor_only,hold,56,97,0,1,0,15.01764701670992,44.553197767646395
sensor_only,hold,57,62,1,0,1,3.1338020712408037,-137.35535197863211
sensor_only,hold,58,112,0,1,0,21.229987694978764,38.773282974683376
sensor_only,hold,59,102,0,1,0,17.452569502547043,34.973879645042935
sensor_only,hold,60,111,0,1,1,6.618926593591141,14.782443706212398
sensor_only,hold,61,109,0,1,0,12.466842908361633,26.820151256487634
sensor_only,hold,62,101,0,1,1,6.3433241098063675,18.98494736018356
sensor_only,hold,63,103,0,1,0,19.573215580029604,38.9564297209601
sensor_only,hold,64,91,0,1,1,7.462216898258298,23.17517834316778
sensor_only,hold,65,123,0,1,0,17.710919318936828,30.54350490777484
sensor_only,hold,66,92,0,1,0,10.738017955112289,29.170973915764883
sensor_only,hold,67,66,1,0,1,3.7180966811222214,-139.48145714406098
sensor_only,hold,68,105,0,1,0,11.886229313117731,24.89959173808673
sensor_only,hold,69,62,1,0,1,4.031001786990233,-135.4161339370737
sensor_only,hold,70,109,0,1,0,16.20431287694482,30.82674588751899
sensor_only,hold,71,114,0,1,0,8.623956412625484,18.726903157283996
sensor_only,hold,72,94,0,1,1,4.581343722559835,41.62002063653818
sensor_only,hold,73,105,0,1,1,6.732280424537028,16.907847971385465
sensor_only,hold,74,58,1,0,1,3.0093497151105937,-135.28259621151025
sensor_only,hold,75,70,1,0,1,4.054179157866692,-141.58271559015705
sensor_only,hold,76,95,0,1,0,8.868653653165522,23.10363355386374
sensor_only,hold,77,96,0,1,1,7.5316195330903914,21.09677026539078
sensor_only,hold,78,108,0,1,0,16.304388560892228,32.85825616381936
sensor_only,hold,79,92,0,1,0,15.650340821817824,45.167364645612416
sensor_only,hold,80,59,1,0,1,4.2060675118700805,-137.35792162670796
sensor_only,hold,81,70,1,0,1,4.17390583297412,-109.93644335597163
sensor_only,hold,82,90,0,1,0,10.393602608928688,27.208382550037935
sensor_only,hold,83,70,1,0,1,3.375298711911292,-143.51440715453072
sensor_only,hold,84,97,0,1,1,7.5994901434975635,23.058701736995925
sensor_only,hold,85,123,0,1,0,15.649660084738581,28.53991108730639
sensor_only,hold,86,65,1,0,1,3.8164719349058913,-109.86585995164522
sensor_only,hold,87,102,0,1,0,16.205107054029064,34.957405434930735
sensor_only,hold,88,116,0,1,0,14.049791571579142,26.687694822008094
sensor_only,hold,89,102,0,1,0,8.055821427772798,20.96227351669899
sensor_only,hold,90,109,0,1,0,12.893056966171608,24.81803462614157
sensor_only,hold,91,113,0,1,0,14.723470738353402,28.752370903604394
sensor_only,hold,92,63,1,0,1,3.662432710165935,-139.39436557091065
sensor_only,hold,93,55,1,0,1,3.5444890643590656,-133.273121788899
sensor_only,hold,94,115,0,1,0,14.582340364336794,26.71829586092324
sensor_only,hold,95,103,0,1,0,18.154336140204727,36.93819421203703
sensor_only,hold,96,97,0,1,1,7.407881116875455,21.05600217090707
sensor_only,hold,97,60,1,0,1,3.8278963347904793,-137.38209154299915
sensor_only,hold,98,91,0,1,0,13.25555264684587,33.17531838743423
sensor_only,hold,99,104,0,1,0,8.351499745782021,20.912363130993423
sensor_only,hold,100,94,0,1,1,7.044414012429536,21.117471599712246
sensor_only,hold,101,91,0,1,1,7.165399360691749,42.67521208484753
sensor_only,hold,102,118,0,1,0,10.819707897355775,20.647702054068834
sensor_only,hold,103,112,0,1,0,9.38583074973205,20.777195252789515
sensor_only,hold,104,94,0,1,0,9.815446920612716,27.120670664483573
sensor_only,hold,105,100,0,1,0,19.686303657247773,39.00254084505488
sensor_only,hold,106,58,1,0,1,4.2752639512221196,-108.73442642149047
sensor_only,hold,107,61,1,0,1,4.339795184767751,-135.38644331042545
sensor_only,hold,108,94,0,1,0,9.93684518012093,25.136231280110945
sensor_only,hold,109,103,0,1,0,9.665231020284326,22.940432410140353
sensor_only,hold,110,58,1,0,1,3.698920771303622,-135.26283433354155
sensor_only,hold,111,118,0,1,1,6.248869831471508,12.640592435005757
sensor_only,hold,112,120,0,1,0,17.00377754366657,30.609042776460004
sensor_only,hold,113,122,0,1,0,12.686916079153137,24.565983528255494
sensor_only,hold,114,62,1,0,1,3.9017867453813886,-109.32974862644713
sensor_only,hold,115,98,0,1,1,5.421423224729802,17.04201716812466
sensor_only,hold,116,117,0,1,0,14.496953430886814,26.65595097127445
sensor_only,hold,117,93,0,1,1,7.7703297401071305,42.64081038649724
sensor_only,hold,118,92,0,1,0,11.904592780308873,31.177050473544625
sensor_only,hold,119,56,1,0,1,3.614428120544197,-131.2751050691302
sensor_only,hold,120,61,1,0,1,3.9989985071734844,-109.26824486185727
sensor_only,hold,121,66,1,0,1,4.219677648360441,-108.84512293529662
sensor_only,hold,122,60,1,0,1,3.814652743393003,-108.79652030038997
sensor_only,hold,123,61,1,0,1,3.8347281913610702,-137.36696532676905
sensor_only,hold,124,58,1,0,1,4.135139162769351,-133.3423094959979
sensor_only,hold,125,57,1,0,1,3.7630064913924146,-133.31809947761616
sensor_only,hold,126,125,0,1,0,29.775253707663683,50.50335200083309
sensor_only,hold,127,122,0,1,0,11.930083855427487,20.55656116507911
sensor_only,hold,128,99,0,1,1,5.10339698264603,17.01215588631839
sensor_only,hold,129,69,1,0,1,3.621215440187077,-109.97711827243478
sensor_only,hold,130,65,1,0,1,3.232256698225866,-141.46550452455637
sensor_only,hold,131,100,0,1,1,6.4132885637991475,19.01039893914635
sensor_only,hold,132,119,0,1,0,16.452350830490282,28.633538780330724
sensor_only,hold,133,55,1,0,1,3.546896530448555,-133.278481582571
sensor_only,hold,134,56,1,0,1,3.609208543117365,-133.26864652845697
sensor_only,hold,135,68,1,0,1,4.344463211962191,-108.87937691614636
sensor_only,hold,136,119,0,1,0,10.173437817144938,18.616366321298003
sensor_only,hold,137,59,1,0,1,3.2242407018802264,-137.29016423368793
sensor_only,hold,138,102,0,1,0,10.762245495475876,24.959697330787115
sensor_only,hold,139,108,0,1,0,15.402457495633929,32.85609844209122
sensor_only,hold,140,60,1,0,1,4.30001554250623,-135.3858600037165
sensor_only,hold,141,97,0,1,0,19.610212187155305,41.062570861208876
sensor_only,hold,142,124,0,1,1,5.292364906824348,8.518320109525803
sensor_only,hold,143,108,0,1,0,17.626412484971734,34.852562468100096
sensor_only,hold,144,61,1,0,1,4.468298229977095,-109.30336918016044
sensor_only,hold,145,101,0,1,1,5.065885930195634,41.476605334324574
sensor_only,hold,146,58,1,0,1,3.705303187767103,-135.33396418781382
sensor_only,hold,147,55,1,0,1,3.445843078284572,-133.27105010440852
sensor_only,hold,148,61,1,0,1,3.453485102587722,-137.39282923341005
sensor_only,hold,149,122,0,1,0,13.807940986899979,24.57928105295166
sensor_only,hold,150,125,0,1,0,20.94154275877668,36.50174016124498
sensor_only,hold,151,64,1,0,1,3.6204407390194793,-137.45056308408195
sensor_only,hold,152,115,0,1,0,13.766146190905884,26.69516218868373
sensor_only,hold,153,91,0,1,1,7.252702327790309,23.167994461430975
sensor_only,hold,154,102,0,1,0,13.311090008595285,28.970097716507315
sensor_only,hold,155,112,0,1,0,18.790245876096265,36.77591290459072
sensor_only,hold,156,119,0,1,0,8.705011443379908,16.629142134074378
sensor_only,hold,157,114,0,1,0,19.76261634359582,36.73740189401427
sensor_only,hold,158,55,1,0,1,4.129413630789599,-131.28160224725022
sensor_only,hold,159,95,0,1,1,5.9576077552515825,19.10689083155668
sensor_only,hold,160,103,0,1,0,10.278711168379717,22.95106424241572
sensor_only,hold,161,106,0,1,0,15.875061266871159,32.89235848299537
sensor_only,hold,162,122,0,1,1,7.3470809786661775,12.567307405402559
sensor_only,hold,163,95,0,1,0,9.229968487311691,42.60391294047691
sensor_only,hold,164,122,0,1,0,13.974689946216932,26.568843588617657
sensor_only,hold,165,106,0,1,1,5.638414180850526,16.886383158440893
sensor_only,hold,166,98,0,1,1,6.711950403885734,42.05496386915639
sensor_only,hold,167,120,0,1,0,16.284564995053252,30.608123496957074
sensor_only,hold,168,73,1,0,1,4.458593385453566,-110.52522077115498
sensor_only,hold,169,105,0,1,0,13.361287034716254,28.891737821383817
sensor_only,hold,170,96,0,1,1,6.25867844914757,21.098125673917835
sensor_only,hold,171,121,0,1,0,18.99667826319218,32.59807347256525
sensor_only,hold,172,118,0,1,0,20.03373524363738,36.65920164390903
sensor_only,hold,173,122,0,1,0,18.33789554807445,34.56334472606577
sensor_only,hold,174,56,1,0,1,3.962075099708243,-131.29384337960298
sensor_only,hold,175,103,0,1,0,13.00310054694255,28.959563785634558
sensor_only,hold,176,92,0,1,0,13.824526308883485,44.65792468443787
sensor_only,hold,177,64,1,0,1,3.565794569239033,-139.4540684403305
sensor_only,hold,178,59,1,0,1,3.1315200608525027,-139.3443712094756
sensor_only,hold,179,56,1,0,1,3.437515086622103,-133.29525928887568
sensor_only,hold,180,102,0,1,0,8.591195256873712,20.96254423861624
sensor_only,hold,181,96,0,1,1,5.198482065361002,19.0970410895448
sensor_only,hold,182,118,0,1,0,9.861702915930604,20.654425681237527
sensor_only,hold,183,91,0,1,1,5.094168960547339,21.182049804077902
sensor_only,hold,184,125,0,1,0,12.940788896204191,22.51716728728582
sensor_only,hold,185,115,0,1,0,15.00657228311993,28.696306270822046
sensor_only,hold,186,63,1,0,1,3.9188576189536932,-137.42627416152231
sensor_only,hold,187,114,0,1,0,8.4507536250864,18.727762631450936
sensor_only,hold,188,121,0,1,0,14.587414861083658,26.59071984347234
sensor_only,hold,189,64,1,0,1,4.364874637978073,-137.45354507541697
sensor_only,hold,190,104,0,1,0,10.260424243463147,42.93768970028244
sensor_only,hold,191,90,0,1,0,11.400308014794406,29.18698196200675
sensor_only,hold,192,99,0,1,0,13.969513307421574,31.012028285511192
sensor_only,hold,193,65,1,0,1,3.700810760218431,-139.4331075204898
sensor_only,hold,194,93,0,1,0,11.860258236509175,29.131728930210226
sensor_only,hold,195,75,1,0,1,3.9832507094509015,-145.67959748400108
sensor_only,hold,196,60,1,0,1,4.439743286094411,-108.76441136325569
sensor_only,hold,197,56,1,0,1,3.167999241190596,-133.28654907897908
sensor_only,hold,198,95,0,1,0,14.582629769953204,33.09664394953627
sensor_only,hold,199,99,0,1,0,12.790981254558268,29.02604145829904
sensor_only,full,0,51,1,0,1,3.73823738350962,-65.21172134241371
sensor_only,full,1,80,0,1,1,7.665610134229053,-20.6885786116259
sensor_only,full,2,80,0,1,0,14.904292171260828,73.8858177178655
sensor_only,full,3,81,0,1,0,15.566082720466843,76.48271124806409
sensor_only,full,4,79,0,1,0,14.452750332626028,73.32286669306747
sensor_only,full,5,49,1,0,1,4.170954073757171,-189.23667183159228
sensor_only,full,6,80,0,1,1,7.212461973554881,83.31369739996717
sensor_only,full,7,51,1,0,1,4.029828365351161,-69.21263266816476
sensor_only,full,8,80,0,1,1,6.098561814088082,-26.406911727590455
sensor_only,full,9,79,0,1,0,12.775312424475517,77.31908635414867
sensor_only,full,10,79,0,1,0,18.35654938294394,71.32348808206218
sensor_only,full,11,81,0,1,1,6.861882621105369,82.18820556130558
sensor_only,full,12,80,0,1,1,7.638376921754023,-20.11542502242591
sensor_only,full,13,79,0,1,1,5.073862125348359,81.31877234101215
sensor_only,full,14,79,0,1,0,12.851037688459517,77.316824639168
sensor_only,full,15,48,1,0,1,4.472243510606533,-189.26263730934028
sensor_only,full,16,50,1,0,1,2.6880704083706823,-195.2358183851208
sensor_only,full,17,79,0,1,0,14.607387919018963,75.31763630806515
sensor_only,full,18,49,1,0,1,3.8664832638644304,-188.96967331077062
sensor_only,full,19,80,0,1,1,5.489328662380125,-26.697243635609993
sensor_only,full,20,50,1,0,1,3.4236684387422103,-194.664055249105
sensor_only,full,21,79,0,1,0,8.051810685243225,79.31377110196853
sensor_only,full,22,80,0,1,1,4.965564536074543,85.59724623426962
sensor_only,full,23,48,1,0,1,4.370149232589207,-189.26254593940553
sensor_only,full,24,80,0,1,0,8.871799258335152,79.59343638915227
sensor_only,full,25,81,0,1,0,10.880186561803654,82.19221800990735
sensor_only,full,26,52,1,0,1,4.290594858884828,-65.20560650390993
sensor_only,full,27,51,1,0,1,4.347683985043926,-65.20705385857458
sensor_only,full,28,51,1,0,1,4.200046879253521,-69.19717436528742
sensor_only,full,29,81,0,1,1,5.121669894074794,84.47792631281558
sensor_only,full,30,50,1,0,1,3.6729011761056043,-194.6691559776856
sensor_only,full,31,79,0,1,0,18.665692682214765,71.32095224692391
sensor_only,full,32,51,1,0,1,3.9117811331098458,-188.35984169476922
sensor_only,full,33,80,0,1,0,11.300459044024963,77.30498965474841
sensor_only,full,34,81,0,1,1,6.340003796693127,-25.528258604074537
sensor_only,full,35,80,0,1,0,13.739122367899226,75.59424747341811
sensor_only,full,36,81,0,1,0,13.883850659165267,76.19470300978477
sensor_only,full,37,48,1,0,1,4.449607695406313,-195.26180091627555
sensor_only,full,38,80,0,1,0,14.886491894973368,75.30903306030443
sensor_only,full,39,49,1,0,1,3.807129041347791,-189.25985208690213
sensor_only,full,40,79,0,1,0,9.95667216354785,77.31032917888177
sensor_only,full,41,48,1,0,1,4.332676501229475,-189.24700074705783
sensor_only,full,42,79,0,1,0,13.77301983791272,75.31328984646295
sensor_only,full,43,79,0,1,1,7.533386582716606,83.30465658337542
sensor_only,full,44,81,0,1,0,8.501634215690247,82.1874561756073
sensor_only,full,45,80,0,1,0,10.047576266248072,77.31671848876026
sensor_only,full,46,79,0,1,0,11.544109387991005,79.32106900528113
sensor_only,full,47,49,1,0,1,4.430476998113521,-189.24087090596004
sensor_only,full,48,53,1,0,1,4.2210108971191085,-66.89729889348664
sensor_only,full,49,51,1,0,1,3.4111964328925772,-194.93672259729564
sensor_only,full,50,49,1,0,1,4.2669720662583295,-189.2378051951052
sensor_only,full,51,79,0,1,1,6.640358187085341,83.32283717742098
sensor_only,full,52,79,0,1,1,5.253163424957413,81.30185059492882
sensor_only,full,53,50,1,0,1,4.161769604113053,-188.09770453193056
sensor_only,full,54,50,1,0,1,3.013165384839577,-194.6706935820538
sensor_only,full,55,79,0,1,1,4.585920480307177,-32.68310227423299
sensor_only,full,56,79,0,1,0,24.92049324639549,51.31007567055755
sensor_only,full,57,79,0,1,0,12.722323876188252,75.30710400280233
sensor_only,full,58,80,0,1,1,5.557123452847013,-32.40880835386021
sensor_only,full,59,80,0,1,1,5.854156775488638,-32.682018645491226
sensor_only,full,60,80,0,1,1,7.852800107833682,83.59280437062125
sensor_only,full,61,52,1,0,1,3.668478650907926,-66.91710607572813
sensor_only,full,62,80,0,1,1,6.106781732733,79.31975578881467
sensor_only,full,63,80,0,1,1,7.440633380846817,-20.684409142268223
sensor_only,full,64,48,1,0,1,4.130722192911268,-189.24751231426848
sensor_only,full,65,52,1,0,1,3.6455539163290935,-194.05603058435372
sensor_only,full,66,48,1,0,1,4.122200280639833,-189.24846077385905
sensor_only,full,67,80,0,1,0,13.858358354972303,77.30217582399061
sensor_only,full,68,51,1,0,1,3.1124494520504076,-189.22470079441473
sensor_only,full,69,80,0,1,0,11.72016283825072,75.31734417321863
sensor_only,full,70,49,1,0,1,4.123893967823248,-188.9716344003453
sensor_only,full,71,80,0,1,0,9.225304804885203,79.88487325564077
sensor_only,full,72,79,0,1,0,12.24818752938441,79.31721939590568
sensor_only,full,73,80,0,1,1,6.194728836876294,83.30969307417166
sensor_only,full,74,79,0,1,0,9.295318717220658,79.32047618826208
sensor_only,full,75,81,0,1,0,15.388737148684307,73.89865120171181
sensor_only,full,76,49,1,0,1,3.7170318149667922,-183.2365953050725
sensor_only,full,77,49,1,0,1,4.391333462568028,-189.23790534886592
sensor_only,full,78,49,1,0,1,3.878973775659969,-189.26778914356828
sensor_only,full,79,79,0,1,0,22.931605752918905,65.32174091459409
sensor_only,full,80,79,0,1,0,8.483181149024986,83.31077221746628
sensor_only,full,81,80,0,1,0,18.869456425741244,71.30407487594613
sensor_only,full,82,48,1,0,1,4.281203109324296,-189.2449133398855
sensor_only,full,83,80,0,1,0,17.426036482230217,73.59197335217625
sensor_only,full,84,51,1,0,1,3.4731762500080863,-195.20472299834404
sensor_only,full,85,81,0,1,1,4.856376774994838,84.47715701001874
sensor_only,full,86,79,0,1,0,14.948738498409549,75.30182750604433
sensor_only,full,87,49,1,0,1,4.298021679117186,-183.2538866444121
sensor_only,full,88,81,0,1,1,4.523183625133106,81.89783945968779
sensor_only,full,89,80,0,1,1,4.835300083824566,81.31694714505238
sensor_only,full,90,51,1,0,1,3.8885615582357067,-188.93572165844853
sensor_only,full,91,52,1,0,1,3.321120503465882,-194.62690883175668
sensor_only,full,92,80,0,1,0,12.491888527168905,77.31910637794701
sensor_only,full,93,79,0,1,1,5.4360365319041115,83.3249035380649
sensor_only,full,94,52,1,0,1,4.19420050689054,-68.6319099093765
sensor_only,full,95,80,0,1,1,5.727190030435803,-26.68601815776144
sensor_only,full,96,51,1,0,1,3.271728125006463,-195.20491984170468
sensor_only,full,97,79,0,1,0,8.155395017370692,79.30634419755943
sensor_only,full,98,79,0,1,1,6.344492999273925,-20.677104534031443
sensor_only,full,99,80,0,1,1,5.0617695476332765,83.31092105028097
sensor_only,full,100,49,1,0,1,4.238422348913727,-189.2349450580831
sensor_only,full,101,79,0,1,0,14.39989268060739,75.3228895602693
sensor_only,full,102,81,0,1,0,8.814607221858592,80.19212689489653
sensor_only,full,103,80,0,1,1,5.968391790760155,83.59157934937554
sensor_only,full,104,48,1,0,1,4.117577044816982,-189.2531386668075
sensor_only,full,105,79,0,1,0,8.806626648496584,-14.696426598379404
sensor_only,full,106,79,0,1,0,9.816018736023123,81.32475557706223
sensor_only,full,107,79,0,1,1,6.921083423750561,81.30436755860993
sensor_only,full,108,48,1,0,1,3.9376129809819664,-189.25213475612185
sensor_only,full,109,52,1,0,1,3.8423636775469165,-67.2010206696935
sensor_only,full,110,79,0,1,0,10.077802510732171,79.32226365495248
sensor_only,full,111,81,0,1,0,12.173230354912521,80.19133693722284
sensor_only,full,112,52,1,0,1,4.434460358488899,-68.34690591517665
sensor_only,full,113,81,0,1,1,6.1985861792142805,86.48068569748409
sensor_only,full,114,79,0,1,0,12.720905046373366,77.31019409204704
sensor_only,full,115,79,0,1,1,5.283582424782443,81.30847711522549
sensor_only,full,116,81,0,1,1,5.269372795925075,82.19367174678074
sensor_only,full,117,79,0,1,0,15.519188834681788,75.31936067738025
sensor_only,full,118,79,0,1,1,4.731675311687293,-32.677726897057994
sensor_only,full,119,79,0,1,1,7.568312019871343,79.32349953916997
sensor_only,full,120,79,0,1,0,11.535251528306823,79.31813551381427
sensor_only,full,121,79,0,1,0,15.895728724576383,73.30316025411733
sensor_only,full,122,79,0,1,0,11.197065160376784,79.31650030843491
sensor_only,full,123,79,0,1,0,10.840793844512154,79.30696462309746
sensor_only,full,124,79,0,1,0,8.669674808104599,77.31404900926341
sensor_only,full,125,79,0,1,1,5.098038757381135,83.3180207702554
sensor_only,full,126,81,0,1,0,10.30662062297649,-7.5279699353898195
sensor_only,full,127,81,0,1,1,7.542463032027294,84.47959550670336
sensor_only,full,128,79,0,1,1,5.898730724983597,81.30518497031169
sensor_only,full,129,80,0,1,0,18.030245296685663,71.59914380887083
sensor_only,full,130,80,0,1,0,11.40197996234798,81.30591491803806
sensor_only,full,131,79,0,1,1,5.033662809722861,81.30420839912293
sensor_only,full,132,52,1,0,1,4.280079732884589,-68.34364335470933
sensor_only,full,133,52,1,0,1,4.397557698070122,-67.17239273912693
sensor_only,full,134,79,0,1,1,7.531149890239329,81.32408667923117
sensor_only,full,135,80,0,1,0,17.38695684666613,73.31456727992062
sensor_only,full,136,81,0,1,1,7.575052972210433,84.1880647642108
sensor_only,full,137,79,0,1,0,10.031815423363984,79.31839128617021
sensor_only,full,138,50,1,0,1,3.856959122885477,-189.23528241606846
sensor_only,full,139,49,1,0,1,3.8620974810187256,-189.26799079980455
sensor_only,full,140,79,0,1,1,7.511276358641728,79.30583321983505
sensor_only,full,141,79,0,1,0,10.183211068394725,-8.689240874703529
sensor_only,full,142,81,0,1,0,15.615813044863634,76.47419578482408
sensor_only,full,143,49,1,0,1,3.7833489931198696,-189.26832126466354
sensor_only,full,144,79,0,1,0,12.26540104680337,79.31455359564794
sensor_only,full,145,80,0,1,0,17.246486480054465,71.31908842674596
sensor_only,full,146,79,0,1,1,7.833849382225484,81.31506903286169
sensor_only,full,147,51,1,0,1,3.9891118263066514,-67.19010463929709
sensor_only,full,148,79,0,1,0,9.315681848373698,77.30351610221199
sensor_only,full,149,81,0,1,1,5.215448151240309,86.48222425406051
sensor_only,full,150,51,1,0,1,4.287863676762813,-182.08015191727878
sensor_only,full,151,80,0,1,0,12.414837319909909,77.30961220887588
sensor_only,full,152,51,1,0,1,4.350710331017912,-66.65274503277013
sensor_only,full,153,48,1,0,1,4.3651880432187,-189.2479114188094
sensor_only,full,154,49,1,0,1,3.1300899826077355,-195.2527556490241
sensor_only,full,155,49,1,0,1,4.19320665980066,-188.9789477301757
sensor_only,full,156,81,0,1,0,8.637986212782069,84.1894722690082
sensor_only,full,157,49,1,0,1,4.423030258864436,-188.68441183426398
sensor_only,full,158,50,1,0,1,4.401466635664795,-69.2094816895602
sensor_only,full,159,50,1,0,1,4.327843305903215,-67.21798739373043
sensor_only,full,160,50,1,0,1,4.171273187017158,-189.23688256684568
sensor_only,full,161,49,1,0,1,3.5376641505030055,-195.26301347780998
sensor_only,full,162,81,0,1,0,12.937440039831042,78.48083887335235
sensor_only,full,163,79,0,1,0,17.6133411362265,73.31542252811553
sensor_only,full,164,81,0,1,1,5.721142343891933,84.48101661355906
sensor_only,full,165,80,0,1,0,8.969297465872378,79.30681744366103
sensor_only,full,166,79,0,1,0,16.766078818912327,73.30941141323808
sensor_only,full,167,52,1,0,1,4.4977647903269355,-68.34700634066857
sensor_only,full,168,80,0,1,0,20.713936406890298,69.88680987147416
sensor_only,full,169,50,1,0,1,2.7957541066150653,-189.2438559787131
sensor_only,full,170,51,1,0,1,4.347285268400024,-69.2010054766587
sensor_only,full,171,51,1,0,1,3.2407568395310107,-188.36704870713876
sensor_only,full,172,50,1,0,1,3.4197657608073473,-188.376995372899
sensor_only,full,173,51,1,0,1,3.798882014395326,-194.07161961847174
sensor_only,full,174,79,0,1,1,7.265534806875737,79.32179605639972
sensor_only,full,175,49,1,0,1,3.2670970993732222,-195.25453260714988
sensor_only,full,176,79,0,1,0,21.35996384643393,67.32122223540867
sensor_only,full,177,80,0,1,0,11.396334713061671,79.30905580312213
sensor_only,full,178,79,0,1,1,7.3480755891434315,83.31240761264948
sensor_only,full,179,79,0,1,1,5.891506507031017,79.32166733737493
sensor_only,full,180,52,1,0,1,3.9988665499407365,-69.19822873121242
sensor_only,full,181,52,1,0,1,4.117098493931374,-67.18268539340195
sensor_only,full,182,81,0,1,0,8.532835396016148,82.19287396458195
sensor_only,full,183,50,1,0,1,3.500376555469524,-189.21033056644012
sensor_only,full,184,81,0,1,0,9.293975366560217,80.47358985501614
sensor_only,full,185,51,1,0,1,4.247486820141297,-188.65262460307133
sensor_only,full,186,80,0,1,0,9.640408097004377,79.31448278300482
sensor_only,full,187,80,0,1,0,8.631800520577224,79.88496452723372
sensor_only,full,188,81,0,1,1,6.207345620005815,82.48411731507177
sensor_only,full,189,80,0,1,0,12.800956585055559,79.30913887691793
sensor_only,full,190,80,0,1,0,23.263945934308644,65.31313405148099
sensor_only,full,191,79,0,1,1,4.933832527554326,-32.67571562011199
sensor_only,full,192,49,1,0,1,3.645208901005108,-195.24682544608072
sensor_only,full,193,80,0,1,0,14.60063688794104,75.31091925493111
sensor_only,full,194,48,1,0,1,4.219411341517313,-183.25163159150804
sensor_only,full,195,81,0,1,0,18.498383291316326,72.475816692216
sensor_only,full,196,79,0,1,0,12.191407343389052,77.31976562407569
sensor_only,full,197,79,0,1,1,6.245664271301934,81.32245917463825
sensor_only,full,198,79,0,1,1,5.829624617306584,-26.685055025034544
sensor_only,full,199,48,1,0,1,4.4080160579066465,-189.26408151360823
sensor_only,rule,0,122,0,1,0,18.303006324821602,79.66389469599255
sensor_only,rule,1,108,0,1,0,23.170936321534665,63.65246317289214
sensor_only,rule,2,136,0,1,0,13.080652888925103,77.38192932598714
sensor_only,rule,3,91,0,1,1,6.59140422148002,82.7634849922564
sensor_only,rule,4,85,0,1,0,9.062271488050717,78.60870691483424
sensor_only,rule,5,119,0,1,0,18.042911535342213,81.73222731201876
sensor_only,rule,6,127,0,1,0,17.162180990514432,77.87384359954042
sensor_only,rule,7,122,0,1,0,18.28697273422798,79.65203089400794
sensor_only,rule,8,110,0,1,0,22.83224579858118,67.70118379024008
sensor_only,rule,9,86,0,1,1,7.08600866445946,80.5939708331894
sensor_only,rule,10,85,0,1,0,13.308405061378041,74.60410320420945
sensor_only,rule,11,128,0,1,0,17.240511860693367,79.8578727912162
sensor_only,rule,12,109,0,1,0,23.401295402399356,65.0178147981668
sensor_only,rule,13,124,0,1,0,15.61973545384052,83.92051299074919
sensor_only,rule,14,86,0,1,1,6.644316808753932,80.57587711334409
sensor_only,rule,15,113,0,1,0,20.003662419529242,74.83155766923613
sensor_only,rule,16,121,0,1,0,19.8927654850182,76.69068819838905
sensor_only,rule,17,86,0,1,0,8.897665508104527,80.58237046452126
sensor_only,rule,18,116,0,1,0,21.36699931663459,73.2833935692162
sensor_only,rule,19,110,0,1,0,22.501604211085997,67.09668437185105
sensor_only,rule,20,120,0,1,0,20.51784610153207,76.80395877970867
sensor_only,rule,21,127,0,1,0,14.321970480500875,83.87491983543364
sensor_only,rule,22,126,0,1,0,18.33741487349464,76.3855362985185
sensor_only,rule,23,113,0,1,0,19.899640913315604,74.83283684832276
sensor_only,rule,24,129,0,1,0,16.320198487500026,75.91479434649928
sensor_only,rule,25,134,0,1,0,14.955285849532936,76.01384887059064
sensor_only,rule,26,125,0,1,0,18.410477643399688,75.80807935151684
sensor_only,rule,27,124,0,1,0,17.785938541605258,78.93396692441578
sensor_only,rule,28,122,0,1,0,16.18323965808814,86.65237030003692
sensor_only,rule,29,125,0,1,0,17.907928688823265,80.90037591350946
sensor_only,rule,30,120,0,1,0,20.336881321064684,77.10809655461782
sensor_only,rule,31,86,0,1,0,13.382616888732521,74.59765201985434
sensor_only,rule,32,123,0,1,0,20.12368152010876,78.34655640293491
sensor_only,rule,33,131,0,1,0,15.104184904941652,77.29974551172937
sensor_only,rule,34,111,0,1,0,22.460502872541365,67.4917738251286
sensor_only,rule,35,133,0,1,0,13.70840872052579,78.83800968101743
sensor_only,rule,36,135,0,1,0,13.270024366404341,77.99220640855076
sensor_only,rule,37,114,0,1,0,21.063670917961254,74.83586520869437
sensor_only,rule,38,135,0,1,0,13.110842323153312,76.20888300807938
sensor_only,rule,39,118,0,1,0,20.893671646374074,72.74992287027243
sensor_only,rule,40,128,0,1,0,14.039681681746023,83.83357224542675
sensor_only,rule,41,111,0,1,0,19.342412985469085,79.87798356472781
sensor_only,rule,42,87,0,1,1,6.703027645587178,80.56077890330685
sensor_only,rule,43,129,0,1,0,16.32152567621126,74.41738533400691
sensor_only,rule,44,130,0,1,0,16.350882307867828,77.10666512718012
sensor_only,rule,45,130,0,1,0,15.670093288972987,77.11696500556383
sensor_only,rule,46,85,0,1,1,6.795560056768247,82.60322104753021
sensor_only,rule,47,118,0,1,0,18.179906311524054,80.7368720003825
sensor_only,rule,48,123,0,1,0,18.789535448369588,79.14271409042087
sensor_only,rule,49,123,0,1,0,19.86417425162319,77.15825482999384
sensor_only,rule,50,119,0,1,0,18.41858333095772,81.72479242536915
sensor_only,rule,51,125,0,1,0,14.237445644985021,83.19132200004024
sensor_only,rule,52,124,0,1,0,17.568090845975906,77.91397289703067
sensor_only,rule,53,117,0,1,0,21.076343253395066,74.37751102114679
sensor_only,rule,54,116,0,1,0,20.524107116559268,73.1955065053178
sensor_only,rule,55,110,0,1,0,20.21713547966954,75.91390868476732
sensor_only,rule,56,89,0,1,0,17.452347837021783,72.53004536446039
sensor_only,rule,57,132,0,1,0,13.201430974235759,81.05576804588843
sensor_only,rule,58,112,0,1,0,22.974154506310818,68.66416297468338
sensor_only,rule,59,110,0,1,0,22.37815374111905,67.91341862682845
sensor_only,rule,60,130,0,1,0,16.443532180927267,75.91935307364925
sensor_only,rule,61,124,0,1,0,19.162263383630464,79.13614115322193
sensor_only,rule,62,125,0,1,0,16.907915885244257,81.6147747266276
sensor_only,rule,63,108,0,1,0,22.956714821603985,63.953553530811114
sensor_only,rule,64,116,0,1,0,17.763345026089702,83.78561677182535
sensor_only,rule,65,124,0,1,0,19.47541830635112,76.53019986603525
sensor_only,rule,66,110,0,1,0,18.562300362978306,78.90259512987218
sensor_only,rule,67,136,0,1,0,13.637257195681169,75.47249362387328
sensor_only,rule,68,122,0,1,0,19.861564535149103,76.57576038758181
sensor_only,rule,69,132,0,1,0,14.38082988985139,78.07547629907123
sensor_only,rule,70,117,0,1,0,20.973309286436574,73.27198632363161
sensor_only,rule,71,131,0,1,0,16.32537673909315,76.19754026944179
sensor_only,rule,72,86,0,1,1,6.938020990732709,82.58539193459457
sensor_only,rule,73,127,0,1,0,17.42006544902423,77.77925273456297
sensor_only,rule,74,127,0,1,0,12.845309599855053,86.86551995350365
sensor_only,rule,75,91,0,1,1,6.5219550314353985,83.87101800784582
sensor_only,rule,76,119,0,1,0,18.435200770702828,81.73373233357358
sensor_only,rule,77,121,0,1,0,18.30005996374385,82.680914019441
sensor_only,rule,78,116,0,1,0,21.281167213408587,71.99826484896468
sensor_only,rule,79,86,0,1,0,17.43595764525947,70.58866551177852
sensor_only,rule,80,128,0,1,0,14.571264707866249,80.14353023117391
sensor_only,rule,81,91,0,1,0,9.262272100805422,78.67018679289299
sensor_only,rule,82,110,0,1,0,18.64208936649417,79.91464919049594
sensor_only,rule,83,91,0,1,0,8.59010979545917,81.26754433835188
sensor_only,rule,84,121,0,1,0,17.26662355448101,81.69617717124498
sensor_only,rule,85,126,0,1,0,18.146479209366337,78.4975075894532
sensor_only,rule,86,89,0,1,1,6.82437847010591,82.51219878928825
sensor_only,rule,87,110,0,1,0,21.15384867668133,67.89611952878657
sensor_only,rule,88,125,0,1,0,18.87899561257483,76.31927441677382
sensor_only,rule,89,124,0,1,0,18.46053559942981,75.92579764904929
sensor_only,rule,90,122,0,1,0,19.613434549631435,77.16034175706594
sensor_only,rule,91,123,0,1,0,19.37006469972912,79.73394687714058
sensor_only,rule,92,135,0,1,0,14.034528279978987,73.60047183061249
sensor_only,rule,93,124,0,1,0,14.155419517117261,86.91950703639668
sensor_only,rule,94,123,0,1,0,18.825773166680897,80.0392625880056
sensor_only,rule,95,110,0,1,0,22.478569403989308,66.9192200893337
sensor_only,rule,96,121,0,1,0,17.95603028576776,81.6908827136339
sensor_only,rule,97,126,0,1,0,15.553000774308295,80.87776808686618
sensor_only,rule,98,106,0,1,0,19.55695180475111,74.99552478533991
sensor_only,rule,99,124,0,1,0,18.50780510056767,78.61592102050673
sensor_only,rule,100,121,0,1,0,17.745469582039792,84.67885883833831
sensor_only,rule,101,85,0,1,0,9.244225890720998,78.60892186653147
sensor_only,rule,102,128,0,1,0,16.226415265118668,79.53714120398925
sensor_only,rule,103,126,0,1,0,17.412847276392238,76.67825987926756
sensor_only,rule,104,114,0,1,0,18.60216861181456,79.83095510845847
sensor_only,rule,105,106,0,1,0,23.004174555272396,64.69290089627037
sensor_only,rule,106,84,0,1,1,5.783347383753048,82.6229690781477
sensor_only,rule,107,127,0,1,0,16.6745200245052,77.16958904810656
sensor_only,rule,108,116,0,1,0,19.494696934902304,80.79845717433074
sensor_only,rule,109,123,0,1,0,19.446873652658546,78.65123092193252
sensor_only,rule,110,130,0,1,0,12.317863966876514,86.1035222977743
sensor_only,rule,111,135,0,1,0,14.31897670179542,76.01366996829705
sensor_only,rule,112,123,0,1,0,19.143167980099552,78.65047679603458
sensor_only,rule,113,129,0,1,0,17.49617499724813,75.43984637699754
sensor_only,rule,114,87,0,1,1,6.044505995511578,82.54607864432936
sensor_only,rule,115,126,0,1,0,17.253096821222847,80.89848562902652
sensor_only,rule,116,126,0,1,0,18.13030214720471,77.5826837190456
sensor_only,rule,117,86,0,1,0,9.941581004767782,78.59016553193874
sensor_only,rule,118,108,0,1,0,18.948546975478056,77.936324402959
sensor_only,rule,119,127,0,1,0,12.480560258176274,88.86930838708349
sensor_only,rule,120,86,0,1,1,6.359561095295548,82.5987722725761
sensor_only,rule,121,89,0,1,1,7.420094468833499,80.51253668352737
sensor_only,rule,122,86,0,1,1,5.428594886942555,82.5797590827402
sensor_only,rule,123,132,0,1,0,13.806989971438488,77.35636570322085
sensor_only,rule,124,127,0,1,0,14.243526772128707,83.8784821667415
sensor_only,rule,125,122,0,1,0,15.223579412088265,86.6522722001508
sensor_only,rule,126,107,0,1,0,23.90910951406598,62.05556477490572
sensor_only,rule,127,128,0,1,0,16.59063411491,80.13439923938051
sensor_only,rule,128,125,0,1,0,16.542396283238904,78.8987670398313
sensor_only,rule,129,91,0,1,0,8.65788293083585,80.97860848152428
sensor_only,rule,130,134,0,1,0,15.083000879944086,74.21442840990628
sensor_only,rule,131,123,0,1,0,17.11173415947761,81.63953808662478
sensor_only,rule,132,123,0,1,0,18.99135774118305,80.63645467118943
sensor_only,rule,133,122,0,1,0,14.477691255523178,89.656895713128
sensor_only,rule,134,126,0,1,0,13.045504495461552,88.87224698077968
sensor_only,rule,135,91,0,1,1,7.733287934754903,80.48752974172841
sensor_only,rule,136,130,0,1,0,16.813797171226593,77.11270419870722
sensor_only,rule,137,131,0,1,0,13.156373794946225,80.39245120035467
sensor_only,rule,138,121,0,1,0,19.865637605040217,76.69783445242038
sensor_only,rule,139,116,0,1,0,20.609861463700295,71.99594580224756
sensor_only,rule,140,127,0,1,0,16.336826765866626,80.87875321240205
sensor_only,rule,141,104,0,1,0,22.712627378212403,64.33460998650534
sensor_only,rule,142,92,0,1,1,6.988813215944578,85.07038313929634
sensor_only,rule,143,114,0,1,0,21.867173772461378,71.01892970930186
sensor_only,rule,144,86,0,1,1,6.442374407751477,82.56498465587164
sensor_only,rule,145,90,0,1,0,8.335965493012036,80.50592688053527
sensor_only,rule,146,126,0,1,0,14.48401714788551,83.87660485128549
sensor_only,rule,147,122,0,1,0,14.635341256845873,89.67354772901055
sensor_only,rule,148,127,0,1,0,15.355596592399529,80.85425860983892
sensor_only,rule,149,126,0,1,0,17.639712980146943,78.18707083982605
sensor_only,rule,150,122,0,1,0,20.39262348371649,78.27600128637619
sensor_only,rule,151,133,0,1,0,14.572497238756503,74.2500811571617
sensor_only,rule,152,125,0,1,0,19.206659623655263,75.31950132804204
sensor_only,rule,153,116,0,1,0,17.75963285985906,83.776437367384
sensor_only,rule,154,115,0,1,0,20.625104440386853,72.79848177902791
sensor_only,rule,155,114,0,1,0,21.531471500813534,71.61453331728603
sensor_only,rule,156,132,0,1,0,15.624939971969981,74.37877440308264
sensor_only,rule,157,114,0,1,0,21.664142410464393,71.91436189401418
sensor_only,rule,158,120,0,1,0,15.034759304816795,88.69817578846705
sensor_only,rule,159,122,0,1,0,17.53230190158153,80.96034755976984
sensor_only,rule,160,121,0,1,0,19.742828506465433,76.6764991087244
sensor_only,rule,161,114,0,1,0,21.119332751490756,70.72514770074739
sensor_only,rule,162,134,0,1,0,14.016884074514119,76.61636929684747
sensor_only,rule,163,87,0,1,0,11.580031115672151,78.56974773429623
sensor_only,rule,164,126,0,1,0,17.823458972494088,78.17628833534879
sensor_only,rule,165,128,0,1,0,16.691871226845194,77.7519415344953
sensor_only,rule,166,88,0,1,0,9.453389537228317,78.53642764119724
sensor_only,rule,167,124,0,1,0,19.210680488260987,76.91528462290516
sensor_only,rule,168,92,0,1,0,11.589760445352859,79.56726104545848
sensor_only,rule,169,120,0,1,0,21.057234356082756,75.60467385331415
sensor_only,rule,170,123,0,1,0,16.403022358614898,84.6582245496628
sensor_only,rule,171,121,0,1,0,20.783620090890807,77.67263347256527
sensor_only,rule,172,116,0,1,0,20.61046585277887,73.49017323973965
sensor_only,rule,173,123,0,1,0,20.257820655578012,78.94880046760343
sensor_only,rule,174,124,0,1,0,13.017896118293452,89.62898298743326
sensor_only,rule,175,116,0,1,0,20.53648449340167,72.78490113086247
sensor_only,rule,176,86,0,1,0,15.735807285337382,72.58894680116848
sensor_only,rule,177,133,0,1,0,15.015172276213448,74.2427366012123
sensor_only,rule,178,127,0,1,0,15.422554495859663,80.15133702769097
sensor_only,rule,179,124,0,1,0,14.550649519364812,85.92341649942347
sensor_only,rule,180,124,0,1,0,18.732436892523737,75.92612734009701
sensor_only,rule,181,123,0,1,0,16.789052069962125,84.65443171499446
sensor_only,rule,182,130,0,1,0,16.58795018684543,76.80186626392864
sensor_only,rule,183,119,0,1,0,15.516338628899094,86.71475863201327
sensor_only,rule,184,131,0,1,0,15.684927664278097,81.39723151086432
sensor_only,rule,185,122,0,1,0,19.51043826597834,78.05138191903049
sensor_only,rule,186,129,0,1,0,16.170745595473033,78.83710624717978
sensor_only,rule,187,130,0,1,0,16.82683930739886,76.19256866776252
sensor_only,rule,188,127,0,1,0,17.572461857513176,80.16617583564602
sensor_only,rule,189,133,0,1,0,13.934983725758904,74.24383317531684
sensor_only,rule,190,92,0,1,0,13.483440125602545,76.46912322637539
sensor_only,rule,191,109,0,1,0,19.159225591089044,78.92550260558123
sensor_only,rule,192,112,0,1,0,20.473030502253255,71.86467693562992
sensor_only,rule,193,137,0,1,0,13.840133799595057,71.57392651895915
sensor_only,rule,194,111,0,1,0,19.525310276031767,76.89731415568612
sensor_only,rule,195,92,0,1,0,9.85124754022728,83.06759653259375
sensor_only,rule,196,85,0,1,1,6.478167899411958,80.58693738859291
sensor_only,rule,197,123,0,1,0,14.000074492340412,89.6323238611736
sensor_only,rule,198,108,0,1,0,20.778156203538384,72.94750747447209
sensor_only,rule,199,114,0,1,0,20.381470196835856,74.82036862028362
