mode,policy,episode,steps,collision,arrived,near_miss,min_distance,reward
perfect_v2v,random,0,700,0,0,0,25.148943261577465,-496.1148340953437
perfect_v2v,random,1,700,0,0,0,39.036759265961614,-509.26859355424443
perfect_v2v,random,2,700,0,0,0,48.52888528017644,-508.31017959876186
perfect_v2v,random,3,700,0,0,0,47.02092636874007,-468.9021326876972
perfect_v2v,random,4,700,0,0,0,37.257671916079744,-456.8403862812144
perfect_v2v,random,5,534,0,1,0,16.01856144574574,-406.26009212662166
perfect_v2v,random,6,700,0,0,0,30.86517498913219,-523.8194063113598
perfect_v2v,random,7,700,0,0,0,31.174823133704475,-468.09185034756473
perfect_v2v,random,8,700,0,0,0,43.151933230708025,-492.49875036554283
perfect_v2v,random,9,700,0,0,0,19.826220735497834,-528.6868448788169
perfect_v2v,random,10,700,0,0,0,31.63446409548729,-482.2642702766938
perfect_v2v,random,11,700,0,0,0,42.889440104842194,-521.6153493716317
perfect_v2v,random,12,700,0,0,0,32.55038720887277,-503.6840339686524
perfect_v2v,random,13,700,0,0,0,20.08185535832737,-529.3052066574763
perfect_v2v,random,14,700,0,0,0,33.17274217171713,-501.26383969081604
perfect_v2v,random,15,700,0,0,0,48.5965442775976,-474.4415681383895
perfect_v2v,random,16,700,0,0,0,21.43447204141009,-527.182466170199
perfect_v2v,random,17,700,0,0,1,6.985585881591145,-520.0659026610114
perfect_v2v,random,18,700,0,0,0,33.94970501536409,-498.4586331138591
perfect_v2v,random,19,183,0,1,0,32.06532720598286,-56.344714168101845
perfect_v2v,random,20,700,0,0,0,19.500192380544494,-554.9702223249807
perfect_v2v,random,21,700,0,0,0,10.821232275653113,-575.7301150799772
perfect_v2v,random,22,639,0,1,0,12.696831005761124,-436.7600452838101
perfect_v2v,random,23,139,0,1,0,19.355181698516837,-113.56323745474504
perfect_v2v,random,24,700,0,0,0,31.15488652404278,-535.1815194676137
perfect_v2v,random,25,700,0,0,0,20.957917712186283,-548.8697768544876
perfect_v2v,random,26,700,0,0,0,9.9086038312717,-574.0622913808888
perfect_v2v,random,27,700,0,0,0,21.291326742367904,-552.9495678786195
perfect_v2v,random,28,700,0,0,0,26.48679823185078,-486.82033393137993
perfect_v2v,random,29,700,0,0,0,33.17122533362039,-499.0410807703601
perfect_v2v,random,30,700,0,0,0,39.58990109669643,-475.5106101864305
perfect_v2v,random,31,700,0,0,0,15.253328895986531,-557.0884177578306
perfect_v2v,random,32,700,0,0,0,34.122679540299885,-496.7320403631714
perfect_v2v,random,33,700,0,0,0,31.732725248829293,-465.1780062120693
perfect_v2v,random,34,700,0,0,0,52.583000821951764,-463.4825609264844
perfect_v2v,random,35,700,0,0,0,21.323536968877015,-537.782160108626
perfect_v2v,random,36,700,0,0,0,27.20095549676307,-593.0804545626986
perfect_v2v,random,37,700,0,0,0,27.244925425180767,-544.0589324351688
perfect_v2v,random,38,700,0,0,0,24.633219496952215,-536.3481973195552
perfect_v2v,random,39,512,0,1,0,33.800270434862476,-287.87141104240857
perfect_v2v,random,40,700,0,0,0,26.608093752323246,-509.4586806745362
perfect_v2v,random,41,575,0,1,0,21.04440607134654,-418.8333868940816
perfect_v2v,random,42,62,1,0,1,4.373189894987482,-99.05749133796563
perfect_v2v,random,43,700,0,0,0,32.135334946528374,-511.06374038501167
perfect_v2v,random,44,700,0,0,0,47.50743272696433,-501.5805285553564
perfect_v2v,random,45,122,0,1,1,6.982766553253783,-101.3276914288897
perfect_v2v,random,46,700,0,0,0,15.622233382045819,-494.8895663239515
perfect_v2v,random,47,700,0,0,0,33.21236165556316,-492.85861866641136
perfect_v2v,random,48,453,0,1,0,18.44764013086357,-307.69093520919637
perfect_v2v,random,49,700,0,0,0,22.467380844988714,-538.6853613682856
perfect_v2v,random,50,700,0,0,0,24.99765846257861,-498.3131668324725
perfect_v2v,random,51,700,0,0,0,19.583877837301788,-523.2538018547912
perfect_v2v,random,52,700,0,0,0,28.944562767203543,-525.6033456440953
perfect_v2v,random,53,700,0,0,0,48.2297136749659,-479.0472708511311
perfect_v2v,random,54,700,0,0,0,21.36261451198684,-570.1344134946826
perfect_v2v,random,55,700,0,0,0,22.61153998630159,-524.2216363877272
perfect_v2v,random,56,700,0,0,0,31.6033210482897,-454.6803589649825
perfect_v2v,random,57,700,0,0,0,19.72133955003373,-559.555967949558
perfect_v2v,random,58,700,0,0,0,35.73484300387649,-459.05172346732815
perfect_v2v,random,59,700,0,0,0,53.17336454381233,-461.03330238205467
perfect_v2v,random,60,700,0,0,0,38.32659855609874,-517.2383350286606
perfect_v2v,random,61,700,0,0,0,27.014432506485555,-492.03843877793463
perfect_v2v,random,62,700,0,0,0,27.469434225954505,-497.560901062187
perfect_v2v,random,63,700,0,0,0,45.26318747939156,-504.2660342817881
perfect_v2v,random,64,700,0,0,0,41.31783890987126,-477.48682717687984
perfect_v2v,random,65,700,0,0,0,30.502192860939203,-526.7038530887254
perfect_v2v,random,66,700,0,0,0,24.771118639292276,-545.040667631953
perfect_v2v,random,67,524,0,1,0,13.015494073900838,-376.2608830801647
perfect_v2v,random,68,579,0,1,0,14.305981630193724,-439.71241016850854
perfect_v2v,random,69,700,0,0,0,35.70883808345522,-507.8296750394485
perfect_v2v,random,70,512,0,1,0,23.86621644209924,-308.5701530221998
perfect_v2v,random,71,700,0,0,0,42.81236426795469,-489.07008769485145
perfect_v2v,random,72,700,0,0,0,33.21850783699182,-491.4456092735938
perfect_v2v,random,73,700,0,0,0,40.89231393640942,-459.0663809472892
perfect_v2v,random,74,113,0,1,1,6.189206503547292,-69.90420448577443
perfect_v2v,random,75,700,0,0,0,12.177418627653758,-567.1225571781744
perfect_v2v,random,76,700,0,0,0,26.61974283516799,-515.9518220958946
perfect_v2v,random,77,700,0,0,0,33.47139486469307,-465.32378458509476
perfect_v2v,random,78,171,0,1,0,13.242824318354508,-143.50141018124256
perfect_v2v,random,79,700,0,0,0,28.19196418549796,-517.9079017081181
perfect_v2v,random,80,700,0,0,0,21.890958033832927,-516.3958399058141
perfect_v2v,random,81,70,1,0,1,4.370676589639721,-102.82156335597163
perfect_v2v,random,82,700,0,0,0,37.07020886571072,-484.96315746961835
perfect_v2v,random,83,700,0,0,0,28.160396671041887,-529.0803731825895
perfect_v2v,random,84,167,0,1,0,10.417928315247233,-148.77084810997465
perfect_v2v,random,85,700,0,0,0,52.223246259059856,-471.4888629613563
perfect_v2v,random,86,700,0,0,0,34.344955384496984,-527.2245799516446
perfect_v2v,random,87,700,0,0,0,41.10021708871793,-481.92845758490455
perfect_v2v,random,88,700,0,0,0,37.70436213545268,-561.6833625214575
perfect_v2v,random,89,700,0,0,0,36.30187880748527,-499.3210553790195
perfect_v2v,random,90,700,0,0,0,44.36623559450678,-483.64683874006397
perfect_v2v,random,91,700,0,0,0,34.65685096693477,-501.0689626672849
perfect_v2v,random,92,700,0,0,0,44.53996920238314,-464.8306855709102
perfect_v2v,random,93,672,0,1,0,12.441452616488993,-493.9715395189571
perfect_v2v,random,94,700,0,0,0,40.40953962457528,-498.447245342456
perfect_v2v,random,95,700,0,0,0,33.8712163312888,-471.89814464688567
perfect_v2v,random,96,151,0,1,0,18.612702367988906,-93.05023660795769
perfect_v2v,random,97,700,0,0,0,60.79044782394887,-469.8268841356778
perfect_v2v,random,98,700,0,0,0,33.80774713185006,-493.8641189424079
perfect_v2v,random,99,700,0,0,0,23.154931440318602,-540.978382135298
perfect_v2v,random,100,700,0,0,0,18.186545549752594,-549.4777741077744
perfect_v2v,random,101,700,0,0,0,21.21400955538441,-537.1661765959605
perfect_v2v,random,102,700,0,0,0,49.3087582117473,-490.36506059042955
perfect_v2v,random,103,700,0,0,0,24.248951725315028,-567.5563181688597
perfect_v2v,random,104,700,0,0,0,38.04641795107358,-479.6755191133169
perfect_v2v,random,105,700,0,0,0,36.99284362609604,-517.23358613744
perfect_v2v,random,106,700,0,0,0,15.095925462139554,-529.5011461892186
perfect_v2v,random,107,700,0,0,0,28.512803173800616,-545.1395763035528
perfect_v2v,random,108,700,0,0,0,15.680046053746361,-543.5302052850229
perfect_v2v,random,109,700,0,0,0,18.815816303288905,-568.398745878422
perfect_v2v,random,110,231,0,1,1,6.886063521112193,-123.65158488944417
perfect_v2v,random,111,700,0,0,0,35.456498657946625,-507.50263062777105
perfect_v2v,random,112,700,0,0,0,45.06223230892264,-512.7646295106341
perfect_v2v,random,113,700,0,0,0,23.310469927782542,-518.6966434237208
perfect_v2v,random,114,700,0,0,0,43.40231235019771,-461.40086226183513
perfect_v2v,random,115,700,0,0,0,35.78606152792959,-484.9551563762632
perfect_v2v,random,116,700,0,0,0,24.08672906185623,-542.4246135232776
perfect_v2v,random,117,700,0,0,0,38.94372855803874,-494.1381535648878
perfect_v2v,random,118,700,0,0,0,34.29260960071699,-485.71264552939135
perfect_v2v,random,119,700,0,0,0,22.92085040387029,-514.7359719815803
perfect_v2v,random,120,700,0,0,0,41.21819413769568,-475.9679411859807
perfect_v2v,random,121,700,0,0,0,16.762687359456457,-532.354707014121
perfect_v2v,random,122,694,0,1,0,17.673128352307316,-479.0616285959526
perfect_v2v,random,123,653,0,1,0,16.449187652346215,-447.09028407072736
perfect_v2v,random,124,700,0,0,0,24.442464399554346,-535.9520091599961
perfect_v2v,random,125,700,0,0,0,43.71139131702864,-496.85347229744514
perfect_v2v,random,126,700,0,0,0,46.28073597247359,-494.53558161212965
perfect_v2v,random,127,700,0,0,0,43.111557843891156,-495.82475530447357
perfect_v2v,random,128,380,0,1,0,14.697659376031504,-278.131719868568
perfect_v2v,random,129,70,1,0,1,4.212905032361506,-190.00966883526473
perfect_v2v,random,130,700,0,0,0,15.218849320098544,-582.6135136884485
perfect_v2v,random,131,700,0,0,0,36.589079496921045,-475.2507183580031
perfect_v2v,random,132,103,0,1,0,10.201569471396807,-115.21212478310392
perfect_v2v,random,133,700,0,0,0,29.12085112633511,-527.7832438260313
perfect_v2v,random,134,518,0,1,0,9.760369797474086,-336.4908423249114
perfect_v2v,random,135,700,0,0,0,20.633045771495702,-512.2595077964637
perfect_v2v,random,136,700,0,0,0,36.86778284041328,-524.943949292144
perfect_v2v,random,137,700,0,0,0,11.023965954281719,-522.8577699196807
perfect_v2v,random,138,700,0,0,0,32.46675534538499,-490.2291441606842
perfect_v2v,random,139,700,0,0,0,39.85560251062741,-487.80481283857296
perfect_v2v,random,140,700,0,0,0,31.237118158112807,-512.9722071243765
perfect_v2v,random,141,700,0,0,0,30.966763853520657,-502.66319263760533
perfect_v2v,random,142,700,0,0,0,42.09093011146435,-483.25101716809746
perfect_v2v,random,143,700,0,0,0,28.283293284574064,-509.36944006122707
perfect_v2v,random,144,62,1,0,1,3.553076804175647,-119.28399866649644
perfect_v2v,random,145,700,0,0,0,15.567488099614048,-497.8813025589889
perfect_v2v,random,146,700,0,0,0,22.498404540597846,-534.516010635403
perfect_v2v,random,147,700,0,0,0,33.88242088206624,-492.1614784551433
perfect_v2v,random,148,700,0,0,0,41.9418286491793,-504.2239521567509
perfect_v2v,random,149,700,0,0,0,33.877677159151375,-499.3934512829786
perfect_v2v,random,150,700,0,0,0,58.27751019048759,-492.9707631685899
perfect_v2v,random,151,700,0,0,0,32.18634729721938,-516.8897411081047
perfect_v2v,random,152,700,0,0,0,23.37621813981632,-552.6475089711985
perfect_v2v,random,153,700,0,0,0,17.824626123284506,-539.0415432548069
perfect_v2v,random,154,499,0,1,0,20.712404621423453,-358.9100509612959
perfect_v2v,random,155,700,0,0,0,30.681472096998874,-521.2901614287099
perfect_v2v,random,156,700,0,0,0,26.0754950465643,-539.9596424039421
perfect_v2v,random,157,700,0,0,0,56.01644566711078,-478.4975898223142
perfect_v2v,random,158,700,0,0,0,40.58687322126231,-526.6246095714259
perfect_v2v,random,159,700,0,0,0,22.45829006681778,-556.4228959152566
perfect_v2v,random,160,700,0,0,0,34.45078856038447,-492.1842938086801
perfect_v2v,random,161,700,0,0,0,28.799975850165698,-522.9123880391948
perfect_v2v,random,162,700,0,0,0,42.622214754101876,-505.07448205182175
perfect_v2v,random,163,700,0,0,0,37.09746527927888,-519.2296809266718
perfect_v2v,random,164,700,0,0,0,11.594478657656511,-621.6375660784539
perfect_v2v,random,165,700,0,0,0,42.065026421980036,-501.5532656838095
perfect_v2v,random,166,700,0,0,0,35.43962539189251,-480.4464263940678
perfect_v2v,random,167,700,0,0,0,44.808649145328715,-518.4818047996998
perfect_v2v,random,168,700,0,0,0,22.03680419210421,-538.4513277805567
perfect_v2v,random,169,700,0,0,0,48.92908658797588,-493.8155518509912
perfect_v2v,random,170,700,0,0,0,28.15404149951242,-508.9792939842063
perfect_v2v,random,171,700,0,0,0,49.96044239426194,-491.3862111549262
perfect_v2v,random,172,700,0,0,0,54.28115119042054,-530.3352035124427
perfect_v2v,random,173,700,0,0,0,44.13343894053009,-483.32338843084887
perfect_v2v,random,174,58,1,0,1,3.8875842744224873,-261.3459249570431
perfect_v2v,random,175,700,0,0,0,40.49251120369765,-501.45167346434874
perfect_v2v,random,176,700,0,0,0,21.097242887579736,-518.2707108210091
perfect_v2v,random,177,700,0,0,0,26.092318665209426,-514.040904290027
perfect_v2v,random,178,700,0,0,0,21.08655100248745,-498.1681671936521
perfect_v2v,random,179,591,0,1,0,8.960263335549929,-450.3001826957263
perfect_v2v,random,180,700,0,0,0,25.809631666402552,-508.9399650565012
perfect_v2v,random,181,243,0,1,0,14.34857188000882,-174.69044886332617
perfect_v2v,random,182,700,0,0,0,22.994690165211132,-559.9554022479269
perfect_v2v,random,183,117,0,1,1,5.676158871190287,-154.52047396508073
perfect_v2v,random,184,700,0,0,0,51.050076379545814,-512.5732191720758
perfect_v2v,random,185,322,0,1,0,18.667652510908496,-247.07031548813626
perfect_v2v,random,186,700,0,0,0,25.04712894143514,-528.3709848848396
perfect_v2v,random,187,700,0,0,0,41.02563766206896,-495.1469260457471
perfect_v2v,random,188,700,0,0,0,36.14676998359528,-501.71106149899134
perfect_v2v,random,189,571,0,1,1,6.514574402112339,-449.6506807123745
perfect_v2v,random,190,700,0,0,0,40.08823017321078,-479.90582380465423
perfect_v2v,random,191,136,0,1,0,20.29440984047189,-79.50096174302342
perfect_v2v,random,192,700,0,0,0,45.19192225726012,-507.92157720712447
perfect_v2v,random,193,700,0,0,0,39.80348718866089,-488.280357485589
perfect_v2v,random,194,700,0,0,0,30.823418263004914,-495.0364236825275
perfect_v2v,random,195,700,0,0,0,26.18826519405039,-494.7153203192446
perfect_v2v,random,196,63,1,0,1,4.489946078682535,-250.55212855121786
perfect_v2v,random,197,700,0,0,0,28.321046324767252,-499.99245201201774
perfect_v2v,random,198,700,0,0,0,26.229166700793648,-534.2543432004736
perfect_v2v,random,199,700,0,0,0,43.249955563802004,-481.0877985417009
perfect_v2v,hold,0,100,0,1,1,7.216323861413761,-56.99863161236989
perfect_v2v,hold,1,104,0,1,0,20.350521052200765,-35.081910777496105
perfect_v2v,hold,2,69,1,0,1,3.7804303466934157,-235.55721959876195
perfect_v2v,hold,3,121,0,1,1,4.896775744537401,-89.42133215945
perfect_v2v,hold,4,91,0,1,1,6.879013972613114,22.174800475214568
perfect_v2v,hold,5,95,0,1,0,8.084426946095652,-50.89756536161252
perfect_v2v,hold,6,103,0,1,1,5.312930822346507,-67.06502946703834
perfect_v2v,hold,7,100,0,1,0,8.949189757776587,-57.0099092685393
perfect_v2v,hold,8,111,0,1,0,21.712587868603425,-39.214717275904334
perfect_v2v,hold,9,93,0,1,1,4.83670990446788,21.636604096946346
perfect_v2v,hold,10,91,0,1,0,11.443173335569103,22.685985477119434
perfect_v2v,hold,11,119,0,1,0,12.671293025750227,-67.38235567430306
perfect_v2v,hold,12,114,0,1,0,24.026158274541974,-37.27590562784346
perfect_v2v,hold,13,57,1,0,1,3.853317138464181,-209.31108481722003
perfect_v2v,hold,14,61,1,0,1,4.434351050204733,-129.28135360831985
perfect_v2v,hold,15,98,0,1,0,12.418808436531815,-44.96691737575114
perfect_v2v,hold,16,102,0,1,0,10.801466935820075,-53.04631743302235
perfect_v2v,hold,17,94,0,1,1,6.509952305358764,21.626482775010068
perfect_v2v,hold,18,108,0,1,0,16.33934393908495,-47.161833113859615
perfect_v2v,hold,19,108,0,1,0,19.706874035411605,-39.14018690102661
perfect_v2v,hold,20,113,0,1,0,15.758880269467285,-51.25086232498025
perfect_v2v,hold,21,58,1,0,1,4.054616651745194,-213.34457245539915
perfect_v2v,hold,22,110,0,1,0,9.326854992484172,-63.18065458769172
perfect_v2v,hold,23,98,0,1,0,12.343250067808967,-44.965809515291795
perfect_v2v,hold,24,111,0,1,1,7.230612154308038,-71.21123610847728
perfect_v2v,hold,25,118,0,1,1,6.374315413669682,-79.35147791083426
perfect_v2v,hold,26,105,0,1,0,8.341950951327009,-61.093187640663075
perfect_v2v,hold,27,98,0,1,1,6.00695496617326,-58.962268035216624
perfect_v2v,hold,28,94,0,1,1,5.135208306918052,-56.86748266195532
perfect_v2v,hold,29,123,0,1,0,15.478298308278937,-63.45338498832166
perfect_v2v,hold,30,115,0,1,0,16.33249015028442,-53.28594178801298
perfect_v2v,hold,31,92,0,1,0,11.398353248225382,22.153010894015157
perfect_v2v,hold,32,118,0,1,0,16.573204950450982,-57.35201525292345
perfect_v2v,hold,33,65,1,0,1,3.984296742447084,-225.47142620961023
perfect_v2v,hold,34,125,0,1,0,26.57110804150521,50.50079522105412
perfect_v2v,hold,35,67,1,0,1,3.9656304300276535,-231.52187515949146
perfect_v2v,hold,36,117,0,1,1,5.3867604900667825,-83.33484698961257
perfect_v2v,hold,37,98,0,1,0,13.43861623121763,-42.95629269696116
perfect_v2v,hold,38,65,1,0,1,4.312590062009257,-227.4455484140517
perfect_v2v,hold,39,105,0,1,0,13.342583441004951,-49.08309078197982
perfect_v2v,hold,40,59,1,0,1,4.434729375753078,-215.36159251783644
perfect_v2v,hold,41,91,0,1,0,10.864527985848095,-40.81561344704069
perfect_v2v,hold,42,62,1,0,1,4.296520764494491,-129.80277133796565
perfect_v2v,hold,43,60,1,0,1,4.350316324701112,-217.39453769760615
perfect_v2v,hold,44,120,0,1,0,10.344446034716725,-73.38398116174858
perfect_v2v,hold,45,62,1,0,1,3.7961096457257177,-221.42037468729166
perfect_v2v,hold,46,92,0,1,1,4.622245412025673,22.155135896116608
perfect_v2v,hold,47,97,0,1,0,8.780321261613187,-50.93235528173729
perfect_v2v,hold,48,109,0,1,0,11.017043968251864,-59.16603277241455
perfect_v2v,hold,49,110,0,1,0,13.095625886180828,-55.18430937320261
perfect_v2v,hold,50,96,0,1,0,8.37724602068488,-50.90187050499962
perfect_v2v,hold,51,56,1,0,1,3.490398442176297,-209.28239104836922
perfect_v2v,hold,52,101,0,1,1,6.602565251780321,-61.008867563389856
perfect_v2v,hold,53,125,0,1,0,22.732773650595103,-49.49075442567029
perfect_v2v,hold,54,115,0,1,0,18.47983795190747,-47.30054902951075
perfect_v2v,hold,55,94,0,1,0,13.050168522868205,-38.88496525061106
perfect_v2v,hold,56,97,0,1,0,15.01764701670992,20.553197767646406
perfect_v2v,hold,57,62,1,0,1,3.1338020712408037,-221.35535197863226
perfect_v2v,hold,58,112,0,1,0,21.229987694978764,-41.22671702531679
perfect_v2v,hold,59,102,0,1,0,17.452569502547043,-39.0261203549574
perfect_v2v,hold,60,111,0,1,1,6.618926593591141,-71.21755629378774
perfect_v2v,hold,61,109,0,1,0,12.466842908361633,-57.179848743512835
perfect_v2v,hold,62,101,0,1,1,6.3433241098063675,-63.0150526398167
perfect_v2v,hold,63,103,0,1,0,19.573215580029604,-35.04357027903957
perfect_v2v,hold,64,91,0,1,1,7.462216898258298,-46.82482165683216
perfect_v2v,hold,65,123,0,1,0,17.710919318936828,-59.456495092224884
perfect_v2v,hold,66,92,0,1,0,10.738017955112289,-40.82902608423508
perfect_v2v,hold,67,66,1,0,1,3.7180966811222214,-229.48145714406087
perfect_v2v,hold,68,105,0,1,0,11.886229313117731,-55.10040826191333
perfect_v2v,hold,69,62,1,0,1,4.031001786990233,-221.41613393707377
perfect_v2v,hold,70,109,0,1,0,16.20431287694482,-49.173254112481274
perfect_v2v,hold,71,114,0,1,0,8.623956412625484,-71.27309684271634
perfect_v2v,hold,72,94,0,1,1,4.581343722559835,21.620020636538253
perfect_v2v,hold,73,105,0,1,1,6.732280424537028,-65.09215202861441
perfect_v2v,hold,74,58,1,0,1,3.0093497151105937,-213.2825962115103
perfect_v2v,hold,75,70,1,0,1,4.054179157866692,-237.58271559015702
perfect_v2v,hold,76,95,0,1,0,8.868653653165522,-50.89636644613668
perfect_v2v,hold,77,96,0,1,1,7.5316195330903914,-52.90322973460948
perfect_v2v,hold,78,108,0,1,0,16.304388560892228,-47.141743836181135
perfect_v2v,hold,79,92,0,1,0,15.650340821817824,22.167364645612373
perfect_v2v,hold,80,59,1,0,1,4.2060675118700805,-215.35792162670788
perfect_v2v,hold,81,70,1,0,1,4.17390583297412,-133.4364433559716
perfect_v2v,hold,82,90,0,1,0,10.393602608928688,-40.79161744996169
perfect_v2v,hold,83,70,1,0,1,3.375298711911292,-237.51440715453077
perfect_v2v,hold,84,97,0,1,1,7.5994901434975635,-54.94129826300383
perfect_v2v,hold,85,123,0,1,0,15.649660084738581,-63.460088912693564
perfect_v2v,hold,86,65,1,0,1,3.8164719349058913,-131.36585995164523
perfect_v2v,hold,87,102,0,1,0,16.205107054029064,-41.04259456506959
perfect_v2v,hold,88,116,0,1,0,14.049791571579142,-61.3123051779922
perfect_v2v,hold,89,102,0,1,0,8.055821427772798,-59.03772648330121
perfect_v2v,hold,90,109,0,1,0,12.893056966171608,-57.18196537385815
perfect_v2v,hold,91,113,0,1,0,14.723470738353402,-57.247629096395315
perfect_v2v,hold,92,63,1,0,1,3.662432710165935,-223.39436557091048
perfect_v2v,hold,93,55,1,0,1,3.5444890643590656,-207.27312178889912
perfect_v2v,hold,94,115,0,1,0,14.582340364336794,-59.28170413907711
perfect_v2v,hold,95,103,0,1,0,18.154336140204727,-39.06180578796297
perfect_v2v,hold,96,97,0,1,1,7.407881116875455,-54.943997829092936
perfect_v2v,hold,97,60,1,0,1,3.8278963347904793,-217.3820915429991
perfect_v2v,hold,98,91,0,1,0,13.25555264684587,-34.824681612565584
perfect_v2v,hold,99,104,0,1,0,8.351499745782021,-61.08763686900629
perfect_v2v,hold,100,94,0,1,1,7.044414012429536,-52.88252840028798
perfect_v2v,hold,101,91,0,1,1,7.165399360691749,22.17521208484744
perfect_v2v,hold,102,118,0,1,0,10.819707897355775,-71.35229794593153
perfect_v2v,hold,103,112,0,1,0,9.38583074973205,-65.22280474721052
perfect_v2v,hold,104,94,0,1,0,9.815446920612716,-44.87932933551623
perfect_v2v,hold,105,100,0,1,0,19.686303657247773,-32.99745915494532
perfect_v2v,hold,106,58,1,0,1,4.2752639512221196,-127.73442642149045
perfect_v2v,hold,107,61,1,0,1,4.339795184767751,-215.3864433104253
perfect_v2v,hold,108,94,0,1,0,9.93684518012093,-44.86376871988864
perfect_v2v,hold,109,103,0,1,0,9.665231020284326,-57.059567589860094
perfect_v2v,hold,110,58,1,0,1,3.698920771303622,-213.26283433354155
perfect_v2v,hold,111,118,0,1,1,6.248869831471508,-81.35940756499417
perfect_v2v,hold,112,120,0,1,0,17.00377754366657,-59.39095722354057
perfect_v2v,hold,113,122,0,1,0,12.686916079153137,-67.43401647174426
perfect_v2v,hold,114,62,1,0,1,3.9017867453813886,-129.82974862644716
perfect_v2v,hold,115,98,0,1,1,5.421423224729802,-60.957982831875725
perfect_v2v,hold,116,117,0,1,0,14.496953430886814,-63.34404902872548
perfect_v2v,hold,117,93,0,1,1,7.7703297401071305,21.640810386497293
perfect_v2v,hold,118,92,0,1,0,11.904592780308873,-38.82294952645573
perfect_v2v,hold,119,56,1,0,1,3.614428120544197,-209.27510506913012
perfect_v2v,hold,120,61,1,0,1,3.9989985071734844,-128.76824486185728
perfect_v2v,hold,121,66,1,0,1,4.219677648360441,-130.8451229352966
perfect_v2v,hold,122,60,1,0,1,3.814652743393003,-128.79652030039
perfect_v2v,hold,123,61,1,0,1,3.8347281913610702,-219.36696532676893
perfect_v2v,hold,124,58,1,0,1,4.135139162769351,-213.34230949599805
perfect_v2v,hold,125,57,1,0,1,3.7630064913924146,-209.31809947761627
perfect_v2v,hold,126,125,0,1,0,29.775253707663683,50.50335200083309
perfect_v2v,hold,127,122,0,1,0,11.930083855427487,-71.44343883492061
perfect_v2v,hold,128,99,0,1,1,5.10339698264603,-62.98784411368153
perfect_v2v,hold,129,69,1,0,1,3.621215440187077,-133.4771182724348
perfect_v2v,hold,130,65,1,0,1,3.232256698225866,-227.4655045245563
perfect_v2v,hold,131,100,0,1,1,6.4132885637991475,-60.98960106085343
perfect_v2v,hold,132,119,0,1,0,16.452350830490282,-59.36646121966956
perfect_v2v,hold,133,55,1,0,1,3.546896530448555,-207.27848158257106
perfect_v2v,hold,134,56,1,0,1,3.609208543117365,-209.26864652845705
perfect_v2v,hold,135,68,1,0,1,4.344463211962191,-131.87937691614636
perfect_v2v,hold,136,119,0,1,0,10.173437817144938,-71.38363367870146
perfect_v2v,hold,137,59,1,0,1,3.2242407018802264,-215.29016423368802
perfect_v2v,hold,138,102,0,1,0,10.762245495475876,-53.040302669212934
perfect_v2v,hold,139,108,0,1,0,15.402457495633929,-47.14390155790899
perfect_v2v,hold,140,60,1,0,1,4.30001554250623,-215.3858600037164
perfect_v2v,hold,141,97,0,1,0,19.610212187155305,-28.937429138790947
perfect_v2v,hold,142,124,0,1,1,5.292364906824348,-91.48167989047366
perfect_v2v,hold,143,108,0,1,0,17.626412484971734,-45.14743753190004
perfect_v2v,hold,144,61,1,0,1,4.468298229977095,-129.30336918016044
perfect_v2v,hold,145,101,0,1,1,5.065885930195634,18.976605334324546
perfect_v2v,hold,146,58,1,0,1,3.705303187767103,-213.33396418781388
perfect_v2v,hold,147,55,1,0,1,3.445843078284572,-207.27105010440837
perfect_v2v,hold,148,61,1,0,1,3.453485102587722,-219.3928292334101
perfect_v2v,hold,149,122,0,1,0,13.807940986899979,-65.42071894704831
perfect_v2v,hold,150,125,0,1,0,20.94154275877668,-55.49825983875523
perfect_v2v,hold,151,64,1,0,1,3.6204407390194793,-225.4505630840818
perfect_v2v,hold,152,115,0,1,0,13.766146190905884,-59.304837811316546
perfect_v2v,hold,153,91,0,1,1,7.252702327790309,-46.832005538568836
perfect_v2v,hold,154,102,0,1,0,13.311090008595285,-47.02990228349243
perfect_v2v,hold,155,112,0,1,0,18.790245876096265,-45.224087095409104
perfect_v2v,hold,156,119,0,1,0,8.705011443379908,-75.37085786592571
perfect_v2v,hold,157,114,0,1,0,19.76261634359582,-45.26259810598546
perfect_v2v,hold,158,55,1,0,1,4.129413630789599,-205.28160224725013
perfect_v2v,hold,159,95,0,1,1,5.9576077552515825,-54.893109168443104
perfect_v2v,hold,160,103,0,1,0,10.278711168379717,-55.04893575758429
perfect_v2v,hold,161,106,0,1,0,15.875061266871159,-45.10764151700464
perfect_v2v,hold,162,122,0,1,1,7.3470809786661775,-83.43269259459669
perfect_v2v,hold,163,95,0,1,0,9.229968487311691,21.10391294047686
perfect_v2v,hold,164,122,0,1,0,13.974689946216932,-65.43115641138205
perfect_v2v,hold,165,106,0,1,1,5.638414180850526,-69.11361684155868
perfect_v2v,hold,166,98,0,1,1,6.711950403885734,20.054963869156495
perfect_v2v,hold,167,120,0,1,0,16.284564995053252,-59.39187650304288
perfect_v2v,hold,168,73,1,0,1,4.458593385453566,-135.52522077115503
perfect_v2v,hold,169,105,0,1,0,13.361287034716254,-51.108262178616485
perfect_v2v,hold,170,96,0,1,1,6.25867844914757,-56.901874326082094
perfect_v2v,hold,171,121,0,1,0,18.99667826319218,-55.40192652743502
perfect_v2v,hold,172,118,0,1,0,20.03373524363738,-49.34079835609097
perfect_v2v,hold,173,122,0,1,0,18.33789554807445,-55.43665527393439
perfect_v2v,hold,174,56,1,0,1,3.962075099708243,-209.29384337960312
perfect_v2v,hold,175,103,0,1,0,13.00310054694255,-47.04043621436571
perfect_v2v,hold,176,92,0,1,0,13.824526308883485,22.157924684437823
perfect_v2v,hold,177,64,1,0,1,3.565794569239033,-225.45406844033062
perfect_v2v,hold,178,59,1,0,1,3.1315200608525027,-215.34437120947544
perfect_v2v,hold,179,56,1,0,1,3.437515086622103,-209.2952592888758
perfect_v2v,hold,180,102,0,1,0,8.591195256873712,-59.03745576138407
perfect_v2v,hold,181,96,0,1,1,5.198482065361002,-56.902958910454956
perfect_v2v,hold,182,118,0,1,0,9.861702915930604,-71.34557431876256
perfect_v2v,hold,183,91,0,1,1,5.094168960547339,-52.817950195921696
perfect_v2v,hold,184,125,0,1,0,12.940788896204191,-73.4828327127136
perfect_v2v,hold,185,115,0,1,0,15.00657228311993,-57.30369372917825
perfect_v2v,hold,186,63,1,0,1,3.9188576189536932,-221.4262741615224
perfect_v2v,hold,187,114,0,1,0,8.4507536250864,-71.27223736854963
perfect_v2v,hold,188,121,0,1,0,14.587414861083658,-65.40928015652736
perfect_v2v,hold,189,64,1,0,1,4.364874637978073,-225.45354507541686
perfect_v2v,hold,190,104,0,1,0,10.260424243463147,18.437689700282498
perfect_v2v,hold,191,90,0,1,0,11.400308014794406,-38.8130180379935
perfect_v2v,hold,192,99,0,1,0,13.969513307421574,-42.98797171448905
perfect_v2v,hold,193,65,1,0,1,3.700810760218431,-227.43310752048995
perfect_v2v,hold,194,93,0,1,0,11.860258236509175,-40.86827106978977
perfect_v2v,hold,195,75,1,0,1,3.9832507094509015,-247.6795974840011
perfect_v2v,hold,196,60,1,0,1,4.439743286094411,-128.76441136325565
perfect_v2v,hold,197,56,1,0,1,3.167999241190596,-209.28654907897902
perfect_v2v,hold,198,95,0,1,0,14.582629769953204,-36.90335605046346
perfect_v2v,hold,199,99,0,1,0,12.790981254558268,-44.97395854170125
perfect_v2v,full,0,51,1,0,1,3.73823738350962,-55.21172134241372
perfect_v2v,full,1,80,0,1,1,7.665610134229053,-206.68857861162616
perfect_v2v,full,2,80,0,1,0,14.904292171260828,137.2858177178655
perfect_v2v,full,3,81,0,1,0,15.566082720466843,131.2827112480641
perfect_v2v,full,4,79,0,1,0,14.452750332626028,151.32286669306745
perfect_v2v,full,5,49,1,0,1,4.170954073757171,-387.23667183159205
perfect_v2v,full,6,80,0,1,1,7.212461973554881,113.31369739996717
perfect_v2v,full,7,51,1,0,1,4.029828365351161,-63.21263266816475
perfect_v2v,full,8,80,0,1,1,6.098561814088082,-218.7069117275907
perfect_v2v,full,9,79,0,1,0,12.775312424475517,151.31908635414868
perfect_v2v,full,10,79,0,1,0,18.35654938294394,151.32348808206217
perfect_v2v,full,11,81,0,1,1,6.861882621105369,83.28820556130557
perfect_v2v,full,12,80,0,1,1,7.638376921754023,-212.71542502242613
perfect_v2v,full,13,79,0,1,1,5.073862125348359,119.31877234101215
perfect_v2v,full,14,79,0,1,0,12.851037688459517,151.316824639168
perfect_v2v,full,15,48,1,0,1,4.472243510606533,-381.26263730934005
perfect_v2v,full,16,50,1,0,1,2.6880704083706823,-393.23581838512064
perfect_v2v,full,17,79,0,1,0,14.607387919018963,151.31763630806515
perfect_v2v,full,18,49,1,0,1,3.8664832638644304,-387.2696733107704
perfect_v2v,full,19,80,0,1,1,5.489328662380125,-218.69724363561022
perfect_v2v,full,20,50,1,0,1,3.4236684387422103,-393.2640552491048
perfect_v2v,full,21,79,0,1,0,8.051810685243225,135.31377110196854
perfect_v2v,full,22,80,0,1,1,4.965564536074543,89.29724623426964
perfect_v2v,full,23,48,1,0,1,4.370149232589207,-381.2625459394053
perfect_v2v,full,24,80,0,1,0,8.871799258335152,105.29343638915228
perfect_v2v,full,25,81,0,1,0,10.880186561803654,115.29221800990734
perfect_v2v,full,26,52,1,0,1,4.290594858884828,-61.20560650390993
perfect_v2v,full,27,51,1,0,1,4.347683985043926,-47.2070538585746
perfect_v2v,full,28,51,1,0,1,4.200046879253521,-39.19717436528743
perfect_v2v,full,29,81,0,1,1,5.121669894074794,59.27792631281558
perfect_v2v,full,30,50,1,0,1,3.6729011761056043,-393.2691559776854
perfect_v2v,full,31,79,0,1,0,18.665692682214765,151.3209522469239
perfect_v2v,full,32,51,1,0,1,3.9117811331098458,-399.259841694769
perfect_v2v,full,33,80,0,1,0,11.300459044024963,129.3049896547484
perfect_v2v,full,34,81,0,1,1,6.340003796693127,-220.22825860407477
perfect_v2v,full,35,80,0,1,0,13.739122367899226,129.29424747341812
perfect_v2v,full,36,81,0,1,0,13.883850659165267,123.29470300978477
perfect_v2v,full,37,48,1,0,1,4.449607695406313,-381.2618009162753
perfect_v2v,full,38,80,0,1,0,14.886491894973368,153.30903306030444
perfect_v2v,full,39,49,1,0,1,3.807129041347791,-387.2598520869019
perfect_v2v,full,40,79,0,1,0,9.95667216354785,135.31032917888177
perfect_v2v,full,41,48,1,0,1,4.332676501229475,-375.2470007470576
perfect_v2v,full,42,79,0,1,0,13.77301983791272,151.31328984646296
perfect_v2v,full,43,79,0,1,1,7.533386582716606,127.30465658337542
perfect_v2v,full,44,81,0,1,0,8.501634215690247,91.28745617560728
perfect_v2v,full,45,80,0,1,0,10.047576266248072,127.31671848876026
perfect_v2v,full,46,79,0,1,0,11.544109387991005,151.32106900528112
perfect_v2v,full,47,49,1,0,1,4.430476998113521,-387.2408709059598
perfect_v2v,full,48,53,1,0,1,4.2210108971191085,-69.19729889348663
perfect_v2v,full,49,51,1,0,1,3.4111964328925772,-399.23672259729545
perfect_v2v,full,50,49,1,0,1,4.2669720662583295,-387.237805195105
perfect_v2v,full,51,79,0,1,1,6.640358187085341,135.32283717742098
perfect_v2v,full,52,79,0,1,1,5.253163424957413,103.30185059492882
perfect_v2v,full,53,50,1,0,1,4.161769604113053,-393.2977045319304
perfect_v2v,full,54,50,1,0,1,3.013165384839577,-393.2706935820536
perfect_v2v,full,55,79,0,1,1,4.585920480307177,-218.6831022742332
perfect_v2v,full,56,79,0,1,0,24.92049324639549,63.31007567055753
perfect_v2v,full,57,79,0,1,0,12.722323876188252,151.30710400280233
perfect_v2v,full,58,80,0,1,1,5.557123452847013,-224.70880835386043
perfect_v2v,full,59,80,0,1,1,5.854156775488638,-218.68201864549144
perfect_v2v,full,60,80,0,1,1,7.852800107833682,105.29280437062124
perfect_v2v,full,61,52,1,0,1,3.668478650907926,-77.21710607572811
perfect_v2v,full,62,80,0,1,1,6.106781732733,103.31975578881466
perfect_v2v,full,63,80,0,1,1,7.440633380846817,-206.68440914226846
perfect_v2v,full,64,48,1,0,1,4.130722192911268,-381.24751231426825
perfect_v2v,full,65,52,1,0,1,3.6455539163290935,-405.25603058435354
perfect_v2v,full,66,48,1,0,1,4.122200280639833,-375.2484607738588
perfect_v2v,full,67,80,0,1,0,13.858358354972303,145.3021758239906
perfect_v2v,full,68,51,1,0,1,3.1124494520504076,-399.22470079441456
perfect_v2v,full,69,80,0,1,0,11.72016283825072,135.31734417321863
perfect_v2v,full,70,49,1,0,1,4.123893967823248,-387.2716344003451
perfect_v2v,full,71,80,0,1,0,9.225304804885203,105.28487325564078
perfect_v2v,full,72,79,0,1,0,12.24818752938441,151.31721939590568
perfect_v2v,full,73,80,0,1,1,6.194728836876294,105.30969307417165
perfect_v2v,full,74,79,0,1,0,9.295318717220658,151.32047618826206
perfect_v2v,full,75,81,0,1,0,15.388737148684307,137.2986512017118
perfect_v2v,full,76,49,1,0,1,3.7170318149667922,-387.2365953050723
perfect_v2v,full,77,49,1,0,1,4.391333462568028,-387.23790534886575
perfect_v2v,full,78,49,1,0,1,3.878973775659969,-387.26778914356805
perfect_v2v,full,79,79,0,1,0,22.931605752918905,151.32174091459407
perfect_v2v,full,80,79,0,1,0,8.483181149024986,143.31077221746625
perfect_v2v,full,81,80,0,1,0,18.869456425741244,153.30407487594613
perfect_v2v,full,82,48,1,0,1,4.281203109324296,-375.2449133398853
perfect_v2v,full,83,80,0,1,0,17.426036482230217,153.29197335217626
perfect_v2v,full,84,51,1,0,1,3.4731762500080863,-399.20472299834387
perfect_v2v,full,85,81,0,1,1,4.856376774994838,59.27715701001877
perfect_v2v,full,86,79,0,1,0,14.948738498409549,151.30182750604433
perfect_v2v,full,87,49,1,0,1,4.298021679117186,-375.2538866444119
perfect_v2v,full,88,81,0,1,1,4.523183625133106,65.29783945968776
perfect_v2v,full,89,80,0,1,1,4.835300083824566,95.31694714505238
perfect_v2v,full,90,51,1,0,1,3.8885615582357067,-399.23572165844837
perfect_v2v,full,91,52,1,0,1,3.321120503465882,-405.2269088317565
perfect_v2v,full,92,80,0,1,0,12.491888527168905,151.319106377947
perfect_v2v,full,93,79,0,1,1,5.4360365319041115,135.32490353806492
perfect_v2v,full,94,52,1,0,1,4.19420050689054,-93.2319099093765
perfect_v2v,full,95,80,0,1,1,5.727190030435803,-218.68601815776168
perfect_v2v,full,96,51,1,0,1,3.271728125006463,-399.2049198417045
perfect_v2v,full,97,79,0,1,0,8.155395017370692,127.30634419755943
perfect_v2v,full,98,79,0,1,1,6.344492999273925,-206.67710453403163
perfect_v2v,full,99,80,0,1,1,5.0617695476332765,97.31092105028097
perfect_v2v,full,100,49,1,0,1,4.238422348913727,-387.2349450580829
perfect_v2v,full,101,79,0,1,0,14.39989268060739,151.3228895602693
perfect_v2v,full,102,81,0,1,0,8.814607221858592,91.29212689489654
perfect_v2v,full,103,80,0,1,1,5.968391790760155,89.29157934937552
perfect_v2v,full,104,48,1,0,1,4.117577044816982,-381.2531386668073
perfect_v2v,full,105,79,0,1,0,8.806626648496584,-200.69642659837862
perfect_v2v,full,106,79,0,1,0,9.816018736023123,151.32475557706223
perfect_v2v,full,107,79,0,1,1,6.921083423750561,119.30436755860994
perfect_v2v,full,108,48,1,0,1,3.9376129809819664,-381.2521347561216
perfect_v2v,full,109,52,1,0,1,3.8423636775469165,-61.20102066969349
perfect_v2v,full,110,79,0,1,0,10.077802510732171,151.32226365495248
perfect_v2v,full,111,81,0,1,0,12.173230354912521,115.29133693722285
perfect_v2v,full,112,52,1,0,1,4.434460358488899,-101.24690591517664
perfect_v2v,full,113,81,0,1,1,6.1985861792142805,75.2806856974841
perfect_v2v,full,114,79,0,1,0,12.720905046373366,151.31019409204703
perfect_v2v,full,115,79,0,1,1,5.283582424782443,111.30847711522547
perfect_v2v,full,116,81,0,1,1,5.269372795925075,67.29367174678075
perfect_v2v,full,117,79,0,1,0,15.519188834681788,151.31936067738025
perfect_v2v,full,118,79,0,1,1,4.731675311687293,-218.67772689705822
perfect_v2v,full,119,79,0,1,1,7.568312019871343,143.32349953916997
perfect_v2v,full,120,79,0,1,0,11.535251528306823,151.31813551381427
perfect_v2v,full,121,79,0,1,0,15.895728724576383,151.30316025411733
perfect_v2v,full,122,79,0,1,0,11.197065160376784,151.3165003084349
perfect_v2v,full,123,79,0,1,0,10.840793844512154,151.30696462309743
perfect_v2v,full,124,79,0,1,0,8.669674808104599,135.31404900926339
perfect_v2v,full,125,79,0,1,1,5.098038757381135,119.3180207702554
perfect_v2v,full,126,81,0,1,0,10.30662062297649,-191.727969935389
perfect_v2v,full,127,81,0,1,1,7.542463032027294,83.27959550670336
perfect_v2v,full,128,79,0,1,1,5.898730724983597,111.30518497031169
perfect_v2v,full,129,80,0,1,0,18.030245296685663,153.29914380887084
perfect_v2v,full,130,80,0,1,0,11.40197996234798,137.30591491803807
perfect_v2v,full,131,79,0,1,1,5.033662809722861,103.30420839912293
perfect_v2v,full,132,52,1,0,1,4.280079732884589,-101.24364335470932
perfect_v2v,full,133,52,1,0,1,4.397557698070122,-23.17239273912695
perfect_v2v,full,134,79,0,1,1,7.531149890239329,143.3240866792312
perfect_v2v,full,135,80,0,1,0,17.38695684666613,153.31456727992062
perfect_v2v,full,136,81,0,1,1,7.575052972210433,91.2880647642108
perfect_v2v,full,137,79,0,1,0,10.031815423363984,151.3183912861702
perfect_v2v,full,138,50,1,0,1,3.856959122885477,-393.2352824160683
perfect_v2v,full,139,49,1,0,1,3.8620974810187256,-387.26799079980435
perfect_v2v,full,140,79,0,1,1,7.511276358641728,119.30583321983505
perfect_v2v,full,141,79,0,1,0,10.183211068394725,-188.68924087470273
perfect_v2v,full,142,81,0,1,0,15.615813044863634,131.2741957848241
perfect_v2v,full,143,49,1,0,1,3.7833489931198696,-387.2683212646633
perfect_v2v,full,144,79,0,1,0,12.26540104680337,151.31455359564794
perfect_v2v,full,145,80,0,1,0,17.246486480054465,151.31908842674596
perfect_v2v,full,146,79,0,1,1,7.833849382225484,135.3150690328617
perfect_v2v,full,147,51,1,0,1,3.9891118263066514,-31.19010463929709
perfect_v2v,full,148,79,0,1,0,9.315681848373698,127.30351610221199
perfect_v2v,full,149,81,0,1,1,5.215448151240309,67.28222425406051
perfect_v2v,full,150,51,1,0,1,4.287863676762813,-399.2801519172786
perfect_v2v,full,151,80,0,1,0,12.414837319909909,137.30961220887588
perfect_v2v,full,152,51,1,0,1,4.350710331017912,-95.25274503277014
perfect_v2v,full,153,48,1,0,1,4.3651880432187,-381.24791141880917
perfect_v2v,full,154,49,1,0,1,3.1300899826077355,-387.25275564902387
perfect_v2v,full,155,49,1,0,1,4.19320665980066,-387.2789477301755
perfect_v2v,full,156,81,0,1,0,8.637986212782069,99.2894722690082
perfect_v2v,full,157,49,1,0,1,4.423030258864436,-387.2844118342638
perfect_v2v,full,158,50,1,0,1,4.401466635664795,-41.20948168956021
perfect_v2v,full,159,50,1,0,1,4.327843305903215,-49.217987393730425
perfect_v2v,full,160,50,1,0,1,4.171273187017158,-393.23688256684545
perfect_v2v,full,161,49,1,0,1,3.5376641505030055,-387.26301347780975
perfect_v2v,full,162,81,0,1,0,12.937440039831042,115.28083887335237
perfect_v2v,full,163,79,0,1,0,17.6133411362265,151.31542252811553
perfect_v2v,full,164,81,0,1,1,5.721142343891933,67.28101661355905
perfect_v2v,full,165,80,0,1,0,8.969297465872378,113.30681744366103
perfect_v2v,full,166,79,0,1,0,16.766078818912327,151.30941141323808
perfect_v2v,full,167,52,1,0,1,4.4977647903269355,-101.24700634066855
perfect_v2v,full,168,80,0,1,0,20.713936406890298,153.28680987147416
perfect_v2v,full,169,50,1,0,1,2.7957541066150653,-393.2438559787129
perfect_v2v,full,170,51,1,0,1,4.347285268400024,-47.20100547665869
perfect_v2v,full,171,51,1,0,1,3.2407568395310107,-399.26704870713854
perfect_v2v,full,172,50,1,0,1,3.4197657608073473,-393.2769953728988
perfect_v2v,full,173,51,1,0,1,3.798882014395326,-399.27161961847156
perfect_v2v,full,174,79,0,1,1,7.265534806875737,135.3217960563997
perfect_v2v,full,175,49,1,0,1,3.2670970993732222,-387.2545326071497
perfect_v2v,full,176,79,0,1,0,21.35996384643393,151.32122223540867
perfect_v2v,full,177,80,0,1,0,11.396334713061671,137.30905580312213
perfect_v2v,full,178,79,0,1,1,7.3480755891434315,135.3124076126495
perfect_v2v,full,179,79,0,1,1,5.891506507031017,127.32166733737493
perfect_v2v,full,180,52,1,0,1,3.9988665499407365,-63.19822873121241
perfect_v2v,full,181,52,1,0,1,4.117098493931374,-39.18268539340196
perfect_v2v,full,182,81,0,1,0,8.532835396016148,99.29287396458193
perfect_v2v,full,183,50,1,0,1,3.500376555469524,-393.2103305664399
perfect_v2v,full,184,81,0,1,0,9.293975366560217,83.27358985501616
perfect_v2v,full,185,51,1,0,1,4.247486820141297,-399.2526246030712
perfect_v2v,full,186,80,0,1,0,9.640408097004377,121.31448278300482
perfect_v2v,full,187,80,0,1,0,8.631800520577224,105.28496452723371
perfect_v2v,full,188,81,0,1,1,6.207345620005815,75.28411731507177
perfect_v2v,full,189,80,0,1,0,12.800956585055559,145.30913887691793
perfect_v2v,full,190,80,0,1,0,23.263945934308644,153.31313405148097
perfect_v2v,full,191,79,0,1,1,4.933832527554326,-218.67571562011221
perfect_v2v,full,192,49,1,0,1,3.645208901005108,-381.2468254460805
perfect_v2v,full,193,80,0,1,0,14.60063688794104,153.3109192549311
perfect_v2v,full,194,48,1,0,1,4.219411341517313,-375.2516315915078
perfect_v2v,full,195,81,0,1,0,18.498383291316326,139.275816692216
perfect_v2v,full,196,79,0,1,0,12.191407343389052,151.31976562407567
perfect_v2v,full,197,79,0,1,1,6.245664271301934,135.32245917463825
perfect_v2v,full,198,79,0,1,1,5.829624617306584,-212.68505502503473
perfect_v2v,full,199,48,1,0,1,4.4080160579066465,-381.264081513608
perfect_v2v,rule,0,128,0,1,0,27.64824737114179,28.05706368918222
perfect_v2v,rule,1,119,0,1,0,33.43948363478803,34.6279515364604
perfect_v2v,rule,2,141,0,1,0,26.062473928068037,13.294966708430977
perfect_v2v,rule,3,141,0,1,0,25.338137120550638,8.574952480640988
perfect_v2v,rule,4,79,0,1,0,14.452750332626028,151.2228666930675
perfect_v2v,rule,5,125,0,1,0,31.09951887526558,32.7918754804265
perfect_v2v,rule,6,132,0,1,0,27.78871524655596,23.569435488411038
perfect_v2v,rule,7,128,0,1,0,31.394137528651502,28.055556392884327
perfect_v2v,rule,8,121,0,1,0,33.71345258534028,25.588832062649633
perfect_v2v,rule,9,79,0,1,0,12.775312424475517,151.21908635414866
perfect_v2v,rule,10,79,0,1,0,18.35654938294394,151.2234880820622
perfect_v2v,rule,11,132,0,1,0,28.57375183764279,16.560249887002385
perfect_v2v,rule,12,121,0,1,0,34.01808669246583,28.49758977574098
perfect_v2v,rule,13,129,0,1,0,30.950053070881,33.025543274925965
perfect_v2v,rule,14,79,0,1,0,12.851037688459517,151.216824639168
perfect_v2v,rule,15,123,0,1,0,32.008634893176755,33.547181032560786
perfect_v2v,rule,16,127,0,1,0,29.75636509764792,27.076942608308517
perfect_v2v,rule,17,79,0,1,0,14.607387919018963,151.21763630806515
perfect_v2v,rule,18,123,0,1,0,31.107577003296132,28.544786916907615
perfect_v2v,rule,19,121,0,1,0,33.32301403422853,27.580756372680028
perfect_v2v,rule,20,126,0,1,0,29.85789653879132,22.083291155156154
perfect_v2v,rule,21,132,0,1,0,29.003319357138157,26.576893479696913
perfect_v2v,rule,22,130,0,1,0,26.980732705245945,22.292244020071088
perfect_v2v,rule,23,123,0,1,0,31.261006100869302,29.852894424065823
perfect_v2v,rule,24,134,0,1,0,27.62418256817977,17.836407250659278
perfect_v2v,rule,25,137,0,1,0,24.048100538883663,13.058957642107565
perfect_v2v,rule,26,129,0,1,0,27.633056321101556,24.31719674995283
perfect_v2v,rule,27,128,0,1,0,27.87692400005852,30.0495599951285
perfect_v2v,rule,28,128,0,1,0,31.23544471811362,31.043995934749393
perfect_v2v,rule,29,131,0,1,0,28.956814678861214,15.573178619001993
perfect_v2v,rule,30,126,0,1,0,29.75483917631496,18.377198565774997
perfect_v2v,rule,31,79,0,1,0,18.665692682214765,151.2209522469239
perfect_v2v,rule,32,128,0,1,0,29.887849233741196,18.34944805879293
perfect_v2v,rule,33,135,0,1,0,28.18181662238367,20.80318137362871
perfect_v2v,rule,34,122,0,1,0,33.42960200434873,20.956839207641455
perfect_v2v,rule,35,137,0,1,0,26.769323417936835,16.051306944078547
perfect_v2v,rule,36,139,0,1,0,26.976374180177885,8.612422719253871
perfect_v2v,rule,37,122,0,1,0,31.54277255679111,32.559864161522285
perfect_v2v,rule,38,141,0,1,0,26.18160637176003,16.297662844262163
perfect_v2v,rule,39,125,0,1,0,30.239137810788318,27.80427791379297
perfect_v2v,rule,40,133,0,1,0,28.96507272467372,26.54796737319951
perfect_v2v,rule,41,122,0,1,0,32.4231612541978,39.27522192120066
perfect_v2v,rule,42,79,0,1,0,13.77301983791272,151.21328984646294
perfect_v2v,rule,43,133,0,1,0,25.391269281134704,24.54467362569465
perfect_v2v,rule,44,135,0,1,0,27.027060877369898,12.10774827164429
perfect_v2v,rule,45,134,0,1,0,28.177258138321186,24.528253222790656
perfect_v2v,rule,46,79,0,1,0,11.544109387991005,151.22106900528112
perfect_v2v,rule,47,126,0,1,0,31.195001246565123,32.79880239357105
perfect_v2v,rule,48,128,0,1,0,29.330899429681214,25.034923684290586
perfect_v2v,rule,49,127,0,1,0,29.53954213217611,24.066268430977264
perfect_v2v,rule,50,125,0,1,0,31.322895104586458,32.80262797242179
perfect_v2v,rule,51,130,0,1,0,27.427068177265806,32.294319177461276
perfect_v2v,rule,52,130,0,1,0,29.36843438128364,26.31648084322725
perfect_v2v,rule,53,125,0,1,0,31.753666990117395,18.096765574329332
perfect_v2v,rule,54,124,0,1,0,30.021011600206705,23.826670783948625
perfect_v2v,rule,55,120,0,1,0,32.33837784960188,36.301164894378914
perfect_v2v,rule,56,81,0,1,0,24.154927671055635,63.19510480637197
perfect_v2v,rule,57,137,0,1,0,27.74811404943462,21.066528047639938
perfect_v2v,rule,58,121,0,1,0,32.926754604589384,25.5724615942523
perfect_v2v,rule,59,120,0,1,0,32.936888473688725,33.30168235406039
perfect_v2v,rule,60,134,0,1,0,25.09911407317781,17.8330855720571
perfect_v2v,rule,61,128,0,1,0,30.637952161121227,21.34171712568443
perfect_v2v,rule,62,131,0,1,0,30.669850393497498,23.57995156823864
perfect_v2v,rule,63,120,0,1,0,34.072555510454535,34.01615467445358
perfect_v2v,rule,64,123,0,1,0,29.72508623598265,36.549019531849524
perfect_v2v,rule,65,128,0,1,0,29.153858351910237,16.35105969907707
perfect_v2v,rule,66,121,0,1,0,31.713582520822552,39.27406142738214
perfect_v2v,rule,67,140,0,1,0,25.001023969344754,15.310803953469637
perfect_v2v,rule,68,127,0,1,0,31.246059977275507,25.073569990374477
perfect_v2v,rule,69,135,0,1,0,27.7614314506344,21.79619102347744
perfect_v2v,rule,70,125,0,1,0,31.586347952969412,25.818186759744165
perfect_v2v,rule,71,134,0,1,0,28.178623855674743,15.821798583351878
perfect_v2v,rule,72,79,0,1,0,12.24818752938441,151.2172193959057
perfect_v2v,rule,73,131,0,1,0,27.872564614444794,21.57784996423162
perfect_v2v,rule,74,133,0,1,0,28.51982261698584,29.546636141765838
perfect_v2v,rule,75,142,0,1,0,25.114077466401934,9.565351620113717
perfect_v2v,rule,76,125,0,1,0,32.32125932431939,32.79489702850104
perfect_v2v,rule,77,125,0,1,0,29.691548432738585,32.79509382008892
perfect_v2v,rule,78,124,0,1,0,32.396575508192285,26.819553534110053
perfect_v2v,rule,79,79,0,1,0,22.931605752918905,151.22174091459408
perfect_v2v,rule,80,134,0,1,0,25.4128497886303,23.823712131859278
perfect_v2v,rule,81,80,0,1,0,18.869456425741244,153.20407487594613
perfect_v2v,rule,82,121,0,1,0,32.573164349221635,39.29919984274779
perfect_v2v,rule,83,144,0,1,0,23.748597435033716,12.522213578291371
perfect_v2v,rule,84,127,0,1,0,31.509186324678755,30.058826029807236
perfect_v2v,rule,85,131,0,1,0,28.78580127829328,11.897715093031167
perfect_v2v,rule,86,79,0,1,0,14.948738498409549,151.20182750604434
perfect_v2v,rule,87,122,0,1,0,32.71680988281546,30.56283066957039
perfect_v2v,rule,88,129,0,1,0,29.750256303747186,19.312154236669738
perfect_v2v,rule,89,129,0,1,0,30.36379321342985,28.03087495185617
perfect_v2v,rule,90,128,0,1,0,30.79721957600088,21.339228125184913
perfect_v2v,rule,91,128,0,1,0,31.29841001986607,20.357614863908637
perfect_v2v,rule,92,139,0,1,0,25.163145216842313,21.030585019585978
perfect_v2v,rule,93,129,0,1,0,28.99172811477321,34.03129057446165
perfect_v2v,rule,94,128,0,1,0,30.67884010665998,19.335406792432064
perfect_v2v,rule,95,121,0,1,0,33.75894805244275,28.58919789651416
perfect_v2v,rule,96,127,0,1,0,30.823072995172577,30.055282849315606
perfect_v2v,rule,97,132,0,1,0,27.84003464133622,24.563486235035768
perfect_v2v,rule,98,119,0,1,0,32.89712973217668,40.03425299685819
perfect_v2v,rule,99,130,0,1,0,29.19716383451005,24.313548387360726
perfect_v2v,rule,100,126,0,1,0,30.49637339561193,33.78485795660242
perfect_v2v,rule,101,79,0,1,0,14.39989268060739,151.2228895602693
perfect_v2v,rule,102,135,0,1,0,29.235333133752054,12.1093326089334
perfect_v2v,rule,103,131,0,1,0,26.670468248362333,18.58222867443829
perfect_v2v,rule,104,123,0,1,0,31.03732692228196,35.5538071082472
perfect_v2v,rule,105,118,0,1,0,34.451075337170764,38.04386099870127
perfect_v2v,rule,106,79,0,1,0,9.816018736023123,151.22475557706224
perfect_v2v,rule,107,130,0,1,0,28.235246756888415,27.295146882585293
perfect_v2v,rule,108,123,0,1,0,30.988773371373128,35.54301995885527
perfect_v2v,rule,109,127,0,1,0,30.65828972245377,27.05851062429099
perfect_v2v,rule,110,133,0,1,0,27.76717639349347,29.54632049074585
perfect_v2v,rule,111,139,0,1,0,25.717979163698654,10.325650564365752
perfect_v2v,rule,112,129,0,1,0,30.98522849418084,18.3304648351838
perfect_v2v,rule,113,133,0,1,0,26.528656454502432,12.851996576278701
perfect_v2v,rule,114,79,0,1,0,12.720905046373366,151.21019409204706
perfect_v2v,rule,115,130,0,1,0,29.70003356592282,27.306095409155386
perfect_v2v,rule,116,130,0,1,0,30.6968234789512,19.30306271805504
perfect_v2v,rule,117,79,0,1,0,15.519188834681788,151.21936067738025
perfect_v2v,rule,118,120,0,1,0,32.71495191980161,38.303219850019765
perfect_v2v,rule,119,131,0,1,0,29.637209683174696,32.28522801841955
perfect_v2v,rule,120,79,0,1,0,11.535251528306823,151.21813551381427
perfect_v2v,rule,121,79,0,1,0,15.895728724576383,151.20316025411734
perfect_v2v,rule,122,79,0,1,0,11.197065160376784,151.21650030843492
perfect_v2v,rule,123,136,0,1,0,24.764277445446083,23.793928014769545
perfect_v2v,rule,124,132,0,1,0,29.55262359863709,30.279214316215292
perfect_v2v,rule,125,129,0,1,0,28.896210509531883,33.01382976544882
perfect_v2v,rule,126,119,0,1,0,34.315650866282645,40.3249162588573
perfect_v2v,rule,127,135,0,1,0,27.150969694303846,10.110596992732042
perfect_v2v,rule,128,131,0,1,0,28.840143232976526,27.294655767565082
perfect_v2v,rule,129,80,0,1,0,18.030245296685663,153.19914380887084
perfect_v2v,rule,130,137,0,1,0,24.97326496939928,18.054042885317575
perfect_v2v,rule,131,128,0,1,0,29.23135961784657,26.333128336076644
perfect_v2v,rule,132,128,0,1,0,30.569022275284844,18.344739534762766
perfect_v2v,rule,133,129,0,1,0,29.50682905802349,34.0301058783502
perfect_v2v,rule,134,131,0,1,0,28.24374596789615,32.290413660010785
perfect_v2v,rule,135,80,0,1,0,17.38695684666613,153.21456727992063
perfect_v2v,rule,136,133,0,1,0,25.193384119612325,14.83477452890984
perfect_v2v,rule,137,135,0,1,0,26.738394231832842,29.518525391134855
perfect_v2v,rule,138,127,0,1,0,31.1316737696843,27.077246175041388
perfect_v2v,rule,139,124,0,1,0,30.6346587442315,26.817073162403886
perfect_v2v,rule,140,131,0,1,0,28.845387216345575,27.28934982231957
perfect_v2v,rule,141,117,0,1,0,34.85548845415684,42.06617979062737
perfect_v2v,rule,142,143,0,1,0,24.62609309282844,3.848145817501525
perfect_v2v,rule,143,123,0,1,0,32.77657180969169,28.541520571104623
perfect_v2v,rule,144,79,0,1,0,12.26540104680337,151.21455359564794
perfect_v2v,rule,145,80,0,1,0,17.246486480054465,151.21908842674594
perfect_v2v,rule,146,132,0,1,0,27.689921308510048,30.259993884147203
perfect_v2v,rule,147,127,0,1,0,30.61091022237553,36.763923089713444
perfect_v2v,rule,148,133,0,1,0,28.38907258286473,24.551295686497898
perfect_v2v,rule,149,131,0,1,0,26.938936288204534,15.595808073419107
perfect_v2v,rule,150,127,0,1,0,31.6748057597551,15.353672744490922
perfect_v2v,rule,151,137,0,1,0,26.76794758084911,18.076966040712094
perfect_v2v,rule,152,129,0,1,0,28.070837606451406,19.32725298378531
perfect_v2v,rule,153,123,0,1,0,29.692850495184963,36.539281381050856
perfect_v2v,rule,154,123,0,1,0,30.954532472523137,31.53532120211755
perfect_v2v,rule,155,123,0,1,0,31.766599558536075,27.54464517441503
perfect_v2v,rule,156,135,0,1,0,24.843162890579165,12.104049542084653
perfect_v2v,rule,157,123,0,1,0,32.19086060900993,23.83693301831616
perfect_v2v,rule,158,127,0,1,0,30.780401369665103,33.06090142308288
perfect_v2v,rule,159,127,0,1,0,29.61887956128322,33.76226473166118
perfect_v2v,rule,160,127,0,1,0,29.900630790758242,27.06204406416063
perfect_v2v,rule,161,124,0,1,0,31.79992130892323,26.838454222937408
perfect_v2v,rule,162,140,0,1,0,26.338122779812842,6.606740242569913
perfect_v2v,rule,163,79,0,1,0,17.6133411362265,151.21542252811554
perfect_v2v,rule,164,131,0,1,0,27.43427732861922,15.584594268762565
perfect_v2v,rule,165,134,0,1,0,28.958010676352657,18.831232000691934
perfect_v2v,rule,166,79,0,1,0,16.766078818912327,151.2094114132381
perfect_v2v,rule,167,129,0,1,0,29.804402196144398,18.32947603034032
perfect_v2v,rule,168,80,0,1,0,20.713936406890298,153.18680987147417
perfect_v2v,rule,169,125,0,1,0,31.03479934656219,27.799225863957616
perfect_v2v,rule,170,127,0,1,0,31.19579009894539,33.76766142014357
perfect_v2v,rule,171,128,0,1,0,31.489711126553694,16.35392109179825
perfect_v2v,rule,172,125,0,1,0,32.042879873259764,19.1148010585019
perfect_v2v,rule,173,128,0,1,0,29.654749865305135,16.356879175292057
perfect_v2v,rule,174,130,0,1,0,30.114610249833873,33.997698255112994
perfect_v2v,rule,175,124,0,1,0,30.22541085759245,27.82304103561815
perfect_v2v,rule,176,79,0,1,0,21.35996384643393,151.22122223540867
perfect_v2v,rule,177,137,0,1,0,27.03039359753674,18.07947892246115
perfect_v2v,rule,178,132,0,1,0,25.428553488026132,26.551376751012082
perfect_v2v,rule,179,130,0,1,0,31.14903568269545,30.314537304273376
perfect_v2v,rule,180,128,0,1,0,30.040994398637245,28.03800790400262
perfect_v2v,rule,181,128,0,1,0,29.961332780100822,31.032170719707363
perfect_v2v,rule,182,135,0,1,0,27.345732002327857,12.117033173383241
perfect_v2v,rule,183,126,0,1,0,31.25589108651406,35.7767758389971
perfect_v2v,rule,184,135,0,1,0,28.69266417871698,10.1011143265832
perfect_v2v,rule,185,128,0,1,0,29.363750122745735,22.05410961749483
perfect_v2v,rule,186,134,0,1,0,29.1711927871748,20.837454459960263
perfect_v2v,rule,187,134,0,1,0,27.302575781425148,15.822810176840527
perfect_v2v,rule,188,131,0,1,0,29.621393258082623,15.594666497095254
perfect_v2v,rule,189,138,0,1,0,25.407316903523984,19.03504261377581
perfect_v2v,rule,190,80,0,1,0,23.263945934308644,153.21313405148098
perfect_v2v,rule,191,121,0,1,0,32.900849217702174,39.28762511731248
perfect_v2v,rule,192,123,0,1,0,31.627120313963612,31.55571194726889
perfect_v2v,rule,193,140,0,1,0,25.971383813480646,16.29537960393605
perfect_v2v,rule,194,121,0,1,0,32.39165305586583,37.274728169839385
perfect_v2v,rule,195,146,0,1,0,24.022681747141245,3.083975740808782
perfect_v2v,rule,196,79,0,1,0,12.191407343389052,151.2197656240757
perfect_v2v,rule,197,130,0,1,0,30.246457876790867,34.019126705667254
perfect_v2v,rule,198,120,0,1,0,33.266286053267024,36.30590457441294
perfect_v2v,rule,199,122,0,1,0,30.80887347935482,32.5521271066754
sensor_only,random,0,312,0,1,0,18.83488205874477,-149.62241268728292
sensor_only,random,1,167,0,1,0,23.027568072315685,-25.770841058877664
sensor_only,random,2,700,0,0,0,41.96672707745672,-493.13514221631834
sensor_only,random,3,700,0,0,0,54.4121407556563,-467.48373286378006
sensor_only,random,4,700,0,0,0,17.250358529797595,-494.72882610696894
sensor_only,random,5,105,0,1,0,8.974918779886375,15.758674919067374
sensor_only,random,6,700,0,0,0,24.68970188566622,-447.79323931152277
sensor_only,random,7,490,0,1,0,11.899973300430396,-291.98061460486815
sensor_only,random,8,700,0,0,0,35.446771128047025,-464.11042234987974
sensor_only,random,9,64,1,0,1,3.4200417629953708,-186.6477532814389
sensor_only,random,10,700,0,0,0,9.911625571439547,-516.186877948445
sensor_only,random,11,700,0,0,0,43.246215495216795,-485.2939892068842
sensor_only,random,12,700,0,0,0,36.065503461780196,-479.0063423991645
sensor_only,random,13,551,0,1,0,15.518948007475338,-279.10146679267217
sensor_only,random,14,700,0,0,0,29.36812247852077,-488.17669104818106
sensor_only,random,15,700,0,0,0,44.5465610349725,-477.58057712939245
sensor_only,random,16,700,0,0,0,23.71040892734975,-456.77219826112747
sensor_only,random,17,102,0,1,1,4.907455770646992,37.46034451909684
sensor_only,random,18,700,0,0,0,37.274205986668015,-456.96161984616356
sensor_only,random,19,700,0,0,0,46.89649676350009,-503.12834908487963
sensor_only,random,20,700,0,0,0,49.69466621368595,-473.0297860794548
sensor_only,random,21,700,0,0,0,47.94786129452646,-468.8953886419566
sensor_only,random,22,700,0,0,0,51.144637327475365,-469.0411411070989
sensor_only,random,23,700,0,0,0,39.701564215092176,-479.6892699395004
sensor_only,random,24,700,0,0,0,43.60032483091546,-488.1353063117424
sensor_only,random,25,700,0,0,0,51.2477869164349,-491.5339396557262
sensor_only,random,26,700,0,0,0,31.16023977391996,-462.6115609746325
sensor_only,random,27,700,0,0,0,49.62641334484022,-517.4710135453781
sensor_only,random,28,547,0,1,0,10.971602278920583,-307.87035772889016
sensor_only,random,29,700,0,0,0,55.05891864241671,-482.45949384690647
sensor_only,random,30,700,0,0,0,27.766127693080886,-459.0091285290612
sensor_only,random,31,87,0,1,0,15.39001392479977,42.87574808892609
sensor_only,random,32,700,0,0,0,40.56817272548427,-486.22255692175133
sensor_only,random,33,700,0,0,0,47.764560994339824,-469.2994179334086
sensor_only,random,34,700,0,0,0,41.68135080341584,-483.68839295330963
sensor_only,random,35,700,0,0,0,30.94455567163232,-471.8425163176037
sensor_only,random,36,700,0,0,0,39.15443759452526,-487.73546776636994
sensor_only,random,37,700,0,0,0,43.029623288360135,-498.9096896863416
sensor_only,random,38,700,0,0,0,9.64755453950063,-474.91533931504716
sensor_only,random,39,700,0,0,0,27.02253300491582,-485.27826999930505
sensor_only,random,40,575,0,1,0,9.645979574031388,-311.08022072901844
sensor_only,random,41,380,0,1,0,22.644025045691563,-183.03106121644237
sensor_only,random,42,700,0,0,0,25.544969312533325,-468.8472618863121
sensor_only,random,43,700,0,0,0,21.418908906379464,-481.55835819735364
sensor_only,random,44,700,0,0,0,44.181247404267474,-479.12521260639187
sensor_only,random,45,700,0,0,0,12.126386007587145,-485.6268345693298
sensor_only,random,46,670,0,1,0,10.77098702072474,-398.93122808275854
sensor_only,random,47,700,0,0,0,21.700633709048617,-449.41334256385716
sensor_only,random,48,700,0,0,0,34.219518159539135,-457.2289892291191
sensor_only,random,49,700,0,0,0,55.3222326992072,-472.55175419090364
sensor_only,random,50,700,0,0,0,26.36260075210777,-472.6090282785255
sensor_only,random,51,700,0,0,0,27.354307131409882,-456.4974857096234
sensor_only,random,52,700,0,0,0,38.42191344751319,-462.4344608070501
sensor_only,random,53,700,0,0,0,49.16698787190547,-502.2812158405054
sensor_only,random,54,700,0,0,0,51.22127290551828,-454.3904252113324
sensor_only,random,55,700,0,0,0,29.26958544178626,-495.8157933554172
sensor_only,random,56,700,0,0,0,17.88675608898969,-452.3893838795659
sensor_only,random,57,700,0,0,0,17.880695308887944,-523.617423957264
sensor_only,random,58,416,0,1,0,26.15433685589495,-191.95007787433016
sensor_only,random,59,700,0,0,0,29.56495667984401,-459.68174849134084
sensor_only,random,60,700,0,0,0,20.743165836638763,-480.32346003821397
sensor_only,random,61,156,0,1,0,18.71550343386512,-19.208371067078104
sensor_only,random,62,700,0,0,0,25.461890303658024,-465.9989579037972
sensor_only,random,63,700,0,0,0,35.320479649340456,-471.86926170859215
sensor_only,random,64,700,0,0,0,26.377330462996007,-461.65567307958935
sensor_only,random,65,700,0,0,0,43.84876652578046,-471.3660463444122
sensor_only,random,66,580,0,1,0,9.060544230550791,-332.68140663112075
sensor_only,random,67,700,0,0,0,35.42044822964448,-483.3638540672673
sensor_only,random,68,700,0,0,0,51.20308262857624,-483.5831442898396
sensor_only,random,69,700,0,0,0,26.954920046394317,-471.7244603938033
sensor_only,random,70,157,0,1,0,24.184509669043525,-1.0710114958057986
sensor_only,random,71,700,0,0,0,31.155613471658157,-468.2471546722886
sensor_only,random,72,700,0,0,0,20.073181760103566,-493.90459552671655
sensor_only,random,73,700,0,0,0,28.483917837673904,-462.4414823324549
sensor_only,random,74,700,0,0,0,13.172987649363375,-485.9533092388225
sensor_only,random,75,700,0,0,0,29.99561508305527,-481.77039438487867
sensor_only,random,76,700,0,0,0,28.470685952056762,-460.91999592910804
sensor_only,random,77,700,0,0,0,33.073734210837955,-463.0899489372014
sensor_only,random,78,700,0,0,0,26.290914916396307,-445.00330538024656
sensor_only,random,79,372,0,1,0,9.954692793497847,-164.62260440347245
sensor_only,random,80,700,0,0,0,17.475377514759415,-508.8688200856061
sensor_only,random,81,700,0,0,0,22.409355477827358,-468.20861124053835
sensor_only,random,82,690,0,1,0,18.0419398855213,-413.58306134381644
sensor_only,random,83,700,0,0,0,24.710913309048397,-477.834273802354
sensor_only,random,84,700,0,0,0,35.641241465536126,-465.7870316873171
sensor_only,random,85,700,0,0,0,42.700709165780836,-493.6310534262902
sensor_only,random,86,700,0,0,0,32.09774266236779,-479.9761018160675
sensor_only,random,87,700,0,0,0,34.1974456600252,-464.66527235026547
sensor_only,random,88,700,0,0,0,33.918518786232106,-463.15406373715945
sensor_only,random,89,700,0,0,0,20.318067043369705,-473.5569169565645
sensor_only,random,90,695,0,1,0,25.871082482985027,-418.2811274308199
sensor_only,random,91,700,0,0,0,42.814132794550176,-494.07653864082135
sensor_only,random,92,654,0,1,1,5.9838326451745445,-358.51075838592703
sensor_only,random,93,700,0,0,0,30.305141152406293,-472.57614197573537
sensor_only,random,94,700,0,0,0,38.77744157650782,-480.9154245015709
sensor_only,random,95,700,0,0,0,30.427796163094953,-468.77717184055024
sensor_only,random,96,700,0,0,0,21.735431064606043,-476.21079728636533
sensor_only,random,97,700,0,0,0,21.592231858553678,-476.84256586374386
sensor_only,random,98,700,0,0,0,32.095386056901596,-465.1058052397912
sensor_only,random,99,700,0,0,0,42.973338054107735,-484.48199369831417
sensor_only,random,100,54,1,0,1,3.874923379701372,-159.75132134640057
sensor_only,random,101,700,0,0,0,33.736071688919026,-467.4154924200679
sensor_only,random,102,700,0,0,0,12.470663720065282,-486.75975428596274
sensor_only,random,103,700,0,0,0,32.139418114589475,-489.0936575182343
sensor_only,random,104,655,0,1,0,16.16410365983873,-384.3807320019013
sensor_only,random,105,700,0,0,0,41.720636576812666,-501.59774603500927
sensor_only,random,106,132,0,1,1,6.618312933506899,-47.22244388096928
sensor_only,random,107,700,0,0,0,18.20242712195774,-480.22962173807
sensor_only,random,108,700,0,0,0,29.709526094162285,-482.54432593536404
sensor_only,random,109,700,0,0,0,33.623693802661485,-487.6722301942233
sensor_only,random,110,700,0,0,0,39.712802116197004,-475.4496906785888
sensor_only,random,111,700,0,0,0,37.05529638791724,-473.71090084337123
sensor_only,random,112,700,0,0,0,60.254876666829965,-479.4446596737565
sensor_only,random,113,700,0,0,0,35.23919114251907,-499.13902051617333
sensor_only,random,114,700,0,0,0,31.99551101529576,-457.5232740777412
sensor_only,random,115,700,0,0,0,32.0519751459847,-482.07031437097316
sensor_only,random,116,700,0,0,0,26.36806293624046,-468.7218515212962
sensor_only,random,117,700,0,0,0,41.9597639372486,-476.7794325488167
sensor_only,random,118,700,0,0,0,18.564593456624717,-482.32402097645223
sensor_only,random,119,700,0,0,0,14.685683929295417,-497.7682901382603
sensor_only,random,120,404,0,1,0,14.954904516002385,-211.11316726330273
sensor_only,random,121,700,0,0,0,10.442630288608118,-467.1314766964747
sensor_only,random,122,369,0,1,1,7.643681838905659,-199.51097290599685
sensor_only,random,123,700,0,0,0,26.025856877186904,-478.36043376902535
sensor_only,random,124,700,0,0,0,22.53621195637907,-473.7444087486287
sensor_only,random,125,700,0,0,0,33.06747484486773,-471.8732667817217
sensor_only,random,126,700,0,0,0,50.48715976634574,-474.9582054189252
sensor_only,random,127,700,0,0,0,49.75512774077882,-484.6030573312873
sensor_only,random,128,495,0,1,0,11.938834323032559,-309.68155296016886
sensor_only,random,129,700,0,0,0,20.763805180532994,-499.0282800918629
sensor_only,random,130,700,0,0,0,37.08901532485355,-469.02924573765756
sensor_only,random,131,700,0,0,0,28.23197638733174,-482.67490056194976
sensor_only,random,132,645,0,1,0,17.57474647454863,-365.08189149252235
sensor_only,random,133,700,0,0,0,24.288319637416457,-477.0875928695227
sensor_only,random,134,700,0,0,0,18.178256550576908,-494.16793575876096
sensor_only,random,135,700,0,0,0,29.498267910121992,-469.98787629410094
sensor_only,random,136,700,0,0,0,54.063963221973715,-497.4134141977312
sensor_only,random,137,700,0,0,0,36.82393448336298,-493.5878543998225
sensor_only,random,138,700,0,0,0,33.56386420708556,-463.0950749587093
sensor_only,random,139,700,0,0,0,28.52024654168364,-457.6358077576155
sensor_only,random,140,522,0,1,0,13.698930570325054,-298.8204098409021
sensor_only,random,141,700,0,0,0,36.68665991486226,-456.49699885172123
sensor_only,random,142,153,0,1,0,11.087760007054174,-46.3925143361956
sensor_only,random,143,700,0,0,0,34.8222178293562,-475.9017121876931
sensor_only,random,144,700,0,0,0,15.733817887307918,-516.2104201745926
sensor_only,random,145,700,0,0,0,47.0039166961668,-487.3196925860318
sensor_only,random,146,700,0,0,0,28.385593015876793,-492.175852895177
sensor_only,random,147,700,0,0,0,12.82844826877506,-476.4904644352071
sensor_only,random,148,700,0,0,0,33.446904625287964,-490.99838777173915
sensor_only,random,149,700,0,0,0,35.184764883291926,-501.98958936907366
sensor_only,random,150,700,0,0,0,50.533515420781505,-465.5656697125743
sensor_only,random,151,700,0,0,0,35.78149467922847,-478.0074009953228
sensor_only,random,152,700,0,0,0,33.81914872744763,-442.0923936391874
sensor_only,random,153,337,0,1,0,15.880738171681243,-165.22042131989951
sensor_only,random,154,700,0,0,0,35.85018659745804,-466.63108141812785
sensor_only,random,155,700,0,0,0,42.80830545163966,-457.21795658740194
sensor_only,random,156,700,0,0,0,28.245464399633065,-479.6887624039417
sensor_only,random,157,700,0,0,0,21.458834099435805,-447.30214082789746
sensor_only,random,158,454,0,1,0,19.112171057349695,-278.7601194175749
sensor_only,random,159,700,0,0,0,24.436366490573132,-473.64861244022995
sensor_only,random,160,700,0,0,0,32.281390772974774,-484.35924549020115
sensor_only,random,161,700,0,0,0,39.37120927342138,-469.0412925159679
sensor_only,random,162,700,0,0,0,40.05297558643391,-477.6552839021701
sensor_only,random,163,700,0,0,1,6.552098878162089,-444.71208828609343
sensor_only,random,164,700,0,0,0,55.08605910808084,-488.73575947917743
sensor_only,random,165,700,0,0,0,43.34159082620142,-484.22007963873864
sensor_only,random,166,700,0,0,0,46.13220435561234,-491.3394017837959
sensor_only,random,167,700,0,0,0,43.9779580383364,-481.65397226631666
sensor_only,random,168,700,0,0,0,41.99765187302382,-495.1636099913739
sensor_only,random,169,700,0,0,0,29.642069777129375,-461.5468797871309
sensor_only,random,170,700,0,0,0,23.193378199703194,-458.45019432608177
sensor_only,random,171,700,0,0,0,46.743647491108234,-510.42410013404174
sensor_only,random,172,700,0,0,0,34.87836764133613,-482.1786244186315
sensor_only,random,173,700,0,0,0,53.48223045556507,-467.5845886646512
sensor_only,random,174,700,0,0,0,31.01427393789905,-460.4743314915256
sensor_only,random,175,629,0,1,0,19.70762757486178,-363.46098379770393
sensor_only,random,176,700,0,0,0,24.24222246044046,-484.64397312762463
sensor_only,random,177,700,0,0,0,38.18511705632189,-493.6037903159591
sensor_only,random,178,556,0,1,0,13.303040739906695,-327.00236096439727
sensor_only,random,179,700,0,0,0,22.284095971612214,-460.6949764719005
sensor_only,random,180,700,0,0,0,28.508099244429417,-467.4515278760294
sensor_only,random,181,700,0,0,0,15.928059706058004,-500.9126360859477
sensor_only,random,182,700,0,0,0,31.42016486213991,-479.3262810825442
sensor_only,random,183,700,0,0,0,44.30843442736564,-493.4050741218184
sensor_only,random,184,700,0,0,0,31.172949551158794,-463.7868079091999
sensor_only,random,185,700,0,0,0,19.04446795378938,-468.174933226618
sensor_only,random,186,700,0,0,0,25.349809921190705,-441.2354273953758
sensor_only,random,187,700,0,0,0,21.358117164778857,-446.8241671775553
sensor_only,random,188,700,0,0,0,23.321259891614492,-475.49745610956904
sensor_only,random,189,700,0,0,0,19.25882143467096,-483.62824790466914
sensor_only,random,190,76,1,0,1,3.566238594894555,-109.85377623765841
sensor_only,random,191,99,0,1,0,15.823481469159105,15.684373845805162
sensor_only,random,192,149,0,1,0,14.748160010316926,-49.06347075249336
sensor_only,random,193,700,0,0,0,17.110034692814544,-435.16412968589515
sensor_only,random,194,353,0,1,0,22.329857576274797,-161.34082164006796
sensor_only,random,195,700,0,0,0,61.70712459934359,-492.07599181351395
sensor_only,random,196,700,0,0,0,18.71865061764746,-456.44431001478915
sensor_only,random,197,133,0,1,1,7.958431906074438,-0.44083778954981767
sensor_only,random,198,700,0,0,0,43.39070169421186,-465.6320823753206
sensor_only,random,199,700,0,0,0,31.667325274094672,-478.43952383932975
sensor_only,hold,0,100,0,1,1,7.216323861413761,19.001368387630365
sensor_only,hold,1,104,0,1,0,20.350521052200765,40.91808922250367
sensor_only,hold,2,69,1,0,1,3.7804303466934157,-141.55721959876203
sensor_only,hold,3,121,0,1,1,4.896775744537401,10.578667840549414
sensor_only,hold,4,91,0,1,1,6.879013972613114,42.674800475214525
sensor_only,hold,5,95,0,1,0,8.084426946095652,23.10243463838788
sensor_only,hold,6,103,0,1,1,5.312930822346507,14.934970532961238
sensor_only,hold,7,100,0,1,0,8.949189757776587,22.99009073146113
sensor_only,hold,8,111,0,1,0,21.712587868603425,40.785282724095495
sensor_only,hold,9,93,0,1,1,4.83670990446788,42.136604096946364
sensor_only,hold,10,91,0,1,0,11.443173335569103,44.18598547711944
sensor_only,hold,11,119,0,1,0,12.671293025750227,24.617644325696947
sensor_only,hold,12,114,0,1,0,24.026158274541974,44.72409437215606
sensor_only,hold,13,57,1,0,1,3.853317138464181,-133.31108481721986
sensor_only,hold,14,61,1,0,1,4.434351050204733,-108.78135360831988
sensor_only,hold,15,98,0,1,0,12.418808436531815,29.033082624249086
sensor_only,hold,16,102,0,1,0,10.801466935820075,24.95368256697745
sensor_only,hold,17,94,0,1,1,6.509952305358764,42.12648277500996
sensor_only,hold,18,108,0,1,0,16.33934393908495,32.83816688614034
sensor_only,hold,19,108,0,1,0,19.706874035411605,38.85981309897308
sensor_only,hold,20,113,0,1,0,15.758880269467285,32.74913767502004
sensor_only,hold,21,58,1,0,1,4.054616651745194,-133.3445724553991
sensor_only,hold,22,110,0,1,0,9.326854992484172,20.819345412308216
sensor_only,hold,23,98,0,1,0,12.343250067808967,29.034190484708184
sensor_only,hold,24,111,0,1,1,7.230612154308038,16.78876389152275
sensor_only,hold,25,118,0,1,1,6.374315413669682,12.648522089166349
sensor_only,hold,26,105,0,1,0,8.341950951327009,18.906812359336673
sensor_only,hold,27,98,0,1,1,6.00695496617326,17.037731964783283
sensor_only,hold,28,94,0,1,1,5.135208306918052,19.132517338044853
sensor_only,hold,29,123,0,1,0,15.478298308278937,28.54661501167864
sensor_only,hold,30,115,0,1,0,16.33249015028442,30.714058211986945
sensor_only,hold,31,92,0,1,0,11.398353248225382,43.653010894015225
sensor_only,hold,32,118,0,1,0,16.573204950450982,30.647984747076855
sensor_only,hold,33,65,1,0,1,3.984296742447084,-137.47142620961014
sensor_only,hold,34,125,0,1,0,26.57110804150521,50.50079522105412
sensor_only,hold,35,67,1,0,1,3.9656304300276535,-139.52187515949126
sensor_only,hold,36,117,0,1,1,5.3867604900667825,12.665153010387336
sensor_only,hold,37,98,0,1,0,13.43861623121763,29.043707303038623
sensor_only,hold,38,65,1,0,1,4.312590062009257,-137.44554841405161
sensor_only,hold,39,105,0,1,0,13.342583441004951,28.91690921801991
sensor_only,hold,40,59,1,0,1,4.434729375753078,-133.3615925178366
sensor_only,hold,41,91,0,1,0,10.864527985848095,27.184386552959246
sensor_only,hold,42,62,1,0,1,4.296520764494491,-108.80277133796562
sensor_only,hold,43,60,1,0,1,4.350316324701112,-139.3945376976062
sensor_only,hold,44,120,0,1,0,10.344446034716725,18.616018838251417
sensor_only,hold,45,62,1,0,1,3.7961096457257177,-137.42037468729154
sensor_only,hold,46,92,0,1,1,4.622245412025673,41.65513589611663
sensor_only,hold,47,97,0,1,0,8.780321261613187,25.067644718262656
sensor_only,hold,48,109,0,1,0,11.017043968251864,24.83396722758574
sensor_only,hold,49,110,0,1,0,13.095625886180828,26.815690626797664
sensor_only,hold,50,96,0,1,0,8.37724602068488,23.09812949500063
sensor_only,hold,51,56,1,0,1,3.490398442176297,-135.28239104836922
sensor_only,hold,52,101,0,1,1,6.602565251780321,18.99113243661039
sensor_only,hold,53,125,0,1,0,22.732773650595103,40.50924557432926
sensor_only,hold,54,115,0,1,0,18.47983795190747,36.69945097048891
sensor_only,hold,55,94,0,1,0,13.050168522868205,31.11503474938854
sensor_only,hold,56,97,0,1,0,15.01764701670992,44.553197767646395
sensor_only,hold,57,62,1,0,1,3.1338020712408037,-137.35535197863211
sensor_only,hold,58,112,0,1,0,21.229987694978764,38.773282974683376
sensor_only,hold,59,102,0,1,0,17.452569502547043,34.973879645042935
sensor_only,hold,60,111,0,1,1,6.618926593591141,14.782443706212398
sensor_only,hold,61,109,0,1,0,12.466842908361633,26.820151256487634
sensor_only,hold,62,101,0,1,1,6.3433241098063675,18.98494736018356
sensor_only,hold,63,103,0,1,0,19.573215580029604,38.9564297209601
sensor_only,hold,64,91,0,1,1,7.462216898258298,23.17517834316778
sensor_only,hold,65,123,0,1,0,17.710919318936828,30.54350490777484
sensor_only,hold,66,92,0,1,0,10.738017955112289,29.170973915764883
sensor_only,hold,67,66,1,0,1,3.7180966811222214,-139.48145714406098
sensor_only,hold,68,105,0,1,0,11.886229313117731,24.89959173808673
sensor_only,hold,69,62,1,0,1,4.031001786990233,-135.4161339370737
sensor_only,hold,70,109,0,1,0,16.20431287694482,30.82674588751899
sensor_only,hold,71,114,0,1,0,8.623956412625484,18.726903157283996
sensor_only,hold,72,94,0,1,1,4.581343722559835,41.62002063653818
sensor_only,hold,73,105,0,1,1,6.732280424537028,16.907847971385465
sensor_only,hold,74,58,1,0,1,3.0093497151105937,-135.28259621151025
sensor_only,hold,75,70,1,0,1,4.054179157866692,-141.58271559015705
sensor_only,hold,76,95,0,1,0,8.868653653165522,23.10363355386374
sensor_only,hold,77,96,0,1,1,7.5316195330903914,21.09677026539078
sensor_only,hold,78,108,0,1,0,16.304388560892228,32.85825616381936
sensor_only,hold,79,92,0,1,0,15.650340821817824,45.167364645612416
sensor_only,hold,80,59,1,0,1,4.2060675118700805,-137.35792162670796
sensor_only,hold,81,70,1,0,1,4.17390583297412,-109.93644335597163
sensor_only,hold,82,90,0,1,0,10.393602608928688,27.208382550037935
sensor_only,hold,83,70,1,0,1,3.375298711911292,-143.51440715453072
sensor_only,hold,84,97,0,1,1,7.5994901434975635,23.058701736995925
sensor_only,hold,85,123,0,1,0,15.649660084738581,28.53991108730639
sensor_only,hold,86,65,1,0,1,3.8164719349058913,-109.86585995164522
sensor_only,hold,87,102,0,1,0,16.205107054029064,34.957405434930735
sensor_only,hold,88,116,0,1,0,14.049791571579142,26.687694822008094
sensor_only,hold,89,102,0,1,0,8.055821427772798,20.96227351669899
sensor_only,hold,90,109,0,1,0,12.893056966171608,24.81803462614157
sensor_only,hold,91,113,0,1,0,14.723470738353402,28.752370903604394
sensor_only,hold,92,63,1,0,1,3.662432710165935,-139.39436557091065
sensor_only,hold,93,55,1,0,1,3.5444890643590656,-133.273121788899
sensor_only,hold,94,115,0,1,0,14.582340364336794,26.71829586092324
sensor_only,hold,95,103,0,1,0,18.154336140204727,36.93819421203703
sensor_only,hold,96,97,0,1,1,7.407881116875455,21.05600217090707
sensor_only,hold,97,60,1,0,1,3.8278963347904793,-137.38209154299915
sensor_only,hold,98,91,0,1,0,13.25555264684587,33.17531838743423
sensor_only,hold,99,104,0,1,0,8.351499745782021,20.912363130993423
sensor_only,hold,100,94,0,1,1,7.044414012429536,21.117471599712246
sensor_only,hold,101,91,0,1,1,7.165399360691749,42.67521208484753
sensor_only,hold,102,118,0,1,0,10.819707897355775,20.647702054068834
sensor_only,hold,103,112,0,1,0,9.38583074973205,20.777195252789515
sensor_only,hold,104,94,0,1,0,9.815446920612716,27.120670664483573
sensor_only,hold,105,100,0,1,0,19.686303657247773,39.00254084505488
sensor_only,hold,106,58,1,0,1,4.2752639512221196,-108.73442642149047
sensor_only,hold,107,61,1,0,1,4.339795184767751,-135.38644331042545
sensor_only,hold,108,94,0,1,0,9.93684518012093,25.136231280110945
sensor_only,hold,109,103,0,1,0,9.665231020284326,22.940432410140353
sensor_only,hold,110,58,1,0,1,3.698920771303622,-135.26283433354155
sensor_only,hold,111,118,0,1,1,6.248869831471508,12.640592435005757
sensor_only,hold,112,120,0,1,0,17.00377754366657,30.609042776460004
sensor_only,hold,113,122,0,1,0,12.686916079153137,24.565983528255494
sensor_only,hold,114,62,1,0,1,3.9017867453813886,-109.32974862644713
sensor_only,hold,115,98,0,1,1,5.421423224729802,17.04201716812466
sensor_only,hold,116,117,0,1,0,14.496953430886814,26.65595097127445
sensor_only,hold,117,93,0,1,1,7.7703297401071305,42.64081038649724
sensor_only,hold,118,92,0,1,0,11.904592780308873,31.177050473544625
sensor_only,hold,119,56,1,0,1,3.614428120544197,-131.2751050691302
sensor_only,hold,120,61,1,0,1,3.9989985071734844,-109.26824486185727
sensor_only,hold,121,66,1,0,1,4.219677648360441,-108.84512293529662
sensor_only,hold,122,60,1,0,1,3.814652743393003,-108.79652030038997
sensor_only,hold,123,61,1,0,1,3.8347281913610702,-137.36696532676905
sensor_only,hold,124,58,1,0,1,4.135139162769351,-133.3423094959979
sensor_only,hold,125,57,1,0,1,3.7630064913924146,-133.31809947761616
sensor_only,hold,126,125,0,1,0,29.775253707663683,50.50335200083309
sensor_only,hold,127,122,0,1,0,11.930083855427487,20.55656116507911
sensor_only,hold,128,99,0,1,1,5.10339698264603,17.01215588631839
sensor_only,hold,129,69,1,0,1,3.621215440187077,-109.97711827243478
sensor_only,hold,130,65,1,0,1,3.232256698225866,-141.46550452455637
sensor_only,hold,131,100,0,1,1,6.4132885637991475,19.01039893914635
sensor_only,hold,132,119,0,1,0,16.452350830490282,28.633538780330724
sensor_only,hold,133,55,1,0,1,3.546896530448555,-133.278481582571
sensor_only,hold,134,56,1,0,1,3.609208543117365,-133.26864652845697
sensor_only,hold,135,68,1,0,1,4.344463211962191,-108.87937691614636
sensor_only,hold,136,119,0,1,0,10.173437817144938,18.616366321298003
sensor_only,hold,137,59,1,0,1,3.2242407018802264,-137.29016423368793
sensor_only,hold,138,102,0,1,0,10.762245495475876,24.959697330787115
sensor_only,hold,139,108,0,1,0,15.402457495633929,32.85609844209122
sensor_only,hold,140,60,1,0,1,4.30001554250623,-135.3858600037165
sensor_only,hold,141,97,0,1,0,19.610212187155305,41.062570861208876
sensor_only,hold,142,124,0,1,1,5.292364906824348,8.518320109525803
sensor_only,hold,143,108,0,1,0,17.626412484971734,34.852562468100096
sensor_only,hold,144,61,1,0,1,4.468298229977095,-109.30336918016044
sensor_only,hold,145,101,0,1,1,5.065885930195634,41.476605334324574
sensor_only,hold,146,58,1,0,1,3.705303187767103,-135.33396418781382
sensor_only,hold,147,55,1,0,1,3.445843078284572,-133.27105010440852
sensor_only,hold,148,61,1,0,1,3.453485102587722,-137.39282923341005
sensor_only,hold,149,122,0,1,0,13.807940986899979,24.57928105295166
sensor_only,hold,150,125,0,1,0,20.94154275877668,36.50174016124498
sensor_only,hold,151,64,1,0,1,3.6204407390194793,-137.45056308408195
sensor_only,hold,152,115,0,1,0,13.766146190905884,26.69516218868373
sensor_only,hold,153,91,0,1,1,7.252702327790309,23.167994461430975
sensor_only,hold,154,102,0,1,0,13.311090008595285,28.970097716507315
sensor_only,hold,155,112,0,1,0,18.790245876096265,36.77591290459072
sensor_only,hold,156,119,0,1,0,8.705011443379908,16.629142134074378
sensor_only,hold,157,114,0,1,0,19.76261634359582,36.73740189401427
sensor_only,hold,158,55,1,0,1,4.129413630789599,-131.28160224725022
sensor_only,hold,159,95,0,1,1,5.9576077552515825,19.10689083155668
sensor_only,hold,160,103,0,1,0,10.278711168379717,22.95106424241572
sensor_only,hold,161,106,0,1,0,15.875061266871159,32.89235848299537
sensor_only,hold,162,122,0,1,1,7.3470809786661775,12.567307405402559
sensor_only,hold,163,95,0,1,0,9.229968487311691,42.60391294047691
sensor_only,hold,164,122,0,1,0,13.974689946216932,26.568843588617657
sensor_only,hold,165,106,0,1,1,5.638414180850526,16.886383158440893
sensor_only,hold,166,98,0,1,1,6.711950403885734,42.05496386915639
sensor_only,hold,167,120,0,1,0,16.284564995053252,30.608123496957074
sensor_only,hold,168,73,1,0,1,4.458593385453566,-110.52522077115498
sensor_only,hold,169,105,0,1,0,13.361287034716254,28.891737821383817
sensor_only,hold,170,96,0,1,1,6.25867844914757,21.098125673917835
sensor_only,hold,171,121,0,1,0,18.99667826319218,32.59807347256525
sensor_only,hold,172,118,0,1,0,20.03373524363738,36.65920164390903
sensor_only,hold,173,122,0,1,0,18.33789554807445,34.56334472606577
sensor_only,hold,174,56,1,0,1,3.962075099708243,-131.29384337960298
sensor_only,hold,175,103,0,1,0,13.00310054694255,28.959563785634558
sensor_only,hold,176,92,0,1,0,13.824526308883485,44.65792468443787
sensor_only,hold,177,64,1,0,1,3.565794569239033,-139.4540684403305
sensor_only,hold,178,59,1,0,1,3.1315200608525027,-139.3443712094756
sensor_only,hold,179,56,1,0,1,3.437515086622103,-133.29525928887568
sensor_only,hold,180,102,0,1,0,8.591195256873712,20.96254423861624
sensor_only,hold,181,96,0,1,1,5.198482065361002,19.0970410895448
sensor_only,hold,182,118,0,1,0,9.861702915930604,20.654425681237527
sensor_only,hold,183,91,0,1,1,5.094168960547339,21.182049804077902
sensor_only,hold,184,125,0,1,0,12.940788896204191,22.51716728728582
sensor_only,hold,185,115,0,1,0,15.00657228311993,28.696306270822046
sensor_only,hold,186,63,1,0,1,3.9188576189536932,-137.42627416152231
sensor_only,hold,187,114,0,1,0,8.4507536250864,18.727762631450936
sensor_only,hold,188,121,0,1,0,14.587414861083658,26.59071984347234
sensor_only,hold,189,64,1,0,1,4.364874637978073,-137.45354507541697
sensor_only,hold,190,104,0,1,0,10.260424243463147,42.93768970028244
sensor_only,hold,191,90,0,1,0,11.400308014794406,29.18698196200675
sensor_only,hold,192,99,0,1,0,13.969513307421574,31.012028285511192
sensor_only,hold,193,65,1,0,1,3.700810760218431,-139.4331075204898
sensor_only,hold,194,93,0,1,0,11.860258236509175,29.131728930210226
sensor_only,hold,195,75,1,0,1,3.9832507094509015,-145.67959748400108
sensor_only,hold,196,60,1,0,1,4.439743286094411,-108.76441136325569
sensor_only,hold,197,56,1,0,1,3.167999241190596,-133.28654907897908
sensor_only,hold,198,95,0,1,0,14.582629769953204,33.09664394953627
sensor_only,hold,199,99,0,1,0,12.790981254558268,29.02604145829904
sensor_only,full,0,51,1,0,1,3.73823738350962,-65.21172134241371
sensor_only,full,1,80,0,1,1,7.665610134229053,-20.6885786116259
sensor_only,full,2,80,0,1,0,14.904292171260828,73.8858177178655
sensor_only,full,3,81,0,1,0,15.566082720466843,76.48271124806409
sensor_only,full,4,79,0,1,0,14.452750332626028,73.32286669306747
sensor_only,full,5,49,1,0,1,4.170954073757171,-189.23667183159228
sensor_only,full,6,80,0,1,1,7.212461973554881,83.31369739996717
sensor_only,full,7,51,1,0,1,4.029828365351161,-69.21263266816476
sensor_only,full,8,80,0,1,1,6.098561814088082,-26.406911727590455
sensor_only,full,9,79,0,1,0,12.775312424475517,77.31908635414867
sensor_only,full,10,79,0,1,0,18.35654938294394,71.32348808206218
sensor_only,full,11,81,0,1,1,6.861882621105369,82.18820556130558
sensor_only,full,12,80,0,1,1,7.638376921754023,-20.11542502242591
sensor_only,full,13,79,0,1,1,5.073862125348359,81.31877234101215
sensor_only,full,14,79,0,1,0,12.851037688459517,77.316824639168
sensor_only,full,15,48,1,0,1,4.472243510606533,-189.26263730934028
sensor_only,full,16,50,1,0,1,2.6880704083706823,-195.2358183851208
sensor_only,full,17,79,0,1,0,14.607387919018963,75.31763630806515
sensor_only,full,18,49,1,0,1,3.8664832638644304,-188.96967331077062
sensor_only,full,19,80,0,1,1,5.489328662380125,-26.697243635609993
sensor_only,full,20,50,1,0,1,3.4236684387422103,-194.664055249105
sensor_only,full,21,79,0,1,0,8.051810685243225,79.31377110196853
sensor_only,full,22,80,0,1,1,4.965564536074543,85.59724623426962
sensor_only,full,23,48,1,0,1,4.370149232589207,-189.26254593940553
sensor_only,full,24,80,0,1,0,8.871799258335152,79.59343638915227
sensor_only,full,25,81,0,1,0,10.880186561803654,82.19221800990735
sensor_only,full,26,52,1,0,1,4.290594858884828,-65.20560650390993
sensor_only,full,27,51,1,0,1,4.347683985043926,-65.20705385857458
sensor_only,full,28,51,1,0,1,4.200046879253521,-69.19717436528742
sensor_only,full,29,81,0,1,1,5.121669894074794,84.47792631281558
sensor_only,full,30,50,1,0,1,3.6729011761056043,-194.6691559776856
sensor_only,full,31,79,0,1,0,18.665692682214765,71.32095224692391
sensor_only,full,32,51,1,0,1,3.9117811331098458,-188.35984169476922
sensor_only,full,33,80,0,1,0,11.300459044024963,77.30498965474841
sensor_only,full,34,81,0,1,1,6.340003796693127,-25.528258604074537
sensor_only,full,35,80,0,1,0,13.739122367899226,75.59424747341811
sensor_only,full,36,81,0,1,0,13.883850659165267,76.19470300978477
sensor_only,full,37,48,1,0,1,4.449607695406313,-195.26180091627555
sensor_only,full,38,80,0,1,0,14.886491894973368,75.30903306030443
sensor_only,full,39,49,1,0,1,3.807129041347791,-189.25985208690213
sensor_only,full,40,79,0,1,0,9.95667216354785,77.31032917888177
sensor_only,full,41,48,1,0,1,4.332676501229475,-189.24700074705783
sensor_only,full,42,79,0,1,0,13.77301983791272,75.31328984646295
sensor_only,full,43,79,0,1,1,7.533386582716606,83.30465658337542
sensor_only,full,44,81,0,1,0,8.501634215690247,82.1874561756073
sensor_only,full,45,80,0,1,0,10.047576266248072,77.31671848876026
sensor_only,full,46,79,0,1,0,11.544109387991005,79.32106900528113
sensor_only,full,47,49,1,0,1,4.430476998113521,-189.24087090596004
sensor_only,full,48,53,1,0,1,4.2210108971191085,-66.89729889348664
sensor_only,full,49,51,1,0,1,3.4111964328925772,-194.93672259729564
sensor_only,full,50,49,1,0,1,4.2669720662583295,-189.2378051951052
sensor_only,full,51,79,0,1,1,6.640358187085341,83.32283717742098
sensor_only,full,52,79,0,1,1,5.253163424957413,81.30185059492882
sensor_only,full,53,50,1,0,1,4.161769604113053,-188.09770453193056
sensor_only,full,54,50,1,0,1,3.013165384839577,-194.6706935820538
sensor_only,full,55,79,0,1,1,4.585920480307177,-32.68310227423299
sensor_only,full,56,79,0,1,0,24.92049324639549,51.31007567055755
sensor_only,full,57,79,0,1,0,12.722323876188252,75.30710400280233
sensor_only,full,58,80,0,1,1,5.557123452847013,-32.40880835386021
sensor_only,full,59,80,0,1,1,5.854156775488638,-32.682018645491226
sensor_only,full,60,80,0,1,1,7.852800107833682,83.59280437062125
sensor_only,full,61,52,1,0,1,3.668478650907926,-66.91710607572813
sensor_only,full,62,80,0,1,1,6.106781732733,79.31975578881467
sensor_only,full,63,80,0,1,1,7.440633380846817,-20.684409142268223
sensor_only,full,64,48,1,0,1,4.130722192911268,-189.24751231426848
sensor_only,full,65,52,1,0,1,3.6455539163290935,-194.05603058435372
sensor_only,full,66,48,1,0,1,4.122200280639833,-189.24846077385905
sensor_only,full,67,80,0,1,0,13.858358354972303,77.30217582399061
sensor_only,full,68,51,1,0,1,3.1124494520504076,-189.22470079441473
sensor_only,full,69,80,0,1,0,11.72016283825072,75.31734417321863
sensor_only,full,70,49,1,0,1,4.123893967823248,-188.9716344003453
sensor_only,full,71,80,0,1,0,9.225304804885203,79.88487325564077
sensor_only,full,72,79,0,1,0,12.24818752938441,79.31721939590568
sensor_only,full,73,80,0,1,1,6.194728836876294,83.30969307417166
sensor_only,full,74,79,0,1,0,9.295318717220658,79.32047618826208
sensor_only,full,75,81,0,1,0,15.388737148684307,73.89865120171181
sensor_only,full,76,49,1,0,1,3.7170318149667922,-183.2365953050725
sensor_only,full,77,49,1,0,1,4.391333462568028,-189.23790534886592
sensor_only,full,78,49,1,0,1,3.878973775659969,-189.26778914356828
sensor_only,full,79,79,0,1,0,22.931605752918905,65.32174091459409
sensor_only,full,80,79,0,1,0,8.483181149024986,83.31077221746628
sensor_only,full,81,80,0,1,0,18.869456425741244,71.30407487594613
sensor_only,full,82,48,1,0,1,4.281203109324296,-189.2449133398855
sensor_only,full,83,80,0,1,0,17.426036482230217,73.59197335217625
sensor_only,full,84,51,1,0,1,3.4731762500080863,-195.20472299834404
sensor_only,full,85,81,0,1,1,4.856376774994838,84.47715701001874
sensor_only,full,86,79,0,1,0,14.948738498409549,75.30182750604433
sensor_only,full,87,49,1,0,1,4.298021679117186,-183.2538866444121
sensor_only,full,88,81,0,1,1,4.523183625133106,81.89783945968779
sensor_only,full,89,80,0,1,1,4.835300083824566,81.31694714505238
sensor_only,full,90,51,1,0,1,3.8885615582357067,-188.93572165844853
sensor_only,full,91,52,1,0,1,3.321120503465882,-194.62690883175668
sensor_only,full,92,80,0,1,0,12.491888527168905,77.31910637794701
sensor_only,full,93,79,0,1,1,5.4360365319041115,83.3249035380649
sensor_only,full,94,52,1,0,1,4.19420050689054,-68.6319099093765
sensor_only,full,95,80,0,1,1,5.727190030435803,-26.68601815776144
sensor_only,full,96,51,1,0,1,3.271728125006463,-195.20491984170468
sensor_only,full,97,79,0,1,0,8.155395017370692,79.30634419755943
sensor_only,full,98,79,0,1,1,6.344492999273925,-20.677104534031443
sensor_only,full,99,80,0,1,1,5.0617695476332765,83.31092105028097
sensor_only,full,100,49,1,0,1,4.238422348913727,-189.2349450580831
sensor_only,full,101,79,0,1,0,14.39989268060739,75.3228895602693
sensor_only,full,102,81,0,1,0,8.814607221858592,80.19212689489653
sensor_only,full,103,80,0,1,1,5.968391790760155,83.59157934937554
sensor_only,full,104,48,1,0,1,4.117577044816982,-189.2531386668075
sensor_only,full,105,79,0,1,0,8.806626648496584,-14.696426598379404
sensor_only,full,106,79,0,1,0,9.816018736023123,81.32475557706223
sensor_only,full,107,79,0,1,1,6.921083423750561,81.30436755860993
sensor_only,full,108,48,1,0,1,3.9376129809819664,-189.25213475612185
sensor_only,full,109,52,1,0,1,3.8423636775469165,-67.2010206696935
sensor_only,full,110,79,0,1,0,10.077802510732171,79.32226365495248
sensor_only,full,111,81,0,1,0,12.173230354912521,80.19133693722284
sensor_only,full,112,52,1,0,1,4.434460358488899,-68.34690591517665
sensor_only,full,113,81,0,1,1,6.1985861792142805,86.48068569748409
sensor_only,full,114,79,0,1,0,12.720905046373366,77.31019409204704
sensor_only,full,115,79,0,1,1,5.283582424782443,81.30847711522549
sensor_only,full,116,81,0,1,1,5.269372795925075,82.19367174678074
sensor_only,full,117,79,0,1,0,15.519188834681788,75.31936067738025
sensor_only,full,118,79,0,1,1,4.731675311687293,-32.677726897057994
sensor_only,full,119,79,0,1,1,7.568312019871343,79.32349953916997
sensor_only,full,120,79,0,1,0,11.535251528306823,79.31813551381427
sensor_only,full,121,79,0,1,0,15.895728724576383,73.30316025411733
sensor_only,full,122,79,0,1,0,11.197065160376784,79.31650030843491
sensor_only,full,123,79,0,1,0,10.840793844512154,79.30696462309746
sensor_only,full,124,79,0,1,0,8.669674808104599,77.31404900926341
sensor_only,full,125,79,0,1,1,5.098038757381135,83.3180207702554
sensor_only,full,126,81,0,1,0,10.30662062297649,-7.5279699353898195
sensor_only,full,127,81,0,1,1,7.542463032027294,84.47959550670336
sensor_only,full,128,79,0,1,1,5.898730724983597,81.30518497031169
sensor_only,full,129,80,0,1,0,18.030245296685663,71.59914380887083
sensor_only,full,130,80,0,1,0,11.40197996234798,81.30591491803806
sensor_only,full,131,79,0,1,1,5.033662809722861,81.30420839912293
sensor_only,full,132,52,1,0,1,4.280079732884589,-68.34364335470933
sensor_only,full,133,52,1,0,1,4.397557698070122,-67.17239273912693
sensor_only,full,134,79,0,1,1,7.531149890239329,81.32408667923117
sensor_only,full,135,80,0,1,0,17.38695684666613,73.31456727992062
sensor_only,full,136,81,0,1,1,7.575052972210433,84.1880647642108
sensor_only,full,137,79,0,1,0,10.031815423363984,79.31839128617021
sensor_only,full,138,50,1,0,1,3.856959122885477,-189.23528241606846
sensor_only,full,139,49,1,0,1,3.8620974810187256,-189.26799079980455
sensor_only,full,140,79,0,1,1,7.511276358641728,79.30583321983505
sensor_only,full,141,79,0,1,0,10.183211068394725,-8.689240874703529
sensor_only,full,142,81,0,1,0,15.615813044863634,76.47419578482408
sensor_only,full,143,49,1,0,1,3.7833489931198696,-189.26832126466354
sensor_only,full,144,79,0,1,0,12.26540104680337,79.31455359564794
sensor_only,full,145,80,0,1,0,17.246486480054465,71.31908842674596
sensor_only,full,146,79,0,1,1,7.833849382225484,81.31506903286169
sensor_only,full,147,51,1,0,1,3.9891118263066514,-67.19010463929709
sensor_only,full,148,79,0,1,0,9.315681848373698,77.30351610221199
sensor_only,full,149,81,0,1,1,5.215448151240309,86.48222425406051
sensor_only,full,150,51,1,0,1,4.287863676762813,-182.08015191727878
sensor_only,full,151,80,0,1,0,12.414837319909909,77.30961220887588
sensor_only,full,152,51,1,0,1,4.350710331017912,-66.65274503277013
sensor_only,full,153,48,1,0,1,4.3651880432187,-189.2479114188094
sensor_only,full,154,49,1,0,1,3.1300899826077355,-195.2527556490241
sensor_only,full,155,49,1,0,1,4.19320665980066,-188.9789477301757
sensor_only,full,156,81,0,1,0,8.637986212782069,84.1894722690082
sensor_only,full,157,49,1,0,1,4.423030258864436,-188.68441183426398
sensor_only,full,158,50,1,0,1,4.401466635664795,-69.2094816895602
sensor_only,full,159,50,1,0,1,4.327843305903215,-67.21798739373043
sensor_only,full,160,50,1,0,1,4.171273187017158,-189.23688256684568
sensor_only,full,161,49,1,0,1,3.5376641505030055,-195.26301347780998
sensor_only,full,162,81,0,1,0,12.937440039831042,78.48083887335235
sensor_only,full,163,79,0,1,0,17.6133411362265,73.31542252811553
sensor_only,full,164,81,0,1,1,5.721142343891933,84.48101661355906
sensor_only,full,165,80,0,1,0,8.969297465872378,79.30681744366103
sensor_only,full,166,79,0,1,0,16.766078818912327,73.30941141323808
sensor_only,full,167,52,1,0,1,4.4977647903269355,-68.34700634066857
sensor_only,full,168,80,0,1,0,20.713936406890298,69.88680987147416
sensor_only,full,169,50,1,0,1,2.7957541066150653,-189.2438559787131
sensor_only,full,170,51,1,0,1,4.347285268400024,-69.2010054766587
sensor_only,full,171,51,1,0,1,3.2407568395310107,-188.36704870713876
sensor_only,full,172,50,1,0,1,3.4197657608073473,-188.376995372899
sensor_only,full,173,51,1,0,1,3.798882014395326,-194.07161961847174
sensor_only,full,174,79,0,1,1,7.265534806875737,79.32179605639972
sensor_only,full,175,49,1,0,1,3.2670970993732222,-195.25453260714988
sensor_only,full,176,79,0,1,0,21.35996384643393,67.32122223540867
sensor_only,full,177,80,0,1,0,11.396334713061671,79.30905580312213
sensor_only,full,178,79,0,1,1,7.3480755891434315,83.31240761264948
sensor_only,full,179,79,0,1,1,5.891506507031017,79.32166733737493
sensor_only,full,180,52,1,0,1,3.9988665499407365,-69.19822873121242
sensor_only,full,181,52,1,0,1,4.117098493931374,-67.18268539340195
sensor_only,full,182,81,0,1,0,8.532835396016148,82.19287396458195
sensor_only,full,183,50,1,0,1,3.500376555469524,-189.21033056644012
sensor_only,full,184,81,0,1,0,9.293975366560217,80.47358985501614
sensor_only,full,185,51,1,0,1,4.247486820141297,-188.65262460307133
sensor_only,full,186,80,0,1,0,9.640408097004377,79.31448278300482
sensor_only,full,187,80,0,1,0,8.631800520577224,79.88496452723372
sensor_only,full,188,81,0,1,1,6.207345620005815,82.48411731507177
sensor_only,full,189,80,0,1,0,12.800956585055559,79.30913887691793
sensor_only,full,190,80,0,1,0,23.263945934308644,65.31313405148099
sensor_only,full,191,79,0,1,1,4.933832527554326,-32.67571562011199
sensor_only,full,192,49,1,0,1,3.645208901005108,-195.24682544608072
sensor_only,full,193,80,0,1,0,14.60063688794104,75.31091925493111
sensor_only,full,194,48,1,0,1,4.219411341517313,-183.25163159150804
sensor_only,full,195,81,0,1,0,18.498383291316326,72.475816692216
sensor_only,full,196,79,0,1,0,12.191407343389052,77.31976562407569
sensor_only,full,197,79,0,1,1,6.245664271301934,81.32245917463825
sensor_only,full,198,79,0,1,1,5.829624617306584,-26.685055025034544
sensor_only,full,199,48,1,0,1,4.4080160579066465,-189.26408151360823
sensor_only,rule,0,122,0,1,0,18.303006324821602,79.66389469599255
sensor_only,rule,1,108,0,1,0,23.170936321534665,63.65246317289214
sensor_only,rule,2,136,0,1,0,13.080652888925103,77.38192932598714
sensor_only,rule,3,91,0,1,1,6.59140422148002,82.7634849922564
sensor_only,rule,4,85,0,1,0,9.062271488050717,78.60870691483424
sensor_only,rule,5,119,0,1,0,18.042911535342213,81.73222731201876
sensor_only,rule,6,127,0,1,0,17.162180990514432,77.87384359954042
sensor_only,rule,7,122,0,1,0,18.28697273422798,79.65203089400794
sensor_only,rule,8,110,0,1,0,22.83224579858118,67.70118379024008
sensor_only,rule,9,86,0,1,1,7.08600866445946,80.5939708331894
sensor_only,rule,10,85,0,1,0,13.308405061378041,74.60410320420945
sensor_only,rule,11,128,0,1,0,17.240511860693367,79.8578727912162
sensor_only,rule,12,109,0,1,0,23.401295402399356,65.0178147981668
sensor_only,rule,13,124,0,1,0,15.61973545384052,83.92051299074919
sensor_only,rule,14,86,0,1,1,6.644316808753932,80.57587711334409
sensor_only,rule,15,113,0,1,0,20.003662419529242,74.83155766923613
sensor_only,rule,16,121,0,1,0,19.8927654850182,76.69068819838905
sensor_only,rule,17,86,0,1,0,8.897665508104527,80.58237046452126
sensor_only,rule,18,116,0,1,0,21.36699931663459,73.2833935692162
sensor_only,rule,19,110,0,1,0,22.501604211085997,67.09668437185105
sensor_only,rule,20,120,0,1,0,20.51784610153207,76.80395877970867
sensor_only,rule,21,127,0,1,0,14.321970480500875,83.87491983543364
sensor_only,rule,22,126,0,1,0,18.33741487349464,76.3855362985185
sensor_only,rule,23,113,0,1,0,19.899640913315604,74.83283684832276
sensor_only,rule,24,129,0,1,0,16.320198487500026,75.91479434649928
sensor_only,rule,25,134,0,1,0,14.955285849532936,76.01384887059064
sensor_only,rule,26,125,0,1,0,18.410477643399688,75.80807935151684
sensor_only,rule,27,124,0,1,0,17.785938541605258,78.93396692441578
sensor_only,rule,28,122,0,1,0,16.18323965808814,86.65237030003692
sensor_only,rule,29,125,0,1,0,17.907928688823265,80.90037591350946
sensor_only,rule,30,120,0,1,0,20.336881321064684,77.10809655461782
sensor_only,rule,31,86,0,1,0,13.382616888732521,74.59765201985434
sensor_only,rule,32,123,0,1,0,20.12368152010876,78.34655640293491
sensor_only,rule,33,131,0,1,0,15.104184904941652,77.29974551172937
sensor_only,rule,34,111,0,1,0,22.460502872541365,67.4917738251286
sensor_only,rule,35,133,0,1,0,13.70840872052579,78.83800968101743
sensor_only,rule,36,135,0,1,0,13.270024366404341,77.99220640855076
sensor_only,rule,37,114,0,1,0,21.063670917961254,74.83586520869437
sensor_only,rule,38,135,0,1,0,13.110842323153312,76.20888300807938
sensor_only,rule,39,118,0,1,0,20.893671646374074,72.74992287027243
sensor_only,rule,40,128,0,1,0,14.039681681746023,83.83357224542675
sensor_only,rule,41,111,0,1,0,19.342412985469085,79.87798356472781
sensor_only,rule,42,87,0,1,1,6.703027645587178,80.56077890330685
sensor_only,rule,43,129,0,1,0,16.32152567621126,74.41738533400691
sensor_only,rule,44,130,0,1,0,16.350882307867828,77.10666512718012
sensor_only,rule,45,130,0,1,0,15.670093288972987,77.11696500556383
sensor_only,rule,46,85,0,1,1,6.795560056768247,82.60322104753021
sensor_only,rule,47,118,0,1,0,18.179906311524054,80.7368720003825
sensor_only,rule,48,123,0,1,0,18.789535448369588,79.14271409042087
sensor_only,rule,49,123,0,1,0,19.86417425162319,77.15825482999384
sensor_only,rule,50,119,0,1,0,18.41858333095772,81.72479242536915
sensor_only,rule,51,125,0,1,0,14.237445644985021,83.19132200004024
sensor_only,rule,52,124,0,1,0,17.568090845975906,77.91397289703067
sensor_only,rule,53,117,0,1,0,21.076343253395066,74.37751102114679
sensor_only,rule,54,116,0,1,0,20.524107116559268,73.1955065053178
sensor_only,rule,55,110,0,1,0,20.21713547966954,75.91390868476732
sensor_only,rule,56,89,0,1,0,17.452347837021783,72.53004536446039
sensor_only,rule,57,132,0,1,0,13.201430974235759,81.05576804588843
sensor_only,rule,58,112,0,1,0,22.974154506310818,68.66416297468338
sensor_only,rule,59,110,0,1,0,22.37815374111905,67.91341862682845
sensor_only,rule,60,130,0,1,0,16.443532180927267,75.91935307364925
sensor_only,rule,61,124,0,1,0,19.162263383630464,79.13614115322193
sensor_only,rule,62,125,0,1,0,16.907915885244257,81.6147747266276
sensor_only,rule,63,108,0,1,0,22.956714821603985,63.953553530811114
sensor_only,rule,64,116,0,1,0,17.763345026089702,83.78561677182535
sensor_only,rule,65,124,0,1,0,19.47541830635112,76.53019986603525
sensor_only,rule,66,110,0,1,0,18.562300362978306,78.90259512987218
sensor_only,rule,67,136,0,1,0,13.637257195681169,75.47249362387328
sensor_only,rule,68,122,0,1,0,19.861564535149103,76.57576038758181
sensor_only,rule,69,132,0,1,0,14.38082988985139,78.07547629907123
sensor_only,rule,70,117,0,1,0,20.973309286436574,73.27198632363161
sensor_only,rule,71,131,0,1,0,16.32537673909315,76.19754026944179
sensor_only,rule,72,86,0,1,1,6.938020990732709,82.58539193459457
sensor_only,rule,73,127,0,1,0,17.42006544902423,77.77925273456297
sensor_only,rule,74,127,0,1,0,12.845309599855053,86.86551995350365
sensor_only,rule,75,91,0,1,1,6.5219550314353985,83.87101800784582
sensor_only,rule,76,119,0,1,0,18.435200770702828,81.73373233357358
sensor_only,rule,77,121,0,1,0,18.30005996374385,82.680914019441
sensor_only,rule,78,116,0,1,0,21.281167213408587,71.99826484896468
sensor_only,rule,79,86,0,1,0,17.43595764525947,70.58866551177852
sensor_only,rule,80,128,0,1,0,14.571264707866249,80.14353023117391
sensor_only,rule,81,91,0,1,0,9.262272100805422,78.67018679289299
sensor_only,rule,82,110,0,1,0,18.64208936649417,79.91464919049594
sensor_only,rule,83,91,0,1,0,8.59010979545917,81.26754433835188
sensor_only,rule,84,121,0,1,0,17.26662355448101,81.69617717124498
sensor_only,rule,85,126,0,1,0,18.146479209366337,78.4975075894532
sensor_only,rule,86,89,0,1,1,6.82437847010591,82.51219878928825
sensor_only,rule,87,110,0,1,0,21.15384867668133,67.89611952878657
sensor_only,rule,88,125,0,1,0,18.87899561257483,76.31927441677382
sensor_only,rule,89,124,0,1,0,18.46053559942981,75.92579764904929
sensor_only,rule,90,122,0,1,0,19.613434549631435,77.16034175706594
sensor_only,rule,91,123,0,1,0,19.37006469972912,79.73394687714058
sensor_only,rule,92,135,0,1,0,14.034528279978987,73.60047183061249
sensor_only,rule,93,124,0,1,0,14.155419517117261,86.91950703639668
sensor_only,rule,94,123,0,1,0,18.825773166680897,80.0392625880056
sensor_only,rule,95,110,0,1,0,22.478569403989308,66.9192200893337
sensor_only,rule,96,121,0,1,0,17.95603028576776,81.6908827136339
sensor_only,rule,97,126,0,1,0,15.553000774308295,80.87776808686618
sensor_only,rule,98,106,0,1,0,19.55695180475111,74.99552478533991
sensor_only,rule,99,124,0,1,0,18.50780510056767,78.61592102050673
sensor_only,rule,100,121,0,1,0,17.745469582039792,84.67885883833831
sensor_only,rule,101,85,0,1,0,9.244225890720998,78.60892186653147
sensor_only,rule,102,128,0,1,0,16.226415265118668,79.53714120398925
sensor_only,rule,103,126,0,1,0,17.412847276392238,76.67825987926756
sensor_only,rule,104,114,0,1,0,18.60216861181456,79.83095510845847
sensor_only,rule,105,106,0,1,0,23.004174555272396,64.69290089627037
sensor_only,rule,106,84,0,1,1,5.783347383753048,82.6229690781477
sensor_only,rule,107,127,0,1,0,16.6745200245052,77.16958904810656
sensor_only,rule,108,116,0,1,0,19.494696934902304,80.79845717433074
sensor_only,rule,109,123,0,1,0,19.446873652658546,78.65123092193252
sensor_only,rule,110,130,0,1,0,12.317863966876514,86.1035222977743
sensor_only,rule,111,135,0,1,0,14.31897670179542,76.01366996829705
sensor_only,rule,112,123,0,1,0,19.143167980099552,78.65047679603458
sensor_only,rule,113,129,0,1,0,17.49617499724813,75.43984637699754
sensor_only,rule,114,87,0,1,1,6.044505995511578,82.54607864432936
sensor_only,rule,115,126,0,1,0,17.253096821222847,80.89848562902652
sensor_only,rule,116,126,0,1,0,18.13030214720471,77.5826837190456
sensor_only,rule,117,86,0,1,0,9.941581004767782,78.59016553193874
sensor_only,rule,118,108,0,1,0,18.948546975478056,77.936324402959
sensor_only,rule,119,127,0,1,0,12.480560258176274,88.86930838708349
sensor_only,rule,120,86,0,1,1,6.359561095295548,82.5987722725761
sensor_only,rule,121,89,0,1,1,7.420094468833499,80.51253668352737
sensor_only,rule,122,86,0,1,1,5.428594886942555,82.5797590827402
sensor_only,rule,123,132,0,1,0,13.806989971438488,77.35636570322085
sensor_only,rule,124,127,0,1,0,14.243526772128707,83.8784821667415
sensor_only,rule,125,122,0,1,0,15.223579412088265,86.6522722001508
sensor_only,rule,126,107,0,1,0,23.90910951406598,62.05556477490572
sensor_only,rule,127,128,0,1,0,16.59063411491,80.13439923938051
sensor_only,rule,128,125,0,1,0,16.542396283238904,78.8987670398313
sensor_only,rule,129,91,0,1,0,8.65788293083585,80.97860848152428
sensor_only,rule,130,134,0,1,0,15.083000879944086,74.21442840990628
sensor_only,rule,131,123,0,1,0,17.11173415947761,81.63953808662478
sensor_only,rule,132,123,0,1,0,18.99135774118305,80.63645467118943
sensor_only,rule,133,122,0,1,0,14.477691255523178,89.656895713128
sensor_only,rule,134,126,0,1,0,13.045504495461552,88.87224698077968
sensor_only,rule,135,91,0,1,1,7.733287934754903,80.48752974172841
sensor_only,rule,136,130,0,1,0,16.813797171226593,77.11270419870722
sensor_only,rule,137,131,0,1,0,13.156373794946225,80.39245120035467
sensor_only,rule,138,121,0,1,0,19.865637605040217,76.69783445242038
sensor_only,rule,139,116,0,1,0,20.609861463700295,71.99594580224756
sensor_only,rule,140,127,0,1,0,16.336826765866626,80.87875321240205
sensor_only,rule,141,104,0,1,0,22.712627378212403,64.33460998650534
sensor_only,rule,142,92,0,1,1,6.988813215944578,85.07038313929634
sensor_only,rule,143,114,0,1,0,21.867173772461378,71.01892970930186
sensor_only,rule,144,86,0,1,1,6.442374407751477,82.56498465587164
sensor_only,rule,145,90,0,1,0,8.335965493012036,80.50592688053527
sensor_only,rule,146,126,0,1,0,14.48401714788551,83.87660485128549
sensor_only,rule,147,122,0,1,0,14.635341256845873,89.67354772901055
sensor_only,rule,148,127,0,1,0,15.355596592399529,80.85425860983892
sensor_only,rule,149,126,0,1,0,17.639712980146943,78.18707083982605
sensor_only,rule,150,122,0,1,0,20.39262348371649,78.27600128637619
sensor_only,rule,151,133,0,1,0,14.572497238756503,74.2500811571617
sensor_only,rule,152,125,0,1,0,19.206659623655263,75.31950132804204
sensor_only,rule,153,116,0,1,0,17.75963285985906,83.776437367384
sensor_only,rule,154,115,0,1,0,20.625104440386853,72.79848177902791
sensor_only,rule,155,114,0,1,0,21.531471500813534,71.61453331728603
sensor_only,rule,156,132,0,1,0,15.624939971969981,74.37877440308264
sensor_only,rule,157,114,0,1,0,21.664142410464393,71.91436189401418
sensor_only,rule,158,120,0,1,0,15.034759304816795,88.69817578846705
sensor_only,rule,159,122,0,1,0,17.53230190158153,80.96034755976984
sensor_only,rule,160,121,0,1,0,19.742828506465433,76.6764991087244
sensor_only,rule,161,114,0,1,0,21.119332751490756,70.72514770074739
sensor_only,rule,162,134,0,1,0,14.016884074514119,76.61636929684747
sensor_only,rule,163,87,0,1,0,11.580031115672151,78.56974773429623
sensor_only,rule,164,126,0,1,0,17.823458972494088,78.17628833534879
sensor_only,rule,165,128,0,1,0,16.691871226845194,77.7519415344953
sensor_only,rule,166,88,0,1,0,9.453389537228317,78.53642764119724
sensor_only,rule,167,124,0,1,0,19.210680488260987,76.91528462290516
sensor_only,rule,168,92,0,1,0,11.589760445352859,79.56726104545848
sensor_only,rule,169,120,0,1,0,21.057234356082756,75.60467385331415
sensor_only,rule,170,123,0,1,0,16.403022358614898,84.6582245496628
sensor_only,rule,171,121,0,1,0,20.783620090890807,77.67263347256527
sensor_only,rule,172,116,0,1,0,20.61046585277887,73.49017323973965
sensor_only,rule,173,123,0,1,0,20.257820655578012,78.94880046760343
sensor_only,rule,174,124,0,1,0,13.017896118293452,89.62898298743326
sensor_only,rule,175,116,0,1,0,20.53648449340167,72.78490113086247
sensor_only,rule,176,86,0,1,0,15.735807285337382,72.58894680116848
sensor_only,rule,177,133,0,1,0,15.015172276213448,74.2427366012123
sensor_only,rule,178,127,0,1,0,15.422554495859663,80.15133702769097
sensor_only,rule,179,124,0,1,0,14.550649519364812,85.92341649942347
sensor_only,rule,180,124,0,1,0,18.732436892523737,75.92612734009701
sensor_only,rule,181,123,0,1,0,16.789052069962125,84.65443171499446
sensor_only,rule,182,130,0,1,0,16.58795018684543,76.80186626392864
sensor_only,rule,183,119,0,1,0,15.516338628899094,86.71475863201327
sensor_only,rule,184,131,0,1,0,15.684927664278097,81.39723151086432
sensor_only,rule,185,122,0,1,0,19.51043826597834,78.05138191903049
sensor_only,rule,186,129,0,1,0,16.170745595473033,78.83710624717978
sensor_only,rule,187,130,0,1,0,16.82683930739886,76.19256866776252
sensor_only,rule,188,127,0,1,0,17.572461857513176,80.16617583564602
sensor_only,rule,189,133,0,1,0,13.934983725758904,74.24383317531684
sensor_only,rule,190,92,0,1,0,13.483440125602545,76.46912322637539
sensor_only,rule,191,109,0,1,0,19.159225591089044,78.92550260558123
sensor_only,rule,192,112,0,1,0,20.473030502253255,71.86467693562992
sensor_only,rule,193,137,0,1,0,13.840133799595057,71.57392651895915
sensor_only,rule,194,111,0,1,0,19.525310276031767,76.89731415568612
sensor_only,rule,195,92,0,1,0,9.85124754022728,83.06759653259375
sensor_only,rule,196,85,0,1,1,6.478167899411958,80.58693738859291
sensor_only,rule,197,123,0,1,0,14.000074492340412,89.6323238611736
sensor_only,rule,198,108,0,1,0,20.778156203538384,72.94750747447209
sensor_only,rule,199,114,0,1,0,20.381470196835856,74.82036862028362
